episode,stage_index,stage_name,goal_x,goal_y,goal_yaw,goal_mode,local_goal_dx,local_goal_dy,local_goal_dyaw,start_x,start_y,start_yaw,episode_reward,success,collision,timeout,path_length,min_obstacle_distance,initial_DG,final_DG,min_DG,goal_progress,close_obstacle_steps,narrow_gap_steps,waypoints_reached,waypoint_count,left_min_obstacle_distance,right_min_obstacle_distance,obstacle_exposure_met,rolling_obstacle_exposure_rate,eval_success_rate,eval_collision_rate,steps,rolling_success_rate,rolling_collision_rate,rolling_avg_steps,rolling_avg_reward,stage_status,actor_loss,critic_loss,alpha
0,5,hard_s_curve_sequences,-1.5999318455221234,-0.24999875588461,2.14161174385522e-06,local_goal_sequence,0.4,0.25,0.0,-0.55,1.75,-1.57,1100.1184674686078,True,False,False,1.3959532771510088,0.26090389490127563,0.4716990566028301,0.21725515247423854,0.21725515247423854,0.2544439041285916,143,49,3,4,0.3147193193435669,0.28380507230758667,True,1.0,,,164,1.0,0.0,164.0,1100.1184674686078,running,0.0,13149.4267578125,0.12444242089986801
1,5,hard_s_curve_sequences,-1.6499329043336133,-0.6999989852679787,2.3212833938527563e-06,local_goal_sequence,0.35,-0.2,0.0,1.05,1.25,-1.57,1113.6011841440522,True,False,False,1.9312869876538388,0.26667192578315735,0.40311288741492757,0.21709780134860965,0.21709780134860965,0.18601508606631792,182,35,3,4,0.2889299988746643,0.3783614933490753,True,1.0,,,200,1.0,0.0,182.0,1106.85982580633,running,0.0,6555.4033203125,0.14772368967533112
2,5,hard_s_curve_sequences,-1.649930763479138,-0.6999988973026872,2.194740858896542e-06,local_goal_sequence,0.35,-0.2,0.0,-1.05,-1.25,1.57,933.4471711648788,True,False,False,1.9667389340437884,0.1798943132162094,0.40311288741492746,0.21446356861193344,0.21446356861193344,0.18864931880299401,208,41,3,4,0.18402759730815887,0.4419495761394501,True,1.0,,,228,1.0,0.0,197.33333333333334,1049.055607592513,running,0.0,4951.271484375,0.14968734979629517
3,5,hard_s_curve_sequences,-1.5999317547176444,-0.24999876910755064,2.249129944728361e-06,local_goal_sequence,0.4,0.25,0.0,-1.05,1.25,-1.57,981.6825440722213,True,False,False,1.583618230033071,0.21569854021072388,0.47169905660283024,0.21551433113043125,0.21551433113043125,0.256184725472399,167,29,3,4,0.21672089397907257,0.3826717436313629,True,1.0,,,190,1.0,0.0,195.5,1032.21234171244,running,0.0,3753.73046875,0.13827762007713318
4,5,hard_s_curve_sequences,-1.599931744561418,-0.24999876815005534,2.238059795822684e-06,local_goal_sequence,0.4,0.25,0.0,-0.15,-1.25,1.57,966.3272142088377,True,False,False,1.4300851377514716,0.20261909067630768,0.4716990566028302,0.2150210839811519,0.2150210839811519,0.25667797262167824,150,43,3,4,0.2142440229654312,0.3960215449333191,True,1.0,,,175,1.0,0.0,191.4,1019.0353162117196,running,-200.89190673828125,2894.44384765625,0.1193932518362999
5,5,hard_s_curve_sequences,-1.6499338313289782,-0.29999897060561603,2.3423545677313217e-06,local_goal_sequence,0.35,0.2,0.0,-0.55,1.75,-1.57,-4.887542318978937,False,False,True,1.2758323130765294,0.31649184226989746,0.40311288741492735,1.5537464651041437,0.24380196172957247,-1.1506335776892165,135,60,1,4,0.33314934372901917,0.357686311006546,False,0.8333333333333334,,,250,0.8333333333333334,0.0,201.16666666666666,848.3815064566032,running,-146.01747131347656,105.49894714355469,0.09785986691713333
6,5,hard_s_curve_sequences,-1.6499316591466446,-0.2999988624421612,2.288332969071112e-06,local_goal_sequence,0.35,0.2,0.0,1.05,1.25,-1.57,-19.80679969866432,False,False,True,1.2621364234581702,0.19900618493556976,0.4031128874149277,1.679076186268533,0.24162929037353303,-1.2759632988536054,144,106,1,4,0.2090129256248474,0.24864479899406433,False,0.7142857142857143,,,250,0.7142857142857143,0.0,208.14285714285714,724.3546055772792,running,-145.11599731445312,70.70755767822266,0.08443684130907059
7,5,hard_s_curve_sequences,-1.5999306696339661,-0.749998782469867,2.2172841353383372e-06,local_goal_sequence,0.4,-0.25,0.0,-1.05,-1.25,1.57,-372.2946458902353,False,False,True,1.8215803069811702,0.12101331353187561,0.47169905660283007,0.22358894657487813,0.22358894657487813,0.24811011002795194,220,146,3,4,0.12105967849493027,0.12101331353187561,True,0.75,,,250,0.625,0.0,213.375,587.2734491438399,running,-187.52911376953125,1948.7646484375,0.07559030503034592
8,5,hard_s_curve_sequences,-1.6499310976375217,-0.2999990632011602,2.3884789277336732e-06,local_goal_sequence,0.35,0.2,0.0,1.05,1.25,-1.57,921.212203830143,True,False,False,1.4534359026270023,0.15511296689510345,0.4031128874149275,0.219899499200903,0.219899499200903,0.18321338821402453,169,55,3,4,0.16187737882137299,0.4542505741119385,True,0.7777777777777778,,,194,0.6666666666666666,0.0,211.22222222222223,624.3777552200959,running,-115.51481628417969,809.9671630859375,0.07060190290212631
9,5,hard_s_curve_sequences,-1.5999317652587144,-0.2499987717666267,2.231261595272491e-06,local_goal_sequence,0.4,0.25,0.0,-1.05,1.25,-1.57,-336.82298299279955,False,False,True,1.2316510903768714,0.12138998508453369,0.47169905660283024,0.25036016076664186,0.24083736900882682,0.22133889583618838,212,4,1,4,0.12864083051681519,0.1255316436290741,False,0.7,,,250,0.6,0.0,215.1,528.2576813988063,running,-76.58763885498047,2510.634765625,0.06462779641151428
10,5,hard_s_curve_sequences,-1.6499309035838285,-0.6999988485496693,2.1350622602795306e-06,local_goal_sequence,0.35,-0.2,0.0,0.55,1.75,-1.57,20.390866600304342,False,False,True,1.244164030524716,0.25569549202919006,0.40311288741492746,1.2105809672504468,0.24424328933545977,-0.8074680798355194,220,20,2,4,0.5713655948638916,0.264803409576416,False,0.6363636363636364,,,250,0.5454545454545454,0.0,218.27272727272728,482.0879709625788,running,-35.1392707824707,476.4461975097656,0.05747635290026665
11,5,hard_s_curve_sequences,-1.64993101492492,-0.29999934758058694,2.6987324261403726e-06,local_goal_sequence,0.35,0.2,0.0,-0.55,1.75,-1.57,19.759078852818597,False,False,True,1.143883204272854,0.26601484417915344,0.4031128874149275,1.588986090784835,0.24052797616455673,-1.1858732033699075,151,75,1,4,0.29200753569602966,0.29144415259361267,False,0.5833333333333334,,,250,0.5,0.0,220.91666666666666,443.5605632867655,running,-24.732820510864258,111.01359558105469,0.051810551434755325
12,5,hard_s_curve_sequences,-1.599931754669892,-0.24999878507231624,2.1949344601459146e-06,local_goal_sequence,0.4,0.25,0.0,-0.15,1.25,-1.57,8.079061391357811,False,False,True,1.0586029904359258,0.40468311309814453,0.47169905660283024,1.3742652575699743,0.24159341599810302,-0.902566200967144,128,53,1,4,0.44873368740081787,0.4284798800945282,False,0.5384615384615384,,,250,0.46153846153846156,0.0,223.15384615384616,410.061986217888,running,-43.07465362548828,88.72425842285156,0.049581605941057205
13,5,hard_s_curve_sequences,-1.6499308633744785,-0.6999991153972921,2.5337353677908904e-06,local_goal_sequence,0.35,-0.2,0.0,1.05,-1.25,1.57,0.8212218859416325,False,False,True,1.1684409194961516,0.3900224566459656,0.40311288741492757,1.370967442517727,0.37204681554436975,-0.9678545551027994,115,3,0,4,0.3900224566459656,0.6501358151435852,False,0.5,,,250,0.42857142857142855,0.0,225.07142857142858,380.83050305132036,running,-56.73817443847656,153.35418701171875,0.047228872776031494
14,5,hard_s_curve_sequences,-1.649936364610868,-0.6999988623406854,2.1858672027934657e-06,local_goal_sequence,0.35,-0.2,0.0,-1.05,1.25,-1.57,42.57866599354701,False,False,True,1.197206597366137,0.41122016310691833,0.40311288741492757,0.5446711208169903,0.24077981578422092,-0.14155823340206275,166,0,1,4,0.4225579500198364,0.6152136921882629,False,0.4666666666666667,,,250,0.4,0.0,226.73333333333332,358.28038058080216,running,-47.450504302978516,149.50836181640625,0.044577326625585556
15,5,hard_s_curve_sequences,-1.5999306542697445,-0.7499987892554453,2.207984518422904e-06,local_goal_sequence,0.4,-0.25,0.0,-0.55,-1.75,1.57,33.512942685445786,False,False,True,1.1314905530200974,0.3659583628177643,0.47169905660283024,0.5823431613585467,0.24387398059619955,-0.11064410475571645,199,0,1,4,0.3943059742450714,0.5770407319068909,False,0.4375,,,250,0.375,0.0,228.1875,337.98241571234234,running,-56.136783599853516,200.27886962890625,0.04277880862355232
16,5,hard_s_curve_sequences,-1.6499372592086805,-0.6999988920360065,2.0938591096341454e-06,local_goal_sequence,0.35,-0.2,0.0,-1.05,1.25,-1.57,71.58184978268521,False,False,True,1.3077429829947365,0.25971511006355286,0.4031128874149274,0.42269596979635204,0.24548796762634614,-0.019583082381424644,201,56,2,4,0.29690226912498474,0.46808117628097534,False,0.4117647058823529,,,250,0.35294117647058826,0.0,229.47058823529412,322.31179418706836,running,-49.821807861328125,231.67889404296875,0.041789185255765915
17,5,hard_s_curve_sequences,-1.6499307695873948,-0.29999868444780436,2.3618550769887423e-06,local_goal_sequence,0.35,0.2,0.0,1.05,-1.25,1.57,-3.9752652472804044,False,False,True,1.2404001995244458,0.43912357091903687,0.40311288741492746,1.425803329768274,0.2439418154497848,-1.0226904423533465,167,12,1,4,0.5615355968475342,0.4620741307735443,False,0.3888888888888889,,,250,0.3333333333333333,0.0,230.61111111111111,304.18473532960456,running,-55.51542663574219,52.288970947265625,0.03955996036529541
18,5,hard_s_curve_sequences,-1.6499307368008165,-0.6999988823053739,2.2391046328806815e-06,local_goal_sequence,0.35,-0.2,0.0,-1.05,-1.25,1.57,-379.4246637299277,False,False,True,1.263081004656796,0.12103645503520966,0.40311288741492746,1.2375128373894317,0.2503528193333461,-0.8343999499745043,216,169,1,4,0.1234397441148758,0.12159039825201035,False,0.3684210526315789,,,250,0.3157894736842105,0.0,231.6315789473684,268.2052932738397,running,-49.56608581542969,50.381649017333984,0.037037935107946396
19,5,hard_s_curve_sequences,-1.5999339948685602,-0.24999891422747372,2.3449128641655135e-06,local_goal_sequence,0.4,0.25,0.0,-0.15,-1.25,1.57,7.503378875706105,False,False,True,1.0336094583298205,0.23947007954120636,0.4716990566028303,0.8491583004397895,0.24748265417365983,-0.37745924383695917,218,0,1,4,0.7351951003074646,0.26363757252693176,False,0.35,,,250,0.3,0.0,232.55,255.17019755393304,running,-27.586929321289062,63.17193603515625,0.03504794090986252
20,5,hard_s_curve_sequences,-1.6499316561559993,-0.29999891330211936,2.1470416906965395e-06,local_goal_sequence,0.35,0.2,0.0,-0.55,1.75,-1.57,32.1755900031691,False,False,True,1.3558215804118272,0.3006846010684967,0.4031128874149273,0.6198618036315294,0.2443667897042234,-0.21674891621660214,216,14,2,4,0.3831445872783661,0.3227168619632721,False,0.3333333333333333,,,250,0.2857142857142857,0.0,233.38095238095238,244.5514067181824,running,-35.88517761230469,181.46087646484375,0.0339190699160099
21,5,hard_s_curve_sequences,-1.6499316598962517,-0.29999890700158716,2.177175407340917e-06,local_goal_sequence,0.35,0.2,0.0,-0.55,1.75,-1.57,23.14835852560426,False,False,True,1.1583688111502104,0.3429850935935974,0.40311288741492746,0.6067428094991714,0.24334943091197084,-0.2036299220842439,216,2,2,4,0.3429850935935974,0.483442097902298,False,0.3181818181818182,,,250,0.2727272727272727,0.0,234.13636363636363,234.48763180033794,running,-21.157339096069336,110.06179809570312,0.03353964537382126
22,5,hard_s_curve_sequences,-1.5999295066168153,-0.7499989118842032,2.271733224194973e-06,local_goal_sequence,0.4,-0.25,0.0,-1.05,-1.25,1.57,29.98935656293282,False,False,True,1.2478363176458445,0.30546706914901733,0.4716990566028301,0.8678751464094869,0.2444507534253536,-0.3961760898066568,245,0,1,4,0.7726128101348877,0.33207470178604126,False,0.30434782608695654,,,250,0.2608695652173913,0.0,234.82608695652175,225.59640244218988,running,-41.42873001098633,803.0037841796875,0.03304765000939369
23,5,hard_s_curve_sequences,-1.5999317605841,-0.2499987770922238,2.248154555814803e-06,local_goal_sequence,0.4,0.25,0.0,0.55,1.75,-1.57,5.08188515788251,False,False,True,1.0879621310440608,0.36855682730674744,0.4716990566028302,1.1046114822798985,0.24210334442831405,-0.6329124256770683,188,0,1,4,0.7167187333106995,0.40934014320373535,False,0.2916666666666667,,,250,0.25,0.0,235.45833333333334,216.40829755534375,running,-3.8036856651306152,44.52850341796875,0.03109157830476761
24,5,hard_s_curve_sequences,-1.5999306737547907,-0.7499987831023569,2.2088249736315636e-06,local_goal_sequence,0.4,-0.25,0.0,0.55,1.75,-1.57,17.45337910151043,False,False,True,1.2158305671755878,0.48904192447662354,0.4716990566028302,0.6826704901228281,0.2428796638333441,-0.21097143351999792,148,0,1,4,0.6314272880554199,0.5443161129951477,False,0.28,,,250,0.24,0.0,236.04,208.4501008171904,running,-16.209203720092773,23.428768157958984,0.028404999524354935
25,5,hard_s_curve_sequences,-1.5999317853145385,-0.2499987959062713,2.1821308244246255e-06,local_goal_sequence,0.4,0.25,0.0,0.55,-1.75,1.57,19.370432664597516,False,False,True,1.0388183892333134,0.3400622010231018,0.4716990566028303,0.9424005959403822,0.24030844620812877,-0.4707015393375519,215,0,1,4,0.705166220664978,0.36042749881744385,False,0.24,,,250,0.2,0.0,239.48,165.22017942502995,running,-12.091822624206543,45.452903747558594,0.02525016851723194
26,5,hard_s_curve_sequences,-1.5999339217816901,-0.24999885690595255,2.3720016693124674e-06,local_goal_sequence,0.4,0.25,0.0,1.05,1.25,-1.57,16.21023573313886,False,False,True,1.1577920532251997,0.4773760437965393,0.4716990566028301,1.2355576330449363,0.24195151292415065,-0.7638585764421062,171,23,1,4,0.4773760437965393,0.5040328502655029,False,0.2,,,250,0.16,0.0,241.48,121.3245414885935,running,-13.627820014953613,36.27318572998047,0.023487722501158714
27,5,hard_s_curve_sequences,-1.6499316630658398,-0.2999988858764786,2.229101530323169e-06,local_goal_sequence,0.35,0.2,0.0,-1.05,1.25,-1.57,52.979933197968876,False,False,True,1.0847487293080549,0.32683172821998596,0.40311288741492746,0.7366317164077326,0.2401552837332467,-0.33351882899280516,194,51,2,4,0.537638783454895,0.34910109639167786,False,0.16,,,250,0.12,0.0,242.36,86.10585196991711,running,-10.616415977478027,70.93011474609375,0.021759379655122757
28,5,hard_s_curve_sequences,-1.599931749724504,-0.2499988078533301,2.1668115463482956e-06,local_goal_sequence,0.4,0.25,0.0,-1.05,-1.25,1.57,-0.5318587903608858,False,False,True,1.0269516191004617,0.22713221609592438,0.47169905660283035,0.7963801277728272,0.2406194477212701,-0.32468107116999684,209,0,1,4,0.6950132846832275,0.24971045553684235,False,0.12,,,250,0.08,0.0,244.76,46.81727585541376,running,-32.29188919067383,245.017578125,0.02156832441687584
29,5,hard_s_curve_sequences,-1.5999294149068495,-0.7499988525218911,2.3905592564667673e-06,local_goal_sequence,0.4,-0.25,0.0,-0.15,1.25,-1.57,29.79925663290991,False,False,True,1.4769411640118857,0.35570475459098816,0.4716990566028302,1.2265207098583248,0.24647566619084724,-0.7548216532554947,178,7,1,4,0.6359459161758423,0.387134313583374,False,0.08,,,250,0.04,0.0,247.76,9.356157552376665,running,-23.174707412719727,38.73402404785156,0.02114374376833439
30,5,hard_s_curve_sequences,-1.5999377005776954,-0.7499987092333191,2.1157763089775897e-06,local_goal_sequence,0.4,-0.25,0.0,-0.55,1.75,-1.57,31.106396694311606,False,False,True,1.209197678192074,0.41981425881385803,0.47169905660283007,1.0095451843350147,0.24542875502779601,-0.5378461277321847,155,0,1,4,0.6509125828742981,0.45664602518081665,False,0.08,,,250,0.04,0.0,247.76,10.795915112908288,running,-21.59765625,29.661373138427734,0.01910978928208351
31,5,hard_s_curve_sequences,-1.6499307992083152,-0.6999989120040648,2.176600385668217e-06,local_goal_sequence,0.35,-0.2,0.0,-0.15,-1.25,1.57,39.23812630779738,False,False,True,1.2304459378797956,0.3414275050163269,0.4031128874149275,0.9241692195206336,0.24688390670509539,-0.521056332105706,179,0,1,4,0.7160390615463257,0.35953089594841003,False,0.08,,,250,0.04,0.0,247.76,13.157712153166758,running,-43.6912841796875,17.51407241821289,0.018092399463057518
32,5,hard_s_curve_sequences,-1.5999339220989213,-0.24999884058449656,2.380997545989543e-06,local_goal_sequence,0.4,0.25,0.0,-0.55,-1.75,1.57,25.190204781037103,False,False,True,1.1650839610986856,0.4043915271759033,0.4716990566028302,0.9970820493505607,0.24262927793153055,-0.5253829927477305,158,0,1,4,0.6852427124977112,0.4213677942752838,False,0.04,,,250,0.04,0.0,247.76,29.05710618001766,running,-17.66048812866211,26.093164443969727,0.017209716141223907
33,5,hard_s_curve_sequences,-1.5999339261236147,-0.24999886289917803,2.3387993583362792e-06,local_goal_sequence,0.4,0.25,0.0,-0.55,-1.75,1.57,-44.82400513800592,False,False,True,0.7919750034061065,0.22402766346931458,0.47169905660283,0.30603446027672154,0.24251516406574658,0.16566459632610847,206,0,1,4,0.22402766346931458,0.35302048921585083,False,0.0,,,250,0.0,0.0,250.0,-9.58434217870831,running,-15.980632781982422,143.94537353515625,0.016818726435303688
34,5,hard_s_curve_sequences,-1.649931649628552,-0.2999988677287214,2.2700785886517956e-06,local_goal_sequence,0.35,0.2,0.0,-0.15,-1.25,1.57,51.840157449897255,False,False,True,0.9629363838720049,0.3330201208591461,0.4031128874149275,0.38292829957243846,0.24005609444886758,0.020184587842489055,196,72,2,4,0.3330201208591461,0.45326611399650574,False,0.0,,,250,0.0,0.0,250.0,5.962183438999567,running,-11.88359260559082,291.0714111328125,0.01765407808125019
35,5,hard_s_curve_sequences,-1.59993065286086,-0.7499987711512003,2.2532603713227712e-06,local_goal_sequence,0.4,-0.25,0.0,0.55,1.75,-1.57,-22.889283692959893,False,False,True,1.4127728620733737,0.2292984277009964,0.47169905660283007,0.8167295478386024,0.2402749004293345,-0.34503049123577234,220,33,2,4,0.4732954204082489,0.2713273763656616,False,0.0,,,250,0.0,0.0,250.0,4.230977427268999,running,14.042123794555664,93.94346618652344,0.019899334758520126
36,5,hard_s_curve_sequences,-1.5999307603018085,-0.7499987547830571,2.1391066406907748e-06,local_goal_sequence,0.4,-0.25,0.0,0.55,1.75,-1.57,-17.083286606054028,False,False,True,1.625845320796183,0.35203757882118225,0.4716990566028301,1.6584413826915236,0.4632993527238064,-1.1867423260886936,200,0,0,4,0.35203757882118225,0.7224087119102478,False,0.0,,,250,0.0,0.0,250.0,2.757282808914093,running,-20.7940731048584,84.14280700683594,0.020543567836284637
37,5,hard_s_curve_sequences,-1.6499307790483326,-0.6999989092998428,2.1601827115492917e-06,local_goal_sequence,0.35,-0.2,0.0,-1.05,1.25,-1.57,-575.9159397518049,False,False,True,1.4051456859677967,0.12132707983255386,0.4031128874149275,0.8550832063027152,0.39488277812477635,-0.45197031888778766,226,127,0,4,0.13894392549991608,0.12237387895584106,False,0.0,,,250,0.0,0.0,250.0,-20.602517236812414,running,18.217805862426758,192.4995880126953,0.020936239510774612
38,5,hard_s_curve_sequences,-1.5999305967602333,-0.7499980967056067,2.9594565292260663e-06,local_goal_sequence,0.4,-0.25,0.0,-0.55,-1.75,1.57,-250.1824251942202,False,False,True,1.2679459398101514,0.12129994481801987,0.47169905660283035,1.4306989697472565,0.4459211099195413,-0.9589999131444262,243,95,0,4,0.1331702172756195,0.12319689244031906,False,0.0,,,250,0.0,0.0,250.0,-30.642663120018888,running,-0.7495642304420471,76.21749114990234,0.022136565297842026
39,5,hard_s_curve_sequences,-1.5999326421900737,-0.7499988083454193,2.385176393089572e-06,local_goal_sequence,0.4,-0.25,0.0,0.55,-1.75,1.57,-198.1623339096755,False,False,True,1.5559332448520156,0.12112100422382355,0.4716990566028302,1.3976088532956283,0.4596158365696546,-0.9259097966927982,250,80,0,4,0.14789541065692902,0.12216337770223618,False,0.0,,,250,0.0,0.0,250.0,-40.27230311614779,running,24.44002914428711,53.964256286621094,0.021952716633677483
40,5,hard_s_curve_sequences,-1.6499337591745202,-0.299999003849109,2.3215151644754477e-06,local_goal_sequence,0.35,0.2,0.0,-0.55,-1.75,1.57,9.318244933424204,False,False,True,1.1034061962754416,0.48480358719825745,0.40311288741492746,1.302706672605429,0.24068415094399093,-0.8995937851905016,101,0,1,4,0.5575870275497437,0.6416036486625671,False,0.0,,,250,0.0,0.0,250.0,-41.24009102622865,running,-1.713547945022583,48.87223434448242,0.02197267860174179
41,5,hard_s_curve_sequences,-1.6499316461539415,-0.29999887943865766,2.2366566414544534e-06,local_goal_sequence,0.35,0.2,0.0,-1.05,1.25,-1.57,11.189896285686935,False,False,True,1.094579619126138,0.4773031771183014,0.40311288741492757,1.2812677159307573,0.24268574610346766,-0.8781548285158297,92,0,1,4,0.601135790348053,0.6214626431465149,False,0.0,,,250,0.0,0.0,250.0,-43.655769166108584,running,4.712217330932617,95.14590454101562,0.022145334631204605
42,5,hard_s_curve_sequences,-1.649932880886502,-0.6999989899770384,2.32231405637452e-06,local_goal_sequence,0.35,-0.2,0.0,-1.05,-1.25,1.57,-12.207335642506145,False,False,True,1.260205915013254,0.405364453792572,0.4031128874149275,1.2881064996888194,0.39704924572784017,-0.884993612273892,250,0,0,4,0.41555431485176086,0.8186400532722473,False,0.0,,,250,0.0,0.0,250.0,-43.985051981917614,running,-0.8496270775794983,45.322296142578125,0.0208356324583292
43,5,hard_s_curve_sequences,-1.649932790382612,-0.2999990700996501,2.557047527923899e-06,local_goal_sequence,0.35,0.2,0.0,-0.55,1.75,-1.57,1.918031863236891,False,False,True,0.9923966697027478,0.48142215609550476,0.40311288741492735,1.1316915853093155,0.2400858034592938,-0.7285786978943881,58,0,1,4,0.6677762866020203,0.6292961835861206,False,0.0,,,250,0.0,0.0,250.0,-28.73134415819102,running,24.925966262817383,239.08135986328125,0.01991523616015911
44,5,hard_s_curve_sequences,-1.59993183483277,-0.24999878841515524,2.070201144377732e-06,local_goal_sequence,0.4,0.25,0.0,-1.05,-1.25,1.57,35.148531777522706,False,False,True,0.939285333287601,0.2911229431629181,0.4716990566028301,0.7546035868827177,0.24179246647182975,-0.28290453027988754,207,0,1,4,0.7049073576927185,0.335246741771698,False,0.0,,,250,0.0,0.0,250.0,-27.62553804211836,running,2.7446975708007812,29.075878143310547,0.01906946860253811
45,5,hard_s_curve_sequences,-1.5999317824775592,-0.24999879403492334,2.183341803923498e-06,local_goal_sequence,0.4,0.25,0.0,-0.15,1.25,-1.57,15.954956101369312,False,False,True,0.9669546913625878,0.47832316160202026,0.4716990566028302,0.91536323987378,0.24087171994245293,-0.4436641832709498,157,0,1,4,0.5941678285598755,0.5680643916130066,False,0.0,,,250,0.0,0.0,250.0,-28.274363398190353,running,14.069559097290039,24.45290756225586,0.018202930688858032
46,5,hard_s_curve_sequences,-1.5999317764367933,-0.24999875891261394,2.2620939277211783e-06,local_goal_sequence,0.4,0.25,0.0,-0.55,1.75,-1.57,31.943417702691306,False,False,True,0.9501686585147839,0.376395583152771,0.47169905660283024,0.8641187487314471,0.2411427242864751,-0.3924196921286169,168,0,1,4,0.701808512210846,0.40814733505249023,False,0.0,,,250,0.0,0.0,250.0,-27.92256103110687,running,8.80082893371582,23.550338745117188,0.01640007644891739
47,5,hard_s_curve_sequences,-1.5999317433341183,-0.24999877058586614,2.2406896614019723e-06,local_goal_sequence,0.4,0.25,0.0,-0.15,-1.25,1.57,26.112591900278986,False,False,True,1.0527619774223058,0.3366166353225708,0.4716990566028302,0.9254724457846889,0.2453358336758948,-0.4537733891818587,188,0,1,4,0.6992304921150208,0.3774978220462799,False,0.0,,,250,0.0,0.0,250.0,-28.07763161761302,running,10.214863777160645,43.966487884521484,0.015666203573346138
48,5,hard_s_curve_sequences,-1.6499308620872428,-0.6999988446678186,2.2036413763475407e-06,local_goal_sequence,0.35,-0.2,0.0,-0.15,-1.25,1.57,13.083388885340796,False,False,True,0.9172374881938906,0.3385915458202362,0.40311288741492735,0.8953370517853824,0.24517794369262588,-0.492224164370455,152,13,1,4,0.6426223516464233,0.36695396900177,False,0.0,,,250,0.0,0.0,250.0,-27.757571468514694,running,27.320894241333008,18.447494506835938,0.016114603728055954
49,5,hard_s_curve_sequences,-1.6499307944513777,-0.6999989185737145,2.1432361046605038e-06,local_goal_sequence,0.35,-0.2,0.0,-0.15,-1.25,1.57,9.260297386116981,False,False,True,0.9813333164040574,0.4681701064109802,0.40311288741492735,0.6171264155131622,0.24200494710957848,-0.21401352809823482,148,11,1,4,0.6941741704940796,0.5097862482070923,False,0.0,,,250,0.0,0.0,250.0,-28.085294737130425,running,4.961608409881592,68.44529724121094,0.01552257128059864
50,5,hard_s_curve_sequences,-1.64993986596796,-0.2999987995765541,2.1061867259032068e-06,local_goal_sequence,0.35,0.2,0.0,-1.05,1.25,-1.57,13.521293030751302,False,False,True,1.1261401530459763,0.48436757922172546,0.4031128874149274,1.274922336351158,0.24069502124025385,-0.8718094489362305,133,0,1,4,0.6083248257637024,0.5341876745223999,False,0.0,,,250,0.0,0.0,250.0,-28.319260322484276,running,18.224205017089844,47.34613800048828,0.016128871589899063
51,5,hard_s_curve_sequences,-1.5999317512754392,-0.24999880131645008,2.168029247505408e-06,local_goal_sequence,0.4,0.25,0.0,-0.15,1.25,-1.57,23.447208480562473,False,False,True,0.9395448833248796,0.4570528566837311,0.47169905660283024,0.9817350946052825,0.24041617520843464,-0.5100360380024522,149,0,1,4,0.6834380626678467,0.5033490657806396,False,0.0,,,250,0.0,0.0,250.0,-28.02978141258733,running,13.139754295349121,38.263675689697266,0.01714845933020115
52,5,hard_s_curve_sequences,-1.6499308520539377,-0.6999988558469992,2.1694195884164343e-06,local_goal_sequence,0.35,-0.2,0.0,0.55,-1.75,1.57,7.545196185453648,False,False,True,1.1242827115390117,0.47285014390945435,0.4031128874149274,1.2230692739842097,0.37481875067615883,-0.8199563865692823,151,0,0,4,0.640424907207489,0.5061793923377991,False,0.0,,,250,0.0,0.0,250.0,-29.84717089308794,running,-1.975765585899353,35.390018463134766,0.016939859837293625
53,5,hard_s_curve_sequences,-1.6499307581363412,-0.6999988669751444,2.270236710259981e-06,local_goal_sequence,0.35,-0.2,0.0,1.05,-1.25,1.57,15.842113175864604,False,False,True,0.9243171096934801,0.445138156414032,0.4031128874149273,1.0002685782352148,0.38168001754601283,-0.5971556908202875,202,0,0,4,0.8918806910514832,0.4516291618347168,False,0.0,,,250,0.0,0.0,250.0,-29.19221201443892,running,-5.382319927215576,105.81764221191406,0.016961852088570595
54,5,hard_s_curve_sequences,-1.5999317575712313,-0.24999879129000385,2.205387055657592e-06,local_goal_sequence,0.4,0.25,0.0,-0.55,1.75,-1.57,13.762126250856234,False,False,True,1.1705706557201803,0.28705909848213196,0.4716990566028302,1.0388257690768112,0.2434876910960096,-0.567126712473981,166,10,1,4,0.47300660610198975,0.3215765058994293,False,0.0,,,250,0.0,0.0,250.0,-29.833697229721064,running,6.139507293701172,54.35398864746094,0.016667913645505905
55,5,hard_s_curve_sequences,-1.5999318425727735,-0.24999873494049785,2.187671821480973e-06,local_goal_sequence,0.4,0.25,0.0,-1.05,1.25,-1.57,20.85331648991415,False,False,True,1.1986624233945036,0.4195476174354553,0.47169905660283024,0.846879917116051,0.24231793024288892,-0.3751808605132208,129,12,1,4,0.6483632922172546,0.45577824115753174,False,0.0,,,250,0.0,0.0,250.0,-30.24382043789696,running,10.06847095489502,36.5307731628418,0.015149541199207306
56,5,hard_s_curve_sequences,-1.6499316378110565,-0.2999988810007984,2.232975755847857e-06,local_goal_sequence,0.35,0.2,0.0,0.55,1.75,-1.57,10.548409408143925,False,False,True,1.3324623541472387,0.48811841011047363,0.4031128874149276,1.2677062386383555,0.2424798953319534,-0.8645933512234278,132,3,1,4,0.6144831776618958,0.5242214202880859,False,0.0,,,250,0.0,0.0,250.0,-31.391409113883107,running,-1.7424157857894897,35.69878387451172,0.014137688092887402
57,5,hard_s_curve_sequences,-1.5999306498394013,-0.7499987871874126,2.203605583317104e-06,local_goal_sequence,0.4,-0.25,0.0,0.55,1.75,-1.57,21.270904747130068,False,False,True,1.3654974843055192,0.28543904423713684,0.47169905660283024,1.0707356043347502,0.24042911446528617,-0.5990365477319199,231,16,2,4,0.6169153451919556,0.34118616580963135,False,0.0,,,250,0.0,0.0,250.0,-31.54818111523939,running,1.4830654859542847,22.70596694946289,0.013720226474106312
58,5,hard_s_curve_sequences,-1.5999325925484336,-0.24999894616274654,2.343775970800129e-06,local_goal_sequence,0.4,0.25,0.0,-0.55,-1.75,1.57,23.500484412954044,False,False,True,1.312792720806111,0.29041019082069397,0.4716990566028303,1.0406540726004132,0.24153623433979823,-0.5689550159975829,192,0,1,4,0.7069195508956909,0.2942954897880554,False,0.0,,,250,0.0,0.0,250.0,-28.815201533200987,running,-16.894134521484375,12.028526306152344,0.013715850189328194
59,5,hard_s_curve_sequences,-1.6499316426097999,-0.29999889431424354,2.213151710310736e-06,local_goal_sequence,0.35,0.2,0.0,0.55,1.75,-1.57,5.862385669682126,False,False,True,1.1694060201729268,0.2747982144355774,0.40311288741492735,1.1296947288343069,0.24210762041933293,-0.7265818414193795,198,0,1,4,0.7481158971786499,0.29060620069503784,False,0.0,,,250,0.0,0.0,250.0,-30.6543124044096,running,-5.459018707275391,240.41036987304688,0.013651592656970024
60,5,hard_s_curve_sequences,-1.64993286021709,-0.6999989545804114,2.4111897095409162e-06,local_goal_sequence,0.35,-0.2,0.0,-1.05,-1.25,1.57,1094.0697097083028,True,False,False,1.3028612648358224,0.29758939146995544,0.4031128874149275,0.21838288570065764,0.21838288570065764,0.18473000171426987,145,68,3,4,0.31336456537246704,0.43745991587638855,True,0.04,,,161,0.04,0.0,246.44,14.024047331640908,running,0.0,536.2301025390625,0.014785793609917164
61,5,hard_s_curve_sequences,-1.599931417400992,-0.2499989439826313,2.3843250870772056e-06,local_goal_sequence,0.4,0.25,0.0,1.05,-1.25,1.57,6.567244138759534,False,False,True,1.0116230387931522,0.4868910312652588,0.4716990566028303,0.7998587724576391,0.2445612003528239,-0.32815971585480885,110,0,1,4,0.6405231356620789,0.5676249265670776,False,0.04,,,250,0.04,0.0,246.44,14.970068561433454,running,0.0,99.70718383789062,0.01598201133310795
62,5,hard_s_curve_sequences,-1.5999339480710002,-0.2499988424448815,2.3915636516280335e-06,local_goal_sequence,0.4,0.25,0.0,-0.15,1.25,-1.57,4.051628313259087,False,False,True,0.9838465626374744,0.4788796901702881,0.4716990566028301,0.9134497741081647,0.2458313553967957,-0.4417507175053346,199,0,1,4,0.7162124514579773,0.5228762030601501,False,0.04,,,250,0.04,0.0,246.44,38.168771284036005,running,0.0,56.27178955078125,0.017169594764709473
63,5,hard_s_curve_sequences,-1.599933954566357,-0.2499988570809631,2.3624076523261672e-06,local_goal_sequence,0.4,0.25,0.0,-0.15,-1.25,1.57,7.683607408250737,False,False,True,0.9534693792416339,0.48661988973617554,0.47169905660283024,0.9937308799632713,0.24451011354403412,-0.5220318233604411,146,0,1,4,0.6938855648040771,0.5557589530944824,False,0.04,,,250,0.04,0.0,246.44,48.48341258813484,running,0.0,67.8984146118164,0.01848330907523632
64,5,hard_s_curve_sequences,-1.5999317457889703,-0.2499987707010548,2.2393417755523658e-06,local_goal_sequence,0.4,0.25,0.0,-0.55,-1.75,1.57,24.061147298224157,False,False,True,0.8521227108981267,0.48505184054374695,0.47169905660283035,0.8987454316589988,0.24275836608382068,-0.42704637505616844,149,0,1,4,0.6393805146217346,0.5755119323730469,False,0.04,,,250,0.04,0.0,246.44,57.37235183645083,running,0.0,88.0302734375,0.018221810460090637
65,5,hard_s_curve_sequences,-1.5999317575226872,-0.2499987824896927,2.199515225300287e-06,local_goal_sequence,0.4,0.25,0.0,-1.05,1.25,-1.57,7.443622721998054,False,False,True,1.1824030372389782,0.4834918677806854,0.47169905660283024,0.9831157556332192,0.24487368734914408,-0.511416699030389,203,0,1,4,0.7354130148887634,0.5196978449821472,False,0.04,,,250,0.04,0.0,246.44,57.29736694799379,running,0.0,43.403587341308594,0.017031243070960045
66,5,hard_s_curve_sequences,-1.6499304803293315,-0.2999991507431437,2.3847527346818593e-06,local_goal_sequence,0.35,0.2,0.0,-0.15,-1.25,1.57,-4.400474199333935,False,False,True,1.0712074719847218,0.4308589994907379,0.40311288741492746,1.213034739686809,0.24314024588984698,-0.8099218522718816,176,0,1,4,0.7812954783439636,0.4531222879886627,False,0.04,,,250,0.04,0.0,246.44,56.673752128592945,running,0.0,31.573219299316406,0.017020372673869133
67,5,hard_s_curve_sequences,-1.6499316613966517,-0.2999988780879756,2.2675534769560756e-06,local_goal_sequence,0.35,0.2,0.0,1.05,-1.25,1.57,32.80123400742179,False,False,True,0.8220327525300107,0.27539220452308655,0.4031128874149274,0.5029896840685462,0.24173635716927602,-0.09987679665361876,128,82,2,4,0.5757455825805664,0.3218294680118561,False,0.04,,,250,0.04,0.0,246.44,58.47409491459006,running,0.0,30.9298095703125,0.016119208186864853
68,5,hard_s_curve_sequences,-1.6499307792770932,-0.6999988887292452,2.225331793837365e-06,local_goal_sequence,0.35,-0.2,0.0,0.55,1.75,-1.57,22.842962555176086,False,False,True,1.2103979271215723,0.2427847981452942,0.40311288741492746,0.9151870866381093,0.24070194358956754,-0.5120741992231819,231,43,2,4,0.5010049343109131,0.2691633999347687,False,0.04,,,250,0.04,0.0,246.44,59.311092142267626,running,0.0,16.80174446105957,0.015041864477097988
69,5,hard_s_curve_sequences,-1.6499316425037946,-0.29999890586980904,2.1805101258691743e-06,local_goal_sequence,0.35,0.2,0.0,0.55,1.75,-1.57,28.295037341950632,False,False,True,1.1696249746502905,0.31782373785972595,0.4031128874149274,0.7161990114122683,0.2408618296005352,-0.31308612399734087,171,53,2,4,0.6116456985473633,0.36644595861434937,False,0.04,,,250,0.04,0.0,246.44,59.03695236484476,running,0.0,99.21391296386719,0.014077099040150642
70,5,hard_s_curve_sequences,-1.5999317565293145,-0.24999881263237847,2.133063002411781e-06,local_goal_sequence,0.4,0.25,0.0,1.05,1.25,-1.57,1107.5736207670222,True,False,False,1.3237820440917945,0.24074973165988922,0.47169905660283007,0.21945610178600322,0.21945610178600322,0.25224295481682685,194,97,3,4,0.40069112181663513,0.26221874356269836,True,0.08,,,235,0.08,0.0,245.84,102.70169895147086,running,-3.9661664962768555,1056.0003662109375,0.014298208057880402
71,5,hard_s_curve_sequences,-1.5999317716515038,-0.24999877494780723,2.249102546495106e-06,local_goal_sequence,0.4,0.25,0.0,-1.05,1.25,-1.57,9.193870867775836,False,False,True,1.0420914732789426,0.436845064163208,0.47169905660283007,0.9060587786074309,0.24458795649443527,-0.4343597220046008,180,0,1,4,0.7436761260032654,0.4527311623096466,False,0.08,,,250,0.08,0.0,245.84,101.79171707807423,running,27.911611557006836,26.86758804321289,0.01583706960082054
72,5,hard_s_curve_sequences,-1.6499291475925228,-0.6999986748579775,2.2512703399795136e-06,local_goal_sequence,0.35,-0.2,0.0,-1.05,1.25,-1.57,-10.30728742865491,False,False,True,0.811653440952628,0.4897906184196472,0.40311288741492746,0.6902967715754342,0.24160101370718307,-0.2871838841605068,159,0,1,4,0.637765645980835,0.5454607605934143,False,0.08,,,250,0.08,0.0,245.84,100.33492190491688,running,-1.893178105354309,17.574459075927734,0.01599634438753128
73,5,hard_s_curve_sequences,-1.5999306877144417,-0.7499987883042096,2.1934829115507974e-06,local_goal_sequence,0.4,-0.25,0.0,-0.55,-1.75,1.57,-306.34032184988246,False,False,True,1.2118870727024713,0.14432978630065918,0.47169905660283035,1.2120784428708384,0.46209253338080536,-0.7403793862680081,209,0,0,4,0.8918662071228027,0.14814145863056183,False,0.08,,,250,0.08,0.0,245.84,87.55797347550795,running,9.966306686401367,16.06127166748047,0.015387246385216713
74,5,hard_s_curve_sequences,-1.6499316618192692,-0.2999988677505096,2.2784862842466264e-06,local_goal_sequence,0.35,0.2,0.0,-1.05,-1.25,1.57,-30.09456774831609,False,False,True,1.0055640562131432,0.23227587342262268,0.4031128874149275,0.9434874656456531,0.2682120755665105,-0.5403745782307257,187,147,0,4,0.23227587342262268,0.6155941486358643,False,0.08,,,250,0.08,0.0,245.84,85.98377887013065,running,-0.011463012546300888,251.94863891601562,0.014555263333022594
75,5,hard_s_curve_sequences,-1.6499329098751534,-0.6999989935815651,2.3101956142053893e-06,local_goal_sequence,0.35,-0.2,0.0,-1.05,-1.25,1.57,-122.46965020002222,False,False,True,1.1912776171990271,0.21797019243240356,0.40311288741492735,1.203958036755917,0.3975453152506329,-0.8008451493409897,205,0,0,4,0.6719485521316528,0.22295965254306793,False,0.08,,,250,0.08,0.0,245.84,80.5441411408997,running,2.5640509128570557,106.26351928710938,0.014765537343919277
76,5,hard_s_curve_sequences,-1.649933798167117,-0.2999989734712074,2.36422006841496e-06,local_goal_sequence,0.35,0.2,0.0,0.55,-1.75,1.57,12.322127242978674,False,False,True,0.8103850558996569,0.4752552807331085,0.4031128874149274,1.1085287779051642,0.2403356973544866,-0.7054158904902368,109,0,1,4,0.5671840310096741,0.6263001561164856,False,0.08,,,250,0.08,0.0,245.84,80.09913789139634,running,-1.9075878858566284,216.84793090820312,0.015823572874069214
77,5,hard_s_curve_sequences,-1.6499369940206896,-0.2999989630916424,2.2076419847123095e-06,local_goal_sequence,0.35,0.2,0.0,-0.15,-1.25,1.57,3.043715147552504,False,False,True,1.030569787699619,0.47755205631256104,0.40311288741492757,1.1892953035600087,0.24045906798726802,-0.7861824161450811,81,0,1,4,0.7103098034858704,0.5478776693344116,False,0.08,,,250,0.08,0.0,245.84,79.91907864988029,running,30.85162353515625,20.514240264892578,0.016190500929951668
78,5,hard_s_curve_sequences,-1.599933942841431,-0.24999886595369925,2.3271745519663664e-06,local_goal_sequence,0.4,0.25,0.0,1.05,1.25,-1.57,51.926313627730224,False,False,True,0.7092368588253227,0.4799114465713501,0.4716990566028302,0.6361607553432811,0.26714052996911025,-0.1644616987404509,184,32,0,4,0.55149906873703,0.6137430667877197,False,0.08,,,250,0.08,0.0,245.84,81.36244666795491,running,19.529882431030273,73.20169067382812,0.01612371951341629
79,5,hard_s_curve_sequences,-1.599933917294549,-0.24999884568612996,2.3631258491663813e-06,local_goal_sequence,0.4,0.25,0.0,-0.55,-1.75,1.57,43.446176566838304,False,False,True,0.8279789570964751,0.4785982668399811,0.47169905660283035,0.7686686948922652,0.2698536344024435,-0.29696963828943485,182,75,0,4,0.4851462244987488,0.5456520915031433,False,0.08,,,250,0.08,0.0,245.84,82.54980868059421,running,40.99314880371094,208.54421997070312,0.01628057472407818
80,5,hard_s_curve_sequences,-1.5999306482989506,-0.7499987846357707,2.221321827093058e-06,local_goal_sequence,0.4,-0.25,0.0,1.05,-1.25,1.57,-66.614231976762,False,False,True,1.0104650690087726,0.20731914043426514,0.4716990566028302,1.2176397882317707,0.46426974123199305,-0.7459407316289405,250,57,0,4,0.3557659685611725,0.2613695561885834,False,0.08,,,250,0.08,0.0,245.84,79.05110674192717,running,0.8470776081085205,63.48756408691406,0.01732267439365387
81,5,hard_s_curve_sequences,-1.5999306825998947,-0.7499987872186258,2.188173629012387e-06,local_goal_sequence,0.4,-0.25,0.0,-0.15,1.25,-1.57,-21.415384328724702,False,False,True,1.1425428212473057,0.4706810712814331,0.47169905660283024,1.3538920265782832,0.46796389913321523,-0.8821929699754529,88,0,0,4,0.5676129460334778,0.6379501223564148,False,0.08,,,250,0.08,0.0,245.84,77.77255499245241,running,27.169675827026367,36.060733795166016,0.017472462728619576
82,5,hard_s_curve_sequences,-1.5999307483510765,-0.7499987525604783,2.176327637696007e-06,local_goal_sequence,0.4,-0.25,0.0,1.05,1.25,-1.57,33.18766273815491,False,False,True,0.5283008651574685,0.4864361584186554,0.47169905660283024,0.3791115429382824,0.24042087049037933,0.09258751366454782,202,31,1,4,0.6891524791717529,0.4884535074234009,False,0.08,,,250,0.08,0.0,245.84,78.2492253120934,running,9.346385955810547,247.56979370117188,0.017397847026586533
83,5,hard_s_curve_sequences,-1.5999306749371511,-0.749998790251319,2.1846789409326602e-06,local_goal_sequence,0.4,-0.25,0.0,-1.05,1.25,-1.57,36.632493238375076,False,False,True,0.5718593193609472,0.4347928762435913,0.4716990566028303,0.37007350731872,0.2480127163062622,0.10162554928411027,236,16,1,4,0.6979040503501892,0.4347928762435913,False,0.08,,,250,0.08,0.0,245.84,78.77450566511024,running,4.209775924682617,41.977989196777344,0.017630144953727722
84,5,hard_s_curve_sequences,-1.6499316649029188,-0.29999888151732745,2.249679460636736e-06,local_goal_sequence,0.35,0.2,0.0,0.55,-1.75,1.57,33.76763400589691,False,False,True,0.805880347823781,0.2841256260871887,0.40311288741492757,0.5681034094539325,0.2400834895902854,-0.16499052203900488,182,121,2,4,0.5863614678382874,0.2841256260871887,False,0.08,,,250,0.08,0.0,245.84,79.89071559855883,running,17.62618064880371,88.3401107788086,0.018320605158805847
85,5,hard_s_curve_sequences,-1.649932869400428,-0.6999989588039499,2.3783916146768935e-06,local_goal_sequence,0.35,-0.2,0.0,0.55,-1.75,1.57,23.006839173260516,False,False,True,0.7628839159927621,0.34102779626846313,0.40311288741492746,0.31583128716691156,0.24464691722037274,0.0872816002480159,221,71,1,4,0.6416328549385071,0.3676954209804535,False,0.04,,,250,0.04,0.0,249.4,37.048200777157156,running,-5.401148796081543,40.82469940185547,0.018398918211460114
86,5,hard_s_curve_sequences,-1.599931750058607,-0.24999877887679992,2.221667705453939e-06,local_goal_sequence,0.4,0.25,0.0,1.05,-1.25,1.57,-4.964820639738946,False,False,True,1.3369288214453234,0.4815175533294678,0.4716990566028302,1.1609145750341594,0.24272673290956698,-0.6892155184313292,144,0,1,4,0.7351371645927429,0.5728158950805664,False,0.04,,,250,0.04,0.0,249.4,36.58691818601722,running,-12.678640365600586,31.812393188476562,0.018032189458608627
87,5,hard_s_curve_sequences,-1.6499316664841244,-0.2999989119822942,2.16168415949146e-06,local_goal_sequence,0.35,0.2,0.0,-0.55,-1.75,1.57,-5.208745696379417,False,False,True,1.289594310359555,0.46935713291168213,0.4031128874149275,1.3695533741970771,0.2403688714299011,-0.9664404867821497,193,0,1,4,0.7613785266876221,0.4852871000766754,False,0.04,,,250,0.04,0.0,249.4,36.21650322563168,running,-2.1059038639068604,27.741275787353516,0.017182592302560806
88,5,hard_s_curve_sequences,-1.6499308888531743,-0.6999988851734629,2.095234080513822e-06,local_goal_sequence,0.35,-0.2,0.0,-1.05,1.25,-1.57,-2.6368870119290975,False,False,True,1.0484670236192708,0.23158197104930878,0.40311288741492757,0.7709997754683888,0.24159498830946327,-0.36788688805346126,212,69,2,4,0.4987334907054901,0.23178952932357788,False,0.04,,,250,0.04,0.0,249.4,35.80368344882449,running,0.6113232374191284,24.713491439819336,0.016551479697227478
89,5,hard_s_curve_sequences,-1.64993165939603,-0.2999988973336718,2.17300327819681e-06,local_goal_sequence,0.35,0.2,0.0,-0.15,-1.25,1.57,44.21817935896008,False,False,True,0.8943745738727489,0.2717421352863312,0.4031128874149274,0.40716765314694314,0.2400863955972936,-0.0040547657320157415,168,123,2,4,0.512943685054779,0.28651803731918335,False,0.04,,,250,0.04,0.0,249.4,36.609964731253925,running,-6.285788536071777,48.77721405029297,0.015921737998723984
90,5,hard_s_curve_sequences,-1.5999317771725794,-0.24999876078379363,2.2712258425715066e-06,local_goal_sequence,0.4,0.25,0.0,0.55,-1.75,1.57,16.66646887150874,False,False,True,1.1215593727326516,0.46790117025375366,0.47169905660283007,0.9712872560954198,0.24160091217711918,-0.4995881994925897,121,0,1,4,0.6999839544296265,0.5035638809204102,False,0.04,,,250,0.04,0.0,249.4,36.97887857723435,running,-11.387507438659668,24.060375213623047,0.015209872275590897
91,5,hard_s_curve_sequences,-1.6499329022975204,-0.6999989844390604,2.3233324378956773e-06,local_goal_sequence,0.35,-0.2,0.0,-1.05,1.25,-1.57,42.32753508636535,False,False,True,0.8352355536736696,0.36891454458236694,0.4031128874149274,0.4015886133760221,0.24379993085068463,0.0015242740389053155,207,99,2,4,0.36891454458236694,0.4801177680492401,False,0.04,,,250,0.04,0.0,249.4,38.84799894866232,running,-17.528823852539062,17.548511505126953,0.014485782012343407
92,5,hard_s_curve_sequences,-1.5999327489333932,-0.7499988414097587,2.3906218776972005e-06,local_goal_sequence,0.4,-0.25,0.0,-1.05,-1.25,1.57,31.977309912740765,False,False,True,0.5667847536672916,0.4449649155139923,0.4716990566028301,0.339883425776658,0.24316908352026306,0.13181563082617215,205,18,1,4,0.6906023621559143,0.4449649155139923,False,0.04,,,250,0.04,0.0,249.4,38.81504198487509,running,3.164968252182007,21.180377960205078,0.013623903505504131
93,5,hard_s_curve_sequences,-1.649931191293389,-0.29999914413130085,2.417364355227446e-06,local_goal_sequence,0.35,0.2,0.0,-0.15,1.25,-1.57,0.3328754015708455,False,False,True,1.148006982527674,0.3423486649990082,0.40311288741492746,1.2346529968936446,0.24245327985877846,-0.8315401094787171,198,0,1,4,0.7610704898834229,0.3717423677444458,False,0.04,,,250,0.04,0.0,249.4,37.91463849873087,running,-18.18227767944336,88.81185913085938,0.013880248181521893
94,5,hard_s_curve_sequences,-1.6499309116452572,-0.6999988917283125,2.091189552407655e-06,local_goal_sequence,0.35,-0.2,0.0,-0.15,1.25,-1.57,30.78519064025261,False,False,True,1.038301443060427,0.30507591366767883,0.4031128874149275,0.9075821167698448,0.24025360317995337,-0.5044692293549173,177,45,2,4,0.5498414039611816,0.3299398720264435,False,0.04,,,250,0.04,0.0,249.4,38.01424463066296,running,21.091691970825195,620.9505615234375,0.014497916214168072
95,5,hard_s_curve_sequences,-1.599937659243496,-0.24999883445181958,2.1601912702156795e-06,local_goal_sequence,0.4,0.25,0.0,0.55,1.75,-1.57,-55.906967459826085,False,False,True,1.0591837492127836,0.12135133892297745,0.4716990566028301,0.8056076783215699,0.2442266574071925,-0.33390862171873975,153,71,0,4,0.27943411469459534,0.12770390510559082,False,0.0,,,250,0.0,0.0,250.0,-8.52497889841098,running,20.937341690063477,72.11874389648438,0.01497248001396656
96,5,hard_s_curve_sequences,-1.6499316030806737,-0.2999994684807549,2.635572512210411e-06,local_goal_sequence,0.35,0.2,0.0,0.55,-1.75,1.57,31.775769598836135,False,False,True,0.6501204356241688,0.48008888959884644,0.4031128874149274,0.6319818656365782,0.2415822107030182,-0.2288689782216508,108,0,1,4,0.5984818339347839,0.7324921488761902,False,0.0,,,250,0.0,0.0,250.0,-7.621702949168566,running,31.484243392944336,64.17101287841797,0.014601650647819042
97,5,hard_s_curve_sequences,-1.5999306816024093,-0.749998786801257,2.196258742980665e-06,local_goal_sequence,0.4,-0.25,0.0,-0.55,1.75,-1.57,27.54765998852576,False,False,True,0.46470367923920153,0.48920539021492004,0.47169905660283024,0.48661734228575587,0.24311222978358368,-0.014918285682925636,205,6,1,4,0.6149123311042786,0.542335033416748,False,0.0,,,250,0.0,0.0,250.0,-6.107505052481343,running,24.44744873046875,83.6982421875,0.014770290814340115
98,5,hard_s_curve_sequences,-1.5999304811843706,-0.2499988887091651,2.4282991199323046e-06,local_goal_sequence,0.4,0.25,0.0,-0.15,1.25,-1.57,29.60933757705714,False,False,True,0.8997775037941433,0.4894869923591614,0.4716990566028301,0.90419132005129,0.24040261600274562,-0.43249226344845987,136,5,1,4,0.5683196187019348,0.5475772023200989,False,0.0,,,250,0.0,0.0,250.0,7.3304813245962395,running,22.45208740234375,62.909446716308594,0.015123983845114708
99,5,hard_s_curve_sequences,-1.6499384785623206,-0.2999990447618065,2.0598889461497227e-06,local_goal_sequence,0.35,0.2,0.0,-0.55,-1.75,1.57,-45.64130092041527,False,False,True,1.2721122118586856,0.21319667994976044,0.4031128874149274,1.1580470991923881,0.24183785086603712,-0.7549342117774607,203,0,1,4,0.7032463550567627,0.2255253940820694,False,0.0,,,250,0.0,0.0,250.0,6.708611997712272,running,5.831748008728027,21.068195343017578,0.014602333307266235
100,5,hard_s_curve_sequences,-1.6499307953537963,-0.699998919565409,2.13473271310198e-06,local_goal_sequence,0.35,-0.2,0.0,-1.05,-1.25,1.57,8.039297574359352,False,False,True,0.5326448346655531,0.4787675738334656,0.4031128874149274,0.47324757478616125,0.2423916067987558,-0.07013468737123385,217,71,1,4,0.6617093086242676,0.4851924479007721,False,0.0,,,250,0.0,0.0,250.0,11.928969908687534,running,24.643360137939453,24.269826889038086,0.014573736116290092
101,5,hard_s_curve_sequences,-1.5999317800081234,-0.24999875207111807,2.270311186335644e-06,local_goal_sequence,0.4,0.25,0.0,-0.15,-1.25,1.57,24.5537253275809,False,False,True,1.0390546878318458,0.48503267765045166,0.4716990566028303,1.003061651377703,0.24202778139897324,-0.5313625947748728,148,0,1,4,0.6952329874038696,0.5052499175071716,False,0.0,,,250,0.0,0.0,250.0,12.418233832071621,running,13.46928596496582,14.607416152954102,0.01414340641349554
102,5,hard_s_curve_sequences,-1.6499307653905124,-0.6999989025790699,2.207896398112294e-06,local_goal_sequence,0.35,-0.2,0.0,-0.15,-1.25,1.57,12.557309737824383,False,False,True,1.0691028649753278,0.25281789898872375,0.4031128874149275,1.0724643460448935,0.351285447219112,-0.669351458629966,214,0,0,4,0.9020344614982605,0.25523021817207336,False,0.0,,,250,0.0,0.0,250.0,12.798777615682498,running,9.89661693572998,84.94509887695312,0.013253501616418362
103,5,hard_s_curve_sequences,-1.5999317641427073,-0.24999876401674015,2.250701307670756e-06,local_goal_sequence,0.4,0.25,0.0,-1.05,-1.25,1.57,30.989855663575035,False,False,True,1.0463021215963206,0.3821653127670288,0.4716990566028302,0.9329192265042491,0.24080494920145132,-0.4612201699014189,174,0,1,4,0.6690002083778381,0.40716519951820374,False,0.0,,,250,0.0,0.0,250.0,11.961319297116292,running,20.958314895629883,113.07865905761719,0.013389545492827892
104,5,hard_s_curve_sequences,-1.6499307836793398,-0.6999989017696046,2.1992277350407833e-06,local_goal_sequence,0.35,-0.2,0.0,-1.05,-1.25,1.57,5.827253841984117,False,False,True,0.41154924734614967,0.4896770715713501,0.4031128874149276,0.5234075296444856,0.24170243613339182,-0.12029464222955794,166,15,1,4,0.7083412408828735,0.5461095571517944,False,0.0,,,250,0.0,0.0,250.0,10.456562388122125,running,45.9105110168457,104.10074615478516,0.013671956956386566
105,5,hard_s_curve_sequences,-1.599930678361186,-0.749998800746787,2.187361920145666e-06,local_goal_sequence,0.4,-0.25,0.0,-1.05,-1.25,1.57,23.946544654974893,False,False,True,0.4451362103448307,0.4831865131855011,0.4716990566028302,0.48713889233736984,0.2417413944586566,-0.015439835734539664,239,0,1,4,0.7758530974388123,0.534632682800293,False,0.0,,,250,0.0,0.0,250.0,14.078993453391599,running,37.55474090576172,38.42095184326172,0.015404998324811459
106,5,hard_s_curve_sequences,-1.5999306606008805,-0.7499987951129343,2.181050367466714e-06,local_goal_sequence,0.4,-0.25,0.0,-0.55,-1.75,1.57,-42.36012343981305,False,False,True,1.1824468440581368,0.14958789944648743,0.4716990566028303,1.3822622664478577,0.42942187056500025,-0.9105632098450274,250,51,0,4,0.3034484386444092,0.15745797753334045,False,0.0,,,250,0.0,0.0,250.0,13.241203888948066,running,14.038507461547852,41.37356948852539,0.01715186983346939
107,5,hard_s_curve_sequences,-1.6499316503238375,-0.29999891790988276,2.135980630779946e-06,local_goal_sequence,0.35,0.2,0.0,1.05,-1.25,1.57,16.55576774382856,False,False,True,1.1091730570650677,0.3121703267097473,0.40311288741492746,0.9071442741258071,0.28737864779572997,-0.5040313867108797,215,0,0,4,0.32463714480400085,0.7306149005889893,False,0.0,,,250,0.0,0.0,250.0,12.575928089175012,running,56.75754928588867,132.3720245361328,0.018070802092552185
108,5,hard_s_curve_sequences,-1.6499316698783384,-0.29999889464103263,2.2241309742374804e-06,local_goal_sequence,0.35,0.2,0.0,-0.55,-1.75,1.57,52.72699269422276,False,False,True,0.5274392261836075,0.4882763922214508,0.4031128874149276,0.2842724172622705,0.24038177023522414,0.11884047015265714,126,64,1,4,0.6207380890846252,0.5175453424453735,False,0.0,,,250,0.0,0.0,250.0,13.219708067408922,running,35.27017593383789,20.88886833190918,0.017849663272500038
109,5,hard_s_curve_sequences,-1.6499307996830965,-0.6999988980710881,2.175596474018107e-06,local_goal_sequence,0.35,-0.2,0.0,1.05,-1.25,1.57,18.643659740972453,False,False,True,0.5366662012897924,0.4727586805820465,0.4031128874149274,0.4897530528868912,0.24147780821425985,-0.08664016547196379,214,21,1,4,0.6887558698654175,0.5027172565460205,False,0.0,,,250,0.0,0.0,250.0,12.614749096811943,running,39.02473068237305,146.48670959472656,0.01696629263460636
110,5,hard_s_curve_sequences,-1.6499338086186734,-0.29999901201821844,2.25374868487608e-06,local_goal_sequence,0.35,0.2,0.0,0.55,1.75,-1.57,54.00871683537665,False,False,True,0.5552260619573622,0.4788491427898407,0.4031128874149275,0.2959764761657959,0.24167910350721866,0.10713641124913159,117,23,1,4,0.6284077763557434,0.5018678307533264,False,0.0,,,250,0.0,0.0,250.0,13.854824203296587,running,37.264244079589844,10.50149154663086,0.01784205436706543
111,5,hard_s_curve_sequences,-1.59993391495291,-0.24999885474795752,2.3486199888806605e-06,local_goal_sequence,0.4,0.25,0.0,0.55,-1.75,1.57,11.51484811860832,False,False,True,0.8769449512465519,0.4815974831581116,0.4716990566028301,0.8820205745480221,0.24233961501195359,-0.41032151794519195,106,0,1,4,0.7209731340408325,0.5961542725563049,False,0.0,,,250,0.0,0.0,250.0,14.514010953630477,running,36.5620231628418,52.53400421142578,0.017555827274918556
112,5,hard_s_curve_sequences,-1.5999317763042609,-0.24999877422871367,2.2456168251377878e-06,local_goal_sequence,0.4,0.25,0.0,-0.15,1.25,-1.57,15.205109829017708,False,False,True,0.9207920381839797,0.4835885167121887,0.4716990566028302,0.9977866592669075,0.2400769832373173,-0.5260876026640773,135,0,1,4,0.6840210556983948,0.5495510101318359,False,0.0,,,250,0.0,0.0,250.0,15.330565174646363,running,37.712890625,237.74415588378906,0.016509277746081352
113,5,hard_s_curve_sequences,-1.5999317792301369,-0.2499987904848247,2.196874550143644e-06,local_goal_sequence,0.4,0.25,0.0,0.55,-1.75,1.57,15.116084828349123,False,False,True,1.1002609429793468,0.43744149804115295,0.4716990566028302,1.134268382617414,0.24099262838306634,-0.6625693260145838,168,0,1,4,0.4398318827152252,0.5722519755363464,False,0.0,,,250,0.0,0.0,250.0,16.040684048257493,running,29.731178283691406,212.5740203857422,0.01656787283718586
114,5,hard_s_curve_sequences,-1.6499307570409698,-0.6999988721181831,2.270027732063344e-06,local_goal_sequence,0.35,-0.2,0.0,-0.15,1.25,-1.57,11.671216363897827,False,False,True,0.500057822287493,0.47279712557792664,0.4031128874149275,0.49459284138881954,0.2422697615008782,-0.09147995397389203,216,34,1,4,0.6835829615592957,0.5295871496200562,False,0.0,,,250,0.0,0.0,250.0,14.738805528455002,running,28.018404006958008,24.818866729736328,0.01630357839167118
115,5,hard_s_curve_sequences,-1.64993118054277,-0.29999912838888976,2.4123539445792416e-06,local_goal_sequence,0.35,0.2,0.0,-0.15,1.25,-1.57,-1.3473255218573783,False,False,True,1.1047609989077098,0.48861977458000183,0.4031128874149275,1.333872258368367,0.24139828302479702,-0.9307593709534396,106,0,1,4,0.5034392476081848,0.5851036310195923,False,0.0,,,250,0.0,0.0,250.0,14.018253752720357,running,33.75001907348633,41.051788330078125,0.015756607055664062
116,5,hard_s_curve_sequences,-1.5999308848965983,-0.7499988615443316,2.3314295684876656e-06,local_goal_sequence,0.4,-0.25,0.0,-1.05,1.25,-1.57,39.13676284776546,False,False,True,0.6162587843129788,0.39316096901893616,0.4716990566028301,0.3770165766637806,0.24206149621579268,0.09468247993904955,248,0,1,4,0.7458147406578064,0.39316096901893616,False,0.0,,,250,0.0,0.0,250.0,13.890622863176361,running,48.396484375,9.741731643676758,0.015429713763296604
117,5,hard_s_curve_sequences,-1.5999317693705972,-0.24999876997116205,2.2403543581761308e-06,local_goal_sequence,0.4,0.25,0.0,0.55,1.75,-1.57,4.305908401598018,False,False,True,1.1210871380595424,0.4035628139972687,0.4716990566028303,1.2513161641797965,0.240204948663543,-0.7796171075769662,165,0,1,4,0.41609466075897217,0.5763196349143982,False,0.0,,,250,0.0,0.0,250.0,12.78376680273065,running,17.221689224243164,39.652687072753906,0.014825986698269844
118,5,hard_s_curve_sequences,-1.599931760003615,-0.2499987726764974,2.2542608184998427e-06,local_goal_sequence,0.4,0.25,0.0,1.05,-1.25,1.57,3.3476165174918506,False,False,True,0.9836825107994916,0.4875424802303314,0.47169905660283007,1.1223291695937307,0.24047595986299125,-0.6506301129909007,170,0,1,4,0.5402292609214783,0.5921169519424438,False,0.0,,,250,0.0,0.0,250.0,12.90435644736749,running,24.19420623779297,29.54705047607422,0.013875067234039307
119,5,hard_s_curve_sequences,-1.5999306513172111,-0.749998768435709,2.2556417912867708e-06,local_goal_sequence,0.4,-0.25,0.0,0.55,1.75,-1.57,38.23008547928128,False,False,True,0.6302171127073984,0.38027065992355347,0.47169905660283035,0.3449179395073125,0.24155965116852396,0.12678111709551787,248,6,1,4,0.6956860423088074,0.38027065992355347,False,0.0,,,250,0.0,0.0,250.0,13.202152240928637,running,31.7980899810791,9.171893119812012,0.013005307875573635
120,5,hard_s_curve_sequences,-1.5999306404694031,-0.7499987619617009,2.2709432811445745e-06,local_goal_sequence,0.4,-0.25,0.0,-0.55,1.75,-1.57,42.29056241044251,False,False,True,0.684682866423055,0.33724936842918396,0.4716990566028302,0.29920098396577605,0.24034601879060663,0.17249807263705413,247,29,1,4,0.677717924118042,0.33724936842918396,False,0.0,,,250,0.0,0.0,250.0,17.130053435739384,running,18.0279483795166,9.096746444702148,0.012930826283991337
121,5,hard_s_curve_sequences,-1.649930787692923,-0.6999989029096544,2.1899570838107173e-06,local_goal_sequence,0.35,-0.2,0.0,-0.55,1.75,-1.57,28.218872503854016,False,False,True,0.6817384342875255,0.3871047794818878,0.4031128874149275,0.3771415859085667,0.24161681139045124,0.02597130150636079,208,131,1,4,0.5568448901176453,0.3871047794818878,False,0.0,,,250,0.0,0.0,250.0,16.987777551940095,running,3.136385440826416,21.35165023803711,0.012925327755510807
122,5,hard_s_curve_sequences,-1.649932637363088,-0.29999890347457114,2.3849234432389732e-06,local_goal_sequence,0.35,0.2,0.0,1.05,1.25,-1.57,37.55239992610208,False,False,True,0.7853261574639421,0.307938814163208,0.4031128874149275,0.5226781454763658,0.24019407065934922,-0.1195652580614383,159,142,2,4,0.5475261211395264,0.307938814163208,False,0.0,,,250,0.0,0.0,250.0,17.387967149443153,running,5.8070573806762695,29.295717239379883,0.012569230981171131
123,5,hard_s_curve_sequences,-1.5999339410517717,-0.2499988820124904,2.313323881473052e-06,local_goal_sequence,0.4,0.25,0.0,1.05,-1.25,1.57,10.178480720569723,False,False,True,1.0517312691660712,0.46356600522994995,0.47169905660283007,1.125219787749467,0.24626451834411922,-0.6535207311466369,149,0,1,4,0.4894646406173706,0.5398361682891846,False,0.0,,,250,0.0,0.0,250.0,16.610732875183654,running,6.537634372711182,18.439167022705078,0.012448452413082123
124,5,hard_s_curve_sequences,-1.5999305541778426,-0.7499991572875414,2.397951814275147e-06,local_goal_sequence,0.4,-0.25,0.0,-0.15,1.25,-1.57,58.754730431652135,False,False,True,0.6748905676688954,0.3607449531555176,0.4716990566028301,0.2628933656982082,0.24269282634491138,0.20880569090462192,240,119,1,4,0.6296577453613281,0.3607449531555176,False,0.0,,,250,0.0,0.0,250.0,20.786574129266345,running,16.8264102935791,12.592805862426758,0.012889734469354153
125,5,hard_s_curve_sequences,-1.6499310651397012,-0.2999992957931772,2.7243138508320917e-06,local_goal_sequence,0.35,0.2,0.0,1.05,-1.25,1.57,-2.8888883644383156,False,False,True,1.0944159049103697,0.47711464762687683,0.4031128874149274,1.0249307138361012,0.24100905858514235,-0.6218178264211738,76,0,1,4,0.7046757936477661,0.566997766494751,False,0.0,,,250,0.0,0.0,250.0,20.349446691714448,running,14.865735054016113,113.05447387695312,0.01287270151078701
126,5,hard_s_curve_sequences,-1.6499316515319975,-0.299998875118752,2.253896021557482e-06,local_goal_sequence,0.35,0.2,0.0,1.05,-1.25,1.57,38.260772049285265,False,False,True,0.6792891768725648,0.3926602303981781,0.40311288741492746,0.5725315069983407,0.24031770235538968,-0.1694186195834132,153,128,2,4,0.5310448408126831,0.3926602303981781,False,0.0,,,250,0.0,0.0,250.0,20.897728560582618,running,26.036659240722656,38.67499542236328,0.012379037216305733
127,5,hard_s_curve_sequences,-1.6499316682967256,-0.2999988797337853,2.242628361239282e-06,local_goal_sequence,0.35,0.2,0.0,-0.15,1.25,-1.57,40.86140459890851,False,False,True,0.7680491507152737,0.3266696333885193,0.4031128874149276,0.5233630892064908,0.24050889175394602,-0.12025020179156315,171,142,2,4,0.5393329858779907,0.3266696333885193,False,0.0,,,250,0.0,0.0,250.0,22.029892355025986,running,17.020343780517578,17.157564163208008,0.012312086299061775
128,5,hard_s_curve_sequences,-1.5999306289675046,-0.24999890764700358,2.315916046259811e-06,local_goal_sequence,0.4,0.25,0.0,1.05,1.25,-1.57,14.661211804949524,False,False,True,1.1384554547445673,0.2917310893535614,0.47169905660283007,0.940823863460763,0.24108159193502893,-0.4691248068579329,206,0,1,4,0.6698368191719055,0.3130393326282501,False,0.0,,,250,0.0,0.0,250.0,21.376746600680963,running,0.25477874279022217,22.108484268188477,0.012405379675328732
129,5,hard_s_curve_sequences,-1.5999306875255228,-0.7499988140875051,2.149541883413822e-06,local_goal_sequence,0.4,-0.25,0.0,0.55,-1.75,1.57,31.55866061746724,False,False,True,0.5715433670017774,0.44838207960128784,0.4716990566028302,0.38262523415801897,0.24601253236048196,0.08907382244481121,241,4,1,4,0.7141043543815613,0.44838207960128784,False,0.0,,,250,0.0,0.0,250.0,22.406002871700288,running,-13.527480125427246,51.41158676147461,0.012205000035464764
130,5,hard_s_curve_sequences,-1.5999309107380033,-0.24999880244611983,2.2329005693134213e-06,local_goal_sequence,0.4,0.25,0.0,1.05,1.25,-1.57,22.527847670212537,False,False,True,1.0691140444623477,0.3475950062274933,0.4716990566028303,0.9198493240847638,0.24399375148095864,-0.44815026748193354,207,0,1,4,0.6822842359542847,0.37608787417411804,False,0.0,,,250,0.0,0.0,250.0,22.349254992309792,running,-11.018172264099121,23.10495948791504,0.011953609064221382
131,5,hard_s_curve_sequences,-1.599930571509571,-0.24999900375403836,2.3590302261445393e-06,local_goal_sequence,0.4,0.25,0.0,1.05,1.25,-1.57,20.203757815874162,False,False,True,0.9746093458828328,0.359646201133728,0.4716990566028302,0.88213887560141,0.24188416823546127,-0.41043981899857984,210,0,1,4,0.6870834827423096,0.381851464509964,False,0.0,,,250,0.0,0.0,250.0,24.85181024253728,running,4.86911153793335,7.93062686920166,0.011857661418616772
132,5,hard_s_curve_sequences,-1.599929760431879,-0.7499986150012399,2.3779404696077646e-06,local_goal_sequence,0.4,-0.25,0.0,-1.05,1.25,-1.57,12.323959948612462,False,False,True,0.8720970625609786,0.24006091058254242,0.4716990566028301,0.5722907264894683,0.2410972329644661,-0.1005916698866382,234,133,2,4,0.5733016133308411,0.24006091058254242,False,0.0,,,250,0.0,0.0,250.0,24.682537930728635,running,4.702291488647461,19.370254516601562,0.011339559219777584
133,5,hard_s_curve_sequences,-1.6499307532226628,-0.699998884455139,2.262650386836462e-06,local_goal_sequence,0.35,-0.2,0.0,1.05,-1.25,1.57,38.09277289572133,False,False,True,0.8140509795369518,0.3645687401294708,0.4031128874149274,0.24503831930931216,0.24503831930931216,0.15807456810561524,208,135,1,4,0.4633394777774811,0.38861456513404846,False,0.0,,,250,0.0,0.0,250.0,24.097169138788576,running,-15.59658432006836,57.13937759399414,0.010931308381259441
134,5,hard_s_curve_sequences,-1.599932735503044,-0.7499988554089728,2.378449221329811e-06,local_goal_sequence,0.4,-0.25,0.0,-0.55,-1.75,1.57,45.30739591127575,False,False,True,0.7969670812471871,0.28863266110420227,0.47169905660283024,0.5912767633193409,0.24384439937325394,-0.11957770671651063,226,144,2,4,0.5451701283454895,0.28863266110420227,False,0.0,,,250,0.0,0.0,250.0,25.16371858560071,running,-0.9385815262794495,16.84438705444336,0.010576230473816395
135,5,hard_s_curve_sequences,-1.5999307501532771,-0.7499987396471778,2.196335613547636e-06,local_goal_sequence,0.4,-0.25,0.0,0.55,1.75,-1.57,51.331722788933284,False,False,True,0.7468147177050434,0.3210282325744629,0.4716990566028304,0.6161148337106179,0.24293943888055541,-0.14441577710778752,215,146,2,4,0.5729292035102844,0.3210282325744629,False,0.0,,,250,0.0,0.0,250.0,25.056638823742972,running,12.915061950683594,16.443645477294922,0.010707566514611244
136,5,hard_s_curve_sequences,-1.649930716549916,-0.2999991876590759,2.5335310485546015e-06,local_goal_sequence,0.35,0.2,0.0,-0.55,-1.75,1.57,37.82330990134196,False,False,True,0.7726242233719656,0.32731786370277405,0.40311288741492757,0.5367018176752265,0.24102204890726409,-0.13358893026029894,157,133,2,4,0.5590360164642334,0.32731786370277405,False,0.0,,,250,0.0,0.0,250.0,26.10897729505232,running,1.1511229276657104,64.45405578613281,0.010993728414177895
137,5,hard_s_curve_sequences,-1.5999317834457716,-0.24999879421730561,2.184505456938465e-06,local_goal_sequence,0.4,0.25,0.0,0.55,1.75,-1.57,24.44250939901221,False,False,True,0.7638516443930475,0.31339746713638306,0.4716990566028303,0.5485494359497812,0.24002248749067723,-0.07685037934695094,196,0,1,4,0.6948867440223694,0.31339746713638306,False,0.0,,,250,0.0,0.0,250.0,26.4784732778521,running,18.08601951599121,75.13501739501953,0.011001646518707275
138,5,hard_s_curve_sequences,-1.5999369298505453,-0.7499987655091668,2.16159903134095e-06,local_goal_sequence,0.4,-0.25,0.0,-0.55,-1.75,1.57,35.41589031596235,False,False,True,0.5478468407034627,0.44437286257743835,0.47169905660283024,0.37243490129352036,0.24088273984256486,0.09926415530930988,202,10,1,4,0.7065517902374268,0.44437286257743835,False,0.0,,,250,0.0,0.0,250.0,27.290465497356628,running,28.98067855834961,70.49241638183594,0.01012633740901947
139,5,hard_s_curve_sequences,-1.599931012813422,-0.2499990735188635,2.598757966003565e-06,local_goal_sequence,0.4,0.25,0.0,-0.55,1.75,-1.57,34.26759732397687,False,False,True,0.6186635221632383,0.4775373339653015,0.47169905660283007,0.5279066513054725,0.24457203557934754,-0.05620759470264247,181,0,1,4,0.6871049404144287,0.48588329553604126,False,0.0,,,250,0.0,0.0,250.0,28.194320735759792,running,29.6822452545166,5.399273872375488,0.010195544920861721
140,5,hard_s_curve_sequences,-1.649930784878073,-0.6999989052246463,2.1783329251462003e-06,local_goal_sequence,0.35,-0.2,0.0,-0.55,-1.75,1.57,21.836005960803007,False,False,True,0.5231644616065034,0.4801243543624878,0.40311288741492757,0.3984481745627546,0.24300867304951543,0.004664712852172959,177,75,1,4,0.6124027967453003,0.5282968878746033,False,0.0,,,250,0.0,0.0,250.0,29.121653995066207,running,2.6701138019561768,113.80380249023438,0.009758624248206615
141,5,hard_s_curve_sequences,-1.6499385124836472,-0.6999988856021399,2.134348436108017e-06,local_goal_sequence,0.35,-0.2,0.0,-1.05,-1.25,1.57,17.519926168005497,False,False,True,0.5342306435586647,0.48848387598991394,0.4031128874149274,0.4357743652917046,0.24647942369964695,-0.0326614778767772,191,42,1,4,0.6477243900299072,0.5143195986747742,False,0.0,,,250,0.0,0.0,250.0,28.25698052787581,running,1.568975806236267,39.194610595703125,0.010479594580829144
142,5,hard_s_curve_sequences,-1.5999306244176545,-0.7499987704215288,2.238445475691425e-06,local_goal_sequence,0.4,-0.25,0.0,-0.55,1.75,-1.57,32.442247155749726,False,False,True,0.5231411017776316,0.47676002979278564,0.47169905660283024,0.4623641928594859,0.24314899426360898,0.009334863743344357,248,0,1,4,0.7902876138687134,0.47676002979278564,False,0.0,,,250,0.0,0.0,250.0,29.38243407804188,running,8.325691223144531,36.78571701049805,0.011000026017427444
143,5,hard_s_curve_sequences,-1.6499337974704125,-0.29999897532751196,2.3603369472708294e-06,local_goal_sequence,0.35,0.2,0.0,0.55,1.75,-1.57,46.92229381691256,False,False,True,0.7134676588546928,0.3447389304637909,0.40311288741492757,0.601251242446233,0.24187561883818628,-0.1981383550313054,176,115,2,4,0.5993378162384033,0.3447389304637909,False,0.0,,,250,0.0,0.0,250.0,31.125421170018708,running,22.36846160888672,10.576766014099121,0.01112933550029993
144,5,hard_s_curve_sequences,-1.5999373293430466,-0.7499988249415187,2.162427955319332e-06,local_goal_sequence,0.4,-0.25,0.0,-1.05,1.25,-1.57,37.75560387167789,False,False,True,0.5685868609611378,0.4452138841152191,0.4716990566028302,0.3725958836375313,0.24147047240843375,0.09910317296529886,236,11,1,4,0.7037333846092224,0.4452138841152191,False,0.0,,,250,0.0,0.0,250.0,31.10644190571458,running,-7.025937557220459,12.656355857849121,0.010721728205680847
145,5,hard_s_curve_sequences,-1.6499316360031102,-0.2999988829925675,2.236687278166722e-06,local_goal_sequence,0.35,0.2,0.0,1.05,-1.25,1.57,45.66261449775193,False,False,True,0.6883463310876518,0.3726751208305359,0.4031128874149276,0.6266323976353955,0.2425491019287784,-0.22351951022046784,169,99,2,4,0.6176719069480896,0.3726751208305359,False,0.0,,,250,0.0,0.0,250.0,31.241323989206954,running,5.6589579582214355,23.37183380126953,0.010559294372797012
146,5,hard_s_curve_sequences,-1.6499316526599552,-0.2999989003455191,2.1657440190293865e-06,local_goal_sequence,0.35,0.2,0.0,1.05,1.25,-1.57,60.46107182644968,False,False,True,0.5805828299673392,0.4595928490161896,0.4031128874149276,0.6953779515201455,0.24044308388136337,-0.29226506410521785,131,55,2,4,0.6279112100601196,0.4595928490161896,False,0.0,,,250,0.0,0.0,250.0,32.53101196211078,running,8.768460273742676,64.2325210571289,0.01086843479424715
147,5,hard_s_curve_sequences,-1.6499307434540662,-0.6999988839822655,2.248799772754223e-06,local_goal_sequence,0.35,-0.2,0.0,-0.15,-1.25,1.57,17.962078846331153,False,False,True,0.4950125268079003,0.48681047558784485,0.40311288741492757,0.4738247192936812,0.2421603157135308,-0.07071183187875363,202,36,1,4,0.6638249158859253,0.5273770093917847,False,0.0,,,250,0.0,0.0,250.0,31.747399118919944,running,17.82286262512207,7.074652194976807,0.010503532364964485
148,5,hard_s_curve_sequences,-1.5999306258572952,-0.749998758963019,2.254324049286645e-06,local_goal_sequence,0.4,-0.25,0.0,-0.55,1.75,-1.57,40.12485384928924,False,False,True,0.6903485208542647,0.33753079175949097,0.47169905660283024,0.30551876701179925,0.24028844868497098,0.16618028959103098,247,37,1,4,0.6894861459732056,0.33753079175949097,False,0.0,,,250,0.0,0.0,250.0,32.945254044068726,running,2.198280096054077,8.286264419555664,0.010582329705357552
149,5,hard_s_curve_sequences,-1.5999317715209924,-0.24999879090294294,2.1877109575897773e-06,local_goal_sequence,0.4,0.25,0.0,-0.55,-1.75,1.57,38.57687087022007,False,False,True,0.6787173531463977,0.3634590208530426,0.47169905660283035,0.5753944314273232,0.24413505432828214,-0.10369537482449281,169,0,1,4,0.7020564079284668,0.404397189617157,False,0.0,,,250,0.0,0.0,250.0,32.13813966161144,running,4.04371452331543,19.826873779296875,0.010535947047173977
150,5,hard_s_curve_sequences,-1.6499307597987305,-0.6999988800969115,2.236361761361461e-06,local_goal_sequence,0.35,-0.2,0.0,-0.55,-1.75,1.57,28.16120256809623,False,False,True,0.5732303474099678,0.4891391098499298,0.4031128874149275,0.3675942609626119,0.2411935387032095,0.03551862645231563,186,122,1,4,0.5656948089599609,0.49713897705078125,False,0.0,,,250,0.0,0.0,250.0,33.38014329891282,running,-1.1911139488220215,41.35027313232422,0.01044456847012043
151,5,hard_s_curve_sequences,-1.5999310602356325,-0.24999877738171947,2.322504984740634e-06,local_goal_sequence,0.4,0.25,0.0,-0.55,1.75,-1.57,39.93692168371391,False,False,True,0.5993390429295761,0.3947596251964569,0.4716990566028302,0.44081832799145065,0.2400563281474853,0.030880728611379527,163,0,1,4,0.6959573030471802,0.3947596251964569,False,0.0,,,250,0.0,0.0,250.0,33.44718928428997,running,26.83156967163086,10.229171752929688,0.010739350691437721
152,5,hard_s_curve_sequences,-1.5999317773876298,-0.24999877708070387,2.2221525553177848e-06,local_goal_sequence,0.4,0.25,0.0,-1.05,1.25,-1.57,29.52168527328719,False,False,True,0.7418117767820303,0.3191230297088623,0.47169905660283024,0.6456488955695578,0.24034163570173175,-0.1739498389667276,186,0,1,4,0.6990706920623779,0.3629220426082611,False,0.0,,,250,0.0,0.0,250.0,32.993600511265115,running,4.649545669555664,13.707857131958008,0.011086643673479557
153,5,hard_s_curve_sequences,-1.5999306697568538,-0.7499987747376122,2.2268974259841927e-06,local_goal_sequence,0.4,-0.25,0.0,0.55,1.75,-1.57,51.816474928754296,False,False,True,0.6507454748356148,0.3796200156211853,0.4716990566028302,0.280268655339617,0.2419793361778298,0.1914304012632132,236,60,1,4,0.6500781178474426,0.3796200156211853,False,0.0,,,250,0.0,0.0,250.0,34.4798110362173,running,-7.179720401763916,5.699983596801758,0.010929781943559647
154,5,hard_s_curve_sequences,-1.599933929079237,-0.24999888759642544,2.2709991642903285e-06,local_goal_sequence,0.4,0.25,0.0,-1.05,1.25,-1.57,31.48130297855075,False,False,True,0.8614764173361672,0.38925307989120483,0.47169905660283007,0.8091751146913447,0.2404106706320139,-0.33747605808851466,185,0,1,4,0.6881804466247559,0.4157011806964874,False,0.0,,,250,0.0,0.0,250.0,34.476716730660634,running,8.423259735107422,40.718055725097656,0.011194155551493168
155,5,hard_s_curve_sequences,-1.6499316730770053,-0.29999890263692874,2.190834083848705e-06,local_goal_sequence,0.35,0.2,0.0,-1.05,-1.25,1.57,56.57677949459211,False,False,True,0.5935731619743385,0.4542941749095917,0.40311288741492746,0.6373251260511009,0.24023616229687172,-0.23421223863617346,130,97,2,4,0.5761078000068665,0.4542941749095917,False,0.0,,,250,0.0,0.0,250.0,35.838674003635816,running,20.339767456054688,9.523122787475586,0.01204777043312788
156,5,hard_s_curve_sequences,-1.599930635278632,-0.7499987564128632,2.2781144245091884e-06,local_goal_sequence,0.4,-0.25,0.0,0.55,1.75,-1.57,39.39853939811064,False,False,True,0.4986372983688307,0.48974859714508057,0.4716990566028302,0.35643870587910764,0.24250990340019257,0.11526035072372254,172,61,1,4,0.636886477470398,0.517192006111145,False,0.0,,,250,0.0,0.0,250.0,36.60646526692528,running,18.907028198242188,33.228111267089844,0.0120144784450531
157,5,hard_s_curve_sequences,-1.6499296955134606,-0.699999009372487,2.447222996933974e-06,local_goal_sequence,0.35,-0.2,0.0,0.55,1.75,-1.57,31.81021219031045,False,False,True,0.5143269146591581,0.4921398460865021,0.40311288741492746,0.38503325255515203,0.24410812372470922,0.01807963485977543,163,143,1,4,0.5922757387161255,0.5255696177482605,False,0.0,,,250,0.0,0.0,250.0,37.385915356593195,running,15.201786994934082,25.180587768554688,0.011364475823938847
158,5,hard_s_curve_sequences,-1.5999304839959012,-0.24999887690667189,2.3356179223683964e-06,local_goal_sequence,0.4,0.25,0.0,-1.05,1.25,-1.57,45.729002418206626,False,False,True,0.42845299740312526,0.48575228452682495,0.47169905660283024,0.4003406759436072,0.24095123097967483,0.07135838065922301,172,64,1,4,0.5477249026298523,0.6582331657409668,False,0.0,,,250,0.0,0.0,250.0,37.6913645374926,running,16.074289321899414,13.48210334777832,0.01174310501664877
159,5,hard_s_curve_sequences,-1.649930625918393,-0.6999990613573568,2.397760414221698e-06,local_goal_sequence,0.35,-0.2,0.0,-0.55,1.75,-1.57,21.57068532002372,False,False,True,0.5537738046761551,0.4801517724990845,0.4031128874149275,0.42742317002390107,0.24394552785982854,-0.024310282608973555,223,92,1,4,0.6253452301025391,0.49674320220947266,False,0.0,,,250,0.0,0.0,250.0,36.74189611384253,running,2.6073334217071533,16.88683319091797,0.011800725944340229
160,5,hard_s_curve_sequences,-1.5999317457629132,-0.24999877278046612,2.2245175043385646e-06,local_goal_sequence,0.4,0.25,0.0,0.55,-1.75,1.57,63.318601734734436,False,False,True,0.5995600264113338,0.45776402950286865,0.4716990566028301,0.617822825007259,0.24049916571646873,-0.14612376840442892,182,143,2,4,0.45776402950286865,0.5366226434707642,False,0.0,,,250,0.0,0.0,250.0,37.22137127167458,running,33.202457427978516,13.254179954528809,0.01252732239663601
161,5,hard_s_curve_sequences,-1.6499296210664,-0.6999988649451176,2.3426631696303214e-06,local_goal_sequence,0.35,-0.2,0.0,-0.15,-1.25,1.57,45.77130376524568,False,False,True,0.7433799982204058,0.4257308840751648,0.4031128874149275,0.4579254950898901,0.24223058102156228,-0.0548126076749626,209,121,2,4,0.4732031524181366,0.44406208395957947,False,0.0,,,250,0.0,0.0,250.0,37.53929102623073,running,-3.0366415977478027,27.63018798828125,0.012234128080308437
162,5,hard_s_curve_sequences,-1.5999306917450282,-0.7499987919208558,2.1740606398011116e-06,local_goal_sequence,0.4,-0.25,0.0,0.55,-1.75,1.57,45.592151106336736,False,False,True,0.6122760206443042,0.39504924416542053,0.4716990566028302,0.33168208552895323,0.2406086094042443,0.14001697107387695,234,70,1,4,0.6842204928398132,0.39504924416542053,False,0.0,,,250,0.0,0.0,250.0,38.38527669452371,running,4.26762580871582,5.237055778503418,0.011642872355878353
163,5,hard_s_curve_sequences,-1.6499307515853803,-0.6999988702668,2.2563214812669143e-06,local_goal_sequence,0.35,-0.2,0.0,1.05,-1.25,1.57,41.827901939413245,False,False,True,0.679756264275219,0.4394599199295044,0.40311288741492735,0.271478133669055,0.24281548859039095,0.13163475374587236,199,123,1,4,0.49321630597114563,0.4554956555366516,False,0.0,,,250,0.0,0.0,250.0,38.64175715946175,running,10.174664497375488,113.22076416015625,0.011272509582340717
164,5,hard_s_curve_sequences,-1.6499308020646524,-0.6999989023832653,2.1807174952171528e-06,local_goal_sequence,0.35,-0.2,0.0,1.05,-1.25,1.57,47.96689433875679,False,False,True,0.6166134747854034,0.4815163016319275,0.40311288741492757,0.27576783818770145,0.2406865864094767,0.12734504922722611,188,145,1,4,0.4815163016319275,0.5210829973220825,False,0.0,,,250,0.0,0.0,250.0,39.18972904005294,running,3.663059711456299,10.016366958618164,0.01087686512619257
165,5,hard_s_curve_sequences,-1.5999306851696886,-0.2499990439006148,2.564095425433471e-06,local_goal_sequence,0.4,0.25,0.0,-0.55,-1.75,1.57,33.1927465881288,False,False,True,0.6324983163231528,0.369527131319046,0.47169905660283024,0.493018963635252,0.24245942297872866,-0.02131990703242176,168,0,1,4,0.6972350478172302,0.369527131319046,False,0.0,,,250,0.0,0.0,250.0,39.64399866514597,running,-15.590478897094727,11.185860633850098,0.01059320941567421
166,5,hard_s_curve_sequences,-1.5999317723595148,-0.2499987966056946,2.161300202683121e-06,local_goal_sequence,0.4,0.25,0.0,-0.55,-1.75,1.57,53.94266747204403,False,False,True,0.6198576486981883,0.4438019394874573,0.4716990566028302,0.277440019736326,0.24110481858098645,0.1942590368665042,191,73,1,4,0.4438019394874573,0.5721959471702576,False,0.0,,,250,0.0,0.0,250.0,41.100908317307514,running,16.436582565307617,66.89933776855469,0.010027632117271423
167,5,hard_s_curve_sequences,-1.59993064622427,-0.7499987791218525,2.2401122529967133e-06,local_goal_sequence,0.4,-0.25,0.0,-0.15,-1.25,1.57,33.77289266075476,False,False,True,0.5000280355573571,0.47984036803245544,0.47169905660283007,0.41065626496082697,0.24267789227654069,0.0610427916420031,224,6,1,4,0.7096618413925171,0.49569690227508545,False,0.0,,,250,0.0,0.0,250.0,41.15413413750771,running,24.365140914916992,60.41483688354492,0.01015026681125164
168,5,hard_s_curve_sequences,-1.6499308009415,-0.6999989087259659,2.1706170484541617e-06,local_goal_sequence,0.35,-0.2,0.0,-1.05,1.25,-1.57,23.178399894836325,False,False,True,0.4151176794671135,0.48686447739601135,0.4031128874149274,0.48306386247725985,0.24237495788521568,-0.07995097506233245,150,40,1,4,0.6847140192985535,0.5491731762886047,False,0.0,,,250,0.0,0.0,250.0,40.20437838062466,running,48.91702651977539,11.439285278320312,0.010104559361934662
169,5,hard_s_curve_sequences,-1.6499316604418104,-0.299998914978042,2.166757543907604e-06,local_goal_sequence,0.35,0.2,0.0,-1.05,1.25,-1.57,42.51275083186538,False,False,True,0.44750026930699055,0.4912060499191284,0.4031128874149275,0.35204050903122147,0.240446641859108,0.05107237838370604,83,54,1,4,0.6388474106788635,0.5952140092849731,False,0.0,,,250,0.0,0.0,250.0,40.39466425903216,running,40.673004150390625,10.982928276062012,0.010614147409796715
170,5,hard_s_curve_sequences,-1.5999317676043936,-0.24999876214336567,2.2767359108211995e-06,local_goal_sequence,0.4,0.25,0.0,-1.05,1.25,-1.57,39.21172394639824,False,False,True,0.5091543816483775,0.4790565073490143,0.47169905660283024,0.6980571673671357,0.24153452034831105,-0.2263581107643055,127,0,1,4,0.6971920132637024,0.577528178691864,False,0.0,,,250,0.0,0.0,250.0,40.13662863697801,running,23.637157440185547,12.702347755432129,0.010992160998284817
171,5,hard_s_curve_sequences,-1.6499316486445768,-0.2999988901609341,2.2197329081895758e-06,local_goal_sequence,0.35,0.2,0.0,-1.05,1.25,-1.57,48.18285480607348,False,False,True,0.48874859154294314,0.4908714294433594,0.40311288741492735,0.3189344216108053,0.24148931476288021,0.08417846580412203,113,17,1,4,0.6319334506988525,0.5774218440055847,False,0.0,,,250,0.0,0.0,250.0,39.645499956162965,running,27.9200382232666,15.435857772827148,0.012159156613051891
172,5,hard_s_curve_sequences,-1.5999317625431217,-0.24999875320998785,2.2690635959525133e-06,local_goal_sequence,0.4,0.25,0.0,-1.05,1.25,-1.57,27.6643366272546,False,False,True,0.6695655230930514,0.4669034481048584,0.47169905660283024,0.7452499530252081,0.24028770771464703,-0.2735508964223779,165,0,1,4,0.6972474455833435,0.5097494125366211,False,0.0,,,250,0.0,0.0,250.0,40.0335902673999,running,20.53752899169922,13.767505645751953,0.012899873778223991
173,5,hard_s_curve_sequences,-1.6499356020072098,-0.699998850093792,2.1941355417521593e-06,local_goal_sequence,0.35,-0.2,0.0,-0.15,-1.25,1.57,31.456132531882687,False,False,True,0.5773873731282979,0.48527100682258606,0.40311288741492746,0.36156748867422067,0.24190110521987823,0.041545398740706785,188,118,1,4,0.5698947906494141,0.49061745405197144,False,0.0,,,250,0.0,0.0,250.0,39.686841414703636,running,6.578927993774414,27.93147850036621,0.012941818684339523
174,5,hard_s_curve_sequences,-1.5999317635744068,-0.24999879236198982,2.205937430239849e-06,local_goal_sequence,0.4,0.25,0.0,0.55,-1.75,1.57,53.41215899755756,False,False,True,0.5450188712330108,0.4860786497592926,0.47169905660283035,0.3024682661657628,0.24142039810503638,0.16923079043706757,197,109,1,4,0.5240771770477295,0.5510236024856567,False,0.0,,,250,0.0,0.0,250.0,40.28025293979714,running,17.570175170898438,15.475014686584473,0.012728318572044373
175,5,hard_s_curve_sequences,-1.5999306738263193,-0.7499988019210551,2.158563596146734e-06,local_goal_sequence,0.4,-0.25,0.0,-0.55,-1.75,1.57,50.44331383872524,False,False,True,0.5731267380500178,0.4306892156600952,0.47169905660283035,0.32740215039738635,0.24072896271338814,0.144296906205444,221,79,1,4,0.6549253463745117,0.4306892156600952,False,0.0,,,250,0.0,0.0,250.0,41.1715373906223,running,20.74843978881836,14.659741401672363,0.012208865024149418
176,5,hard_s_curve_sequences,-1.599931764916234,-0.24999877387592312,2.227815581775447e-06,local_goal_sequence,0.4,0.25,0.0,-0.55,-1.75,1.57,35.589055701434226,False,False,True,0.6793502980625895,0.3491503894329071,0.4716990566028302,0.568737004872084,0.24016060089388563,-0.09703794826925383,176,0,1,4,0.6901781558990479,0.39117518067359924,False,0.0,,,250,0.0,0.0,250.0,40.99762275133111,running,21.220874786376953,7.366751194000244,0.011711565777659416
177,5,hard_s_curve_sequences,-1.5999327686057292,-0.7499988807696998,2.3005547565283455e-06,local_goal_sequence,0.4,-0.25,0.0,-1.05,1.25,-1.57,56.179290882327514,False,False,True,0.6026255251204876,0.43170085549354553,0.4716990566028301,0.28117622672977977,0.24023953574510215,0.19052282987305036,221,112,1,4,0.605066180229187,0.43170085549354553,False,0.0,,,250,0.0,0.0,250.0,42.06392697569272,running,29.974468231201172,75.98433685302734,0.01104731298983097
178,5,hard_s_curve_sequences,-1.649933804934078,-0.299999000535722,2.2723732324226706e-06,local_goal_sequence,0.35,0.2,0.0,-0.55,1.75,-1.57,55.45711628111663,False,False,True,0.5608173931094494,0.46636033058166504,0.4031128874149274,0.2471790670501027,0.2414658611024653,0.1559338203648247,123,67,1,4,0.6160635948181152,0.46636033058166504,False,0.0,,,250,0.0,0.0,250.0,42.20955262978721,running,23.492528915405273,53.21957015991211,0.011072743684053421
179,5,hard_s_curve_sequences,-1.64993075447502,-0.6999988907111421,2.207300628454703e-06,local_goal_sequence,0.35,-0.2,0.0,1.05,-1.25,1.57,17.813251341408076,False,False,True,0.5725344933293347,0.4884973466396332,0.4031128874149276,0.3780054925291098,0.24510474892781242,0.025107394885817813,194,86,1,4,0.5882157683372498,0.4926440417766571,False,0.0,,,250,0.0,0.0,250.0,41.662830564301515,running,4.925868034362793,24.84683609008789,0.011515890248119831
180,5,hard_s_curve_sequences,-1.599930640388117,-0.7499987710235818,2.260039311261116e-06,local_goal_sequence,0.4,-0.25,0.0,-0.15,1.25,-1.57,49.664028656032684,False,False,True,0.6568815068734597,0.37170401215553284,0.47169905660283024,0.2753266332734275,0.24096884006264965,0.19637242332940275,230,87,1,4,0.6359989047050476,0.37170401215553284,False,0.0,,,250,0.0,0.0,250.0,41.38632053075914,running,18.384449005126953,17.979751586914062,0.012147989124059677
181,5,hard_s_curve_sequences,-1.5999306470105066,-0.749998762725163,2.2378439103673885e-06,local_goal_sequence,0.4,-0.25,0.0,-0.15,-1.25,1.57,49.782526448084404,False,False,True,0.5809550104155958,0.44154247641563416,0.47169905660283024,0.32229383299222036,0.24102260567763803,0.14940522361060987,228,71,1,4,0.658474862575531,0.44154247641563416,False,0.0,,,250,0.0,0.0,250.0,41.80168001275809,running,19.26651382446289,15.385086059570312,0.012012645602226257
182,5,hard_s_curve_sequences,-1.6499307550882265,-0.6999988892003391,2.2472643516395036e-06,local_goal_sequence,0.35,-0.2,0.0,-0.55,1.75,-1.57,26.87188645566546,False,False,True,0.5767890618654663,0.4883917272090912,0.40311288741492735,0.39314041985145126,0.24087044901309768,0.009972467563476084,203,98,1,4,0.5892109870910645,0.4926440715789795,False,0.0,,,250,0.0,0.0,250.0,41.60414698337228,running,21.412630081176758,25.51978302001953,0.011602597311139107
183,5,hard_s_curve_sequences,-1.6499307891277437,-0.6999989132594115,2.1385506836356445e-06,local_goal_sequence,0.35,-0.2,0.0,-0.55,-1.75,1.57,24.20965982149628,False,False,True,0.6017977500573062,0.44561710953712463,0.40311288741492735,0.3967304904800024,0.24356907104100584,0.006382396934924928,213,89,1,4,0.6120972633361816,0.44561710953712463,False,0.0,,,250,0.0,0.0,250.0,40.74337327950388,running,16.540416717529297,19.958112716674805,0.012319585308432579
184,5,hard_s_curve_sequences,-1.649932887323198,-0.6999989966924425,2.31502952727532e-06,local_goal_sequence,0.35,-0.2,0.0,1.05,-1.25,1.57,33.21799605686717,False,False,True,0.6090553036525547,0.48099976778030396,0.4031128874149275,0.33467020586716534,0.2420549293729066,0.06844268154776217,193,122,1,4,0.5456604361534119,0.48099976778030396,False,0.0,,,250,0.0,0.0,250.0,41.20926570897762,running,18.996902465820312,7.12621545791626,0.012244598008692265
185,5,hard_s_curve_sequences,-1.6499380781882644,-0.29999909654906376,2.30143702772011e-06,local_goal_sequence,0.35,0.2,0.0,-0.15,-1.25,1.57,52.19265609988948,False,False,True,0.5348393597846747,0.48501816391944885,0.4031128874149275,0.2723502141904491,0.24047190882826872,0.13076267322447843,124,61,1,4,0.6274144053459167,0.49662309885025024,False,0.0,,,250,0.0,0.0,250.0,40.76422788358382,running,9.080636024475098,15.246744155883789,0.011882367543876171
186,5,hard_s_curve_sequences,-1.5999306790959162,-0.7499987961457907,2.1940533503452488e-06,local_goal_sequence,0.4,-0.25,0.0,0.55,1.75,-1.57,46.7488228524593,False,False,True,0.6568189255524481,0.38395100831985474,0.4716990566028301,0.2722910492967311,0.24075706651101725,0.19940800730609903,230,86,1,4,0.6332238912582397,0.38395100831985474,False,0.0,,,250,0.0,0.0,250.0,40.80332864707236,running,-5.581326484680176,22.17253303527832,0.01101973932236433
187,5,hard_s_curve_sequences,-1.5999304226505202,-0.2499987217843274,2.311294166311196e-06,local_goal_sequence,0.4,0.25,0.0,-1.05,-1.25,1.57,40.16137192115455,False,False,True,0.6638865467480114,0.300751268863678,0.4716990566028301,0.4843240645565536,0.24250598719769267,-0.012625007953723455,172,0,1,4,0.6932552456855774,0.3257285952568054,False,0.0,,,250,0.0,0.0,250.0,40.586097479665085,running,11.908856391906738,14.135051727294922,0.011105570010840893
188,5,hard_s_curve_sequences,-1.599931752670856,-0.24999876669532986,2.2462192864843953e-06,local_goal_sequence,0.4,0.25,0.0,-0.15,1.25,-1.57,56.4182711907944,False,False,True,0.5329771770214311,0.4831584393978119,0.47169905660283035,0.29773947868667533,0.2460255389985663,0.17395957791615502,175,100,1,4,0.5012491345405579,0.5699261426925659,False,0.0,,,250,0.0,0.0,250.0,41.169712249720334,running,15.26417350769043,12.174509048461914,0.011485460214316845
189,5,hard_s_curve_sequences,-1.5999317770843962,-0.24999879342848816,2.198683771669891e-06,local_goal_sequence,0.4,0.25,0.0,0.55,-1.75,1.57,43.78693134997447,False,False,True,0.5274589636530288,0.4579230546951294,0.4716990566028301,0.43378954427618993,0.24118089920849936,0.03790951232664019,157,0,1,4,0.7009910941123962,0.4579230546951294,False,0.0,,,250,0.0,0.0,250.0,41.00251373016904,running,17.019262313842773,8.1746826171875,0.012104282155632973
190,5,hard_s_curve_sequences,-1.6499374824559743,-0.299998886636134,2.2704252135847845e-06,local_goal_sequence,0.35,0.2,0.0,1.05,1.25,-1.57,38.86434912946037,False,False,True,0.4591482530772072,0.4835735857486725,0.4031128874149275,0.36199464604616677,0.24023999878408045,0.041118241368760744,90,27,1,4,0.663864016532898,0.5821389555931091,False,0.0,,,250,0.0,0.0,250.0,41.22937783182229,running,21.999496459960938,9.985057830810547,0.012281788513064384
191,5,hard_s_curve_sequences,-1.5999306259557315,-0.749998774104521,2.2510006614412875e-06,local_goal_sequence,0.4,-0.25,0.0,-0.15,-1.25,1.57,38.42505136507142,False,False,True,0.5813601721070001,0.4301324486732483,0.4716990566028303,0.3684726830070132,0.24105041391460488,0.1032263735958171,236,6,1,4,0.699464738368988,0.4301324486732483,False,0.0,,,250,0.0,0.0,250.0,40.60867318754339,running,7.794435977935791,27.33492088317871,0.012645832262933254
192,5,hard_s_curve_sequences,-1.6499311512357546,-0.29999909923435386,2.3367042936896227e-06,local_goal_sequence,0.35,0.2,0.0,-0.15,-1.25,1.57,55.89283642083935,False,False,True,0.5222920832794693,0.48550739884376526,0.4031128874149275,0.27984037671958156,0.2403731994297535,0.12327251069534595,139,83,1,4,0.6181936860084534,0.5054677724838257,False,0.0,,,250,0.0,0.0,250.0,41.493470937946775,running,30.962461471557617,11.773966789245605,0.012484440580010414
193,5,hard_s_curve_sequences,-1.5999306295855613,-0.7499987572600996,2.2870259872665424e-06,local_goal_sequence,0.4,-0.25,0.0,0.55,1.75,-1.57,46.701633155510265,False,False,True,0.6143163535758037,0.3943230211734772,0.4716990566028302,0.3191815253785925,0.24233057076009026,0.15251753122423767,228,61,1,4,0.6757912039756775,0.3943230211734772,False,0.0,,,250,0.0,0.0,250.0,42.43440026837373,running,8.479266166687012,27.117141723632812,0.011686434969305992
194,5,hard_s_curve_sequences,-1.5999306411030456,-0.7499987641324163,2.2684423293451162e-06,local_goal_sequence,0.4,-0.25,0.0,0.55,1.75,-1.57,40.26576558341893,False,False,True,0.6226125913783815,0.40193799138069153,0.47169905660283007,0.3210980024573574,0.2447844354602039,0.15060105414547265,235,43,1,4,0.6749558448791504,0.40193799138069153,False,0.0,,,250,0.0,0.0,250.0,42.34452085843587,running,10.264704704284668,10.404012680053711,0.011210795491933823
195,5,hard_s_curve_sequences,-1.5999317661053285,-0.2499987894200643,2.188753060956508e-06,local_goal_sequence,0.4,0.25,0.0,-0.15,-1.25,1.57,42.91300040120018,False,False,True,0.5128571521646326,0.4794691503047943,0.4716990566028302,0.46154889162779744,0.2401590324424343,0.010150164975032738,154,0,1,4,0.689548909664154,0.4822247624397278,False,0.0,,,250,0.0,0.0,250.0,42.49257191662795,running,30.319744110107422,14.011472702026367,0.011308182030916214
196,5,hard_s_curve_sequences,-1.599931759398755,-0.24999876916381442,2.255940809179141e-06,local_goal_sequence,0.4,0.25,0.0,1.05,-1.25,1.57,45.14795999853489,False,False,True,0.5964283741576023,0.40443485975265503,0.4716990566028303,0.5376730941434467,0.24206920772382098,-0.06597403754061637,163,0,1,4,0.6777446269989014,0.447279691696167,False,0.0,,,250,0.0,0.0,250.0,42.371176124326404,running,20.1004638671875,6.500490188598633,0.011567894369363785
197,5,hard_s_curve_sequences,-1.5999309982069239,-0.24999890044483383,2.2704039855275764e-06,local_goal_sequence,0.4,0.25,0.0,-0.55,-1.75,1.57,59.05738794570116,False,False,True,0.5469073526851297,0.48086509108543396,0.47169905660283007,0.2890192093543731,0.24146926318159936,0.18267984724845698,179,121,1,4,0.5055912733078003,0.5519742369651794,False,0.0,,,250,0.0,0.0,250.0,43.62689817706427,running,16.4547176361084,14.279115676879883,0.011861490085721016
198,5,hard_s_curve_sequences,-1.5999317603286172,-0.24999880389410625,2.166952274474959e-06,local_goal_sequence,0.4,0.25,0.0,0.55,-1.75,1.57,55.587933368793365,False,False,True,0.536705115773798,0.47992634773254395,0.47169905660283024,0.2955754656426705,0.24189284178899015,0.17612359096015973,179,104,1,4,0.5046018362045288,0.5545853972434998,False,0.0,,,250,0.0,0.0,250.0,44.59217021054069,running,33.31512451171875,17.30663299560547,0.012204797007143497
199,5,hard_s_curve_sequences,-1.6499316605776686,-0.29999887279315274,2.2541409106343346e-06,local_goal_sequence,0.35,0.2,0.0,-1.05,1.25,-1.57,50.51912081957692,False,False,True,0.5740779276747406,0.45645222067832947,0.4031128874149275,0.2699012077848793,0.2422155121283878,0.1332116796300482,139,48,1,4,0.6594981551170349,0.46582967042922974,False,0.0,,,250,0.0,0.0,250.0,44.47644868342147,running,27.780986785888672,19.668636322021484,0.012616578489542007
200,5,hard_s_curve_sequences,-1.6499338265455035,-0.29999897259309716,2.340328956538319e-06,local_goal_sequence,0.35,0.2,0.0,-1.05,-1.25,1.57,50.360471758230396,False,False,True,0.5718962792747853,0.46754518151283264,0.40311288741492757,0.26831667719831226,0.2426933401553114,0.1347962102166153,139,65,1,4,0.6470553278923035,0.46754518151283264,False,0.0,,,250,0.0,0.0,250.0,44.47313500020168,running,9.979713439941406,6.959496021270752,0.012013103812932968
201,5,hard_s_curve_sequences,-1.5999296232535867,-0.7499989085899469,2.3761631104369987e-06,local_goal_sequence,0.4,-0.25,0.0,0.55,1.75,-1.57,42.34749934072251,False,False,True,0.6530350637634817,0.33964404463768005,0.4716990566028303,0.2979832336923011,0.2425812009026942,0.17371582291052917,207,65,1,4,0.67087322473526,0.33964404463768005,False,0.0,,,250,0.0,0.0,250.0,44.74347274577322,running,17.858469009399414,8.436344146728516,0.012313859537243843
202,5,hard_s_curve_sequences,-1.6499307656573974,-0.6999988924497484,2.2033330699533006e-06,local_goal_sequence,0.35,-0.2,0.0,-0.55,1.75,-1.57,20.177378265099136,False,False,True,0.525785560392192,0.485892653465271,0.4031128874149275,0.41143248763580276,0.24207621752393313,-0.008319600220875245,207,112,1,4,0.621946394443512,0.5164152383804321,False,0.0,,,250,0.0,0.0,250.0,43.30339624108407,running,-0.1314956694841385,19.85316276550293,0.012167276814579964
203,5,hard_s_curve_sequences,-1.5999317756105593,-0.2499987489773842,2.2794964356183567e-06,local_goal_sequence,0.4,0.25,0.0,-1.05,1.25,-1.57,57.05847713454348,False,False,True,0.5244028663510981,0.48065075278282166,0.47169905660283007,0.3085725096228394,0.24021392493776633,0.16312654697999068,174,115,1,4,0.5094378590583801,0.5808122754096985,False,0.0,,,250,0.0,0.0,250.0,43.36745067522114,running,21.787240982055664,4.3763322830200195,0.012892980128526688
204,5,hard_s_curve_sequences,-1.6499307695616472,-0.6999989059847365,2.204080643673734e-06,local_goal_sequence,0.35,-0.2,0.0,1.05,1.25,-1.57,24.508171228209484,False,False,True,0.5644382669403233,0.48391491174697876,0.40311288741492746,0.4004539621421177,0.24475373738890996,0.0026589252728097534,216,107,1,4,0.6024170517921448,0.48391491174697876,False,0.0,,,250,0.0,0.0,250.0,43.6352474706932,running,16.386882781982422,25.389904022216797,0.013543443754315376
205,5,hard_s_curve_sequences,-1.6499370843357877,-0.6999987846144875,2.1212282230767993e-06,local_goal_sequence,0.35,-0.2,0.0,1.05,-1.25,1.57,24.158611852331596,False,False,True,0.5507029143953298,0.48424407839775085,0.4031128874149274,0.3847648492271462,0.2402128747195771,0.01834803818778119,171,114,1,4,0.5864662528038025,0.5086018443107605,False,0.0,,,250,0.0,0.0,250.0,42.615030798545156,running,16.30291748046875,16.97928237915039,0.013456354849040508
206,5,hard_s_curve_sequences,-1.6499307438600763,-0.6999988685748219,2.286362382699586e-06,local_goal_sequence,0.35,-0.2,0.0,-0.15,1.25,-1.57,26.247744319891098,False,False,True,0.5519885684749035,0.4918024241924286,0.40311288741492757,0.3635756801516714,0.24237673848734137,0.03953720726325616,183,115,1,4,0.58270663022995,0.5149660706520081,False,0.0,,,250,0.0,0.0,250.0,41.67363951341742,running,3.009397506713867,10.656648635864258,0.01300870068371296
207,5,hard_s_curve_sequences,-1.5999380567530317,-0.24999894398353614,2.2310622463310393e-06,local_goal_sequence,0.4,0.25,0.0,-0.15,1.25,-1.57,58.907309459291504,False,False,True,0.5484408956236454,0.4869697391986847,0.4716990566028303,0.2830856934969701,0.24095444401612798,0.1886133631058602,174,124,1,4,0.5017684698104858,0.5414302349090576,False,0.0,,,250,0.0,0.0,250.0,42.95505643356247,running,6.838481426239014,26.495113372802734,0.01239015068858862
208,5,hard_s_curve_sequences,-1.5999294035875262,-0.7499988224286072,2.316530869674589e-06,local_goal_sequence,0.4,-0.25,0.0,-1.05,1.25,-1.57,39.47039562515567,False,False,True,0.631585926958391,0.38998615741729736,0.4716990566028302,0.31782096139835475,0.24594583446262439,0.15387809520447543,226,90,1,4,0.6609256267547607,0.38998615741729736,False,0.0,,,250,0.0,0.0,250.0,43.565485865708844,running,4.559691905975342,10.395679473876953,0.012116997502744198
209,5,hard_s_curve_sequences,-1.5999327991496484,-0.7499988762709751,2.3075066810264972e-06,local_goal_sequence,0.4,-0.25,0.0,-0.15,-1.25,1.57,46.55329343783257,False,False,True,0.5954093984009254,0.44054171442985535,0.4716990566028303,0.3072196699721007,0.24245576976814623,0.16447938663072958,219,51,1,4,0.633256196975708,0.44054171442985535,False,0.0,,,250,0.0,0.0,250.0,44.098897760947445,running,19.76592445373535,6.11201810836792,0.012003524228930473
210,5,hard_s_curve_sequences,-1.5999317718648622,-0.24999876560096623,2.2501435076083524e-06,local_goal_sequence,0.4,0.25,0.0,-0.55,-1.75,1.57,39.33532541663509,False,False,True,0.6687921463456856,0.31913551688194275,0.4716990566028301,0.5178205600482503,0.2441464393169463,-0.04612150344542015,181,0,1,4,0.705625593662262,0.3547828793525696,False,0.0,,,250,0.0,0.0,250.0,43.584604533617274,running,4.666049957275391,8.09434700012207,0.011820487678050995
211,5,hard_s_curve_sequences,-1.599931232395516,-0.24999891571586141,2.402466316836043e-06,local_goal_sequence,0.4,0.25,0.0,0.55,1.75,-1.57,61.30231740088902,False,False,True,0.5537340753252609,0.4797862470149994,0.47169905660283035,0.2703586249603999,0.24221236266288435,0.20134043164243043,176,91,1,4,0.4887767434120178,0.5644850730895996,False,0.0,,,250,0.0,0.0,250.0,44.16674431555447,running,10.31312370300293,7.075619220733643,0.011692315340042114
212,5,hard_s_curve_sequences,-1.5999306617303979,-0.7499987954246595,2.171144317045363e-06,local_goal_sequence,0.4,-0.25,0.0,-0.55,1.75,-1.57,41.14080531192386,False,False,True,0.6278189957468503,0.3925188481807709,0.4716990566028302,0.3239342613276177,0.2417945080808742,0.14776479527521247,234,76,1,4,0.655430018901825,0.3925188481807709,False,0.0,,,250,0.0,0.0,250.0,44.20592165118524,running,14.706953048706055,5.256377220153809,0.010835565626621246
213,5,hard_s_curve_sequences,-1.6499316489708427,-0.29999887727705454,2.2607413735009127e-06,local_goal_sequence,0.35,0.2,0.0,-1.05,1.25,-1.57,56.48671089067371,False,False,True,0.5310099856597321,0.4788190722465515,0.40311288741492746,0.27604273606318885,0.24491177368898961,0.1270701513517386,131,62,1,4,0.6006207466125488,0.5124204158782959,False,0.0,,,250,0.0,0.0,250.0,44.20865923918041,running,-9.572432518005371,95.93051147460938,0.010880496352910995
214,5,hard_s_curve_sequences,-1.5999306917009504,-0.7499988135128604,2.155661262981425e-06,local_goal_sequence,0.4,-0.25,0.0,-0.55,-1.75,1.57,45.24651123630886,False,False,True,0.6597219635405919,0.3566414415836334,0.47169905660283024,0.301144568900449,0.24109311818299084,0.17055448770238124,242,64,1,4,0.6706836819648743,0.3566414415836334,False,0.0,,,250,0.0,0.0,250.0,44.267042434633794,running,17.991352081298828,150.2286376953125,0.010980556719005108
215,5,hard_s_curve_sequences,-1.6499328716167436,-0.6999989629286277,2.3895007471777575e-06,local_goal_sequence,0.35,-0.2,0.0,-0.15,1.25,-1.57,15.299663144338474,False,False,True,0.5673041662423433,0.43494370579719543,0.4031128874149274,0.4244758942981428,0.2429127655113526,-0.021363006883215407,205,79,1,4,0.6375555992126465,0.43494370579719543,False,0.0,,,250,0.0,0.0,250.0,43.32445499522892,running,25.3734188079834,5.4605183601379395,0.011715107597410679
216,5,hard_s_curve_sequences,-1.5999312876163578,-0.24999886594662304,2.4485596070795807e-06,local_goal_sequence,0.4,0.25,0.0,1.05,-1.25,1.57,42.23193140978359,False,False,True,0.6211191366434511,0.35113951563835144,0.47169905660283007,0.5039300524474261,0.24069360275581744,-0.03223099584459599,164,0,1,4,0.6913682818412781,0.39258381724357605,False,0.0,,,250,0.0,0.0,250.0,43.4767301970174,running,10.876980781555176,14.482439041137695,0.011975533328950405
217,5,hard_s_curve_sequences,-1.5999358468505203,-0.24999918167874013,2.252791348230833e-06,local_goal_sequence,0.4,0.25,0.0,1.05,-1.25,1.57,44.35664249113696,False,False,True,0.5388509875695618,0.4604613780975342,0.4716990566028302,0.46442117088837015,0.24171490620717126,0.007277885714460031,154,0,1,4,0.6844468116760254,0.4604613780975342,False,0.0,,,250,0.0,0.0,250.0,43.015282439829306,running,20.98574447631836,13.741466522216797,0.012656617909669876
218,5,hard_s_curve_sequences,-1.64993050172399,-0.6999991894569257,2.5622167290020805e-06,local_goal_sequence,0.35,-0.2,0.0,-0.55,-1.75,1.57,21.752741807070038,False,False,True,0.5301483862616232,0.4890652298927307,0.4031128874149275,0.41499417113048925,0.2426943033425311,-0.011881283715561741,201,87,1,4,0.6276039481163025,0.5240979194641113,False,0.0,,,250,0.0,0.0,250.0,42.01732678589169,running,24.819692611694336,7.469076156616211,0.013175487518310547
219,5,hard_s_curve_sequences,-1.6499316708711733,-0.2999988994311843,2.1857681175021497e-06,local_goal_sequence,0.35,0.2,0.0,-1.05,1.25,-1.57,57.02282272520835,False,False,True,0.6049195818179032,0.4268661439418793,0.4031128874149274,0.6712753630134513,0.24043299987017616,-0.26816247559852385,150,79,2,4,0.605597972869873,0.4268661439418793,False,0.0,,,250,0.0,0.0,250.0,42.68760907156327,running,31.88933753967285,20.388450622558594,0.01327554415911436
220,5,hard_s_curve_sequences,-1.5999361351592574,-0.7499988478739366,2.2568209579038916e-06,local_goal_sequence,0.4,-0.25,0.0,-0.55,-1.75,1.57,27.08038264491909,False,False,True,0.605231779109845,0.39203333854675293,0.4716990566028302,0.398047701390994,0.2408114781015436,0.07365135521183619,250,2,1,4,0.6991775631904602,0.39203333854675293,False,0.0,,,250,0.0,0.0,250.0,42.054304361312035,running,32.570587158203125,3.937199115753174,0.014300212264060974
221,5,hard_s_curve_sequences,-1.5999317617442586,-0.249998766939345,2.2402940425730624e-06,local_goal_sequence,0.4,0.25,0.0,-0.15,1.25,-1.57,61.37916971505956,False,False,True,0.5715805413459193,0.4796808660030365,0.47169905660283024,0.2619333435275088,0.2403420059381512,0.20976571307532144,194,135,1,4,0.49267005920410156,0.5341184735298157,False,0.0,,,250,0.0,0.0,250.0,42.70355274997302,running,26.638296127319336,3.176034450531006,0.014095166698098183
222,5,hard_s_curve_sequences,-1.6499316478435886,-0.29999887389919905,2.2602136010621837e-06,local_goal_sequence,0.35,0.2,0.0,0.55,-1.75,1.57,62.45339505309795,False,False,True,0.5466301280117247,0.4758387506008148,0.40311288741492746,0.2532563414033833,0.2410837262783795,0.14985654601154413,143,83,1,4,0.6055989265441895,0.4758387506008148,False,0.0,,,250,0.0,0.0,250.0,42.839393034268895,running,21.578397750854492,8.109176635742188,0.013266577385365963
223,5,hard_s_curve_sequences,-1.6499316559526085,-0.2999989113002037,2.1494595353209647e-06,local_goal_sequence,0.35,0.2,0.0,0.55,-1.75,1.57,39.781983090056656,False,False,True,0.6800117697331219,0.3704277276992798,0.4031128874149275,0.6165556422824284,0.24114078245546275,-0.21344275486750092,164,140,2,4,0.5925979614257812,0.3704277276992798,False,0.0,,,250,0.0,0.0,250.0,42.20715502311942,running,26.660642623901367,3.7649765014648438,0.013493653386831284
224,5,hard_s_curve_sequences,-1.5999306829148843,-0.7499988032293563,2.1575523702100893e-06,local_goal_sequence,0.4,-0.25,0.0,-0.15,1.25,-1.57,55.5498189534998,False,False,True,0.6181908738224815,0.42019978165626526,0.4716990566028304,0.27431504038353327,0.24284378616624958,0.19738401621929713,219,108,1,4,0.6077668070793152,0.42019978165626526,False,0.0,,,250,0.0,0.0,250.0,42.408382948476344,running,20.770967483520508,8.658342361450195,0.013857359997928143
225,5,hard_s_curve_sequences,-1.5999317525076164,-0.24999877139513363,2.2527411513303127e-06,local_goal_sequence,0.4,0.25,0.0,-0.55,-1.75,1.57,57.899471408557844,False,False,True,0.5327580803697557,0.478259414434433,0.4716990566028302,0.2930286219350442,0.2423206105393705,0.17867043466778598,194,128,1,4,0.4950213134288788,0.5690487027168274,False,0.0,,,250,0.0,0.0,250.0,42.70994293448943,running,1.2094128131866455,25.244007110595703,0.013935956172645092
226,5,hard_s_curve_sequences,-1.599930634431497,-0.7499987554173597,2.2833625134045983e-06,local_goal_sequence,0.4,-0.25,0.0,-0.55,-1.75,1.57,47.463567796379415,False,False,True,0.6030552436596445,0.4278562366962433,0.4716990566028301,0.28364809947474057,0.24243919672842523,0.18805095712808956,213,89,1,4,0.6251946687698364,0.4278562366962433,False,0.0,,,250,0.0,0.0,250.0,42.91458567271571,running,16.511371612548828,6.098031997680664,0.013324282132089138
227,5,hard_s_curve_sequences,-1.6499316430670927,-0.29999888268152625,2.2616748027694923e-06,local_goal_sequence,0.35,0.2,0.0,-0.15,-1.25,1.57,46.87127625709752,False,False,True,0.6486011041231534,0.3922428488731384,0.4031128874149274,0.6116385028813602,0.24137662989513056,-0.20852561546643283,160,118,2,4,0.5902022123336792,0.3922428488731384,False,0.0,,,250,0.0,0.0,250.0,43.98234159239564,running,-16.392820358276367,14.242494583129883,0.013319974765181541
228,5,hard_s_curve_sequences,-1.6499328714734358,-0.699998958137618,2.390223800857288e-06,local_goal_sequence,0.35,-0.2,0.0,0.55,-1.75,1.57,47.15906585927381,False,False,True,0.6333427861904836,0.47888341546058655,0.4031128874149275,0.25420964722716727,0.24568223765453023,0.14890324018776024,187,149,1,4,0.47888341546058655,0.5055345892906189,False,0.0,,,250,0.0,0.0,250.0,43.58636514138486,running,18.467815399169922,20.774446487426758,0.013316246680915356
229,5,hard_s_curve_sequences,-1.5999306375433033,-0.7499987822463778,2.2295180294603587e-06,local_goal_sequence,0.4,-0.25,0.0,-0.15,-1.25,1.57,58.85593024420614,False,False,True,0.6143352504831219,0.4323141276836395,0.4716990566028302,0.251518637005972,0.24018610476695512,0.2201804195968582,208,114,1,4,0.5776192545890808,0.4323141276836395,False,0.0,,,250,0.0,0.0,250.0,44.96027550202472,running,13.936354637145996,7.165253639221191,0.012810745276510715
230,5,hard_s_curve_sequences,-1.6499307666441367,-0.6999989082123563,2.1904761771415256e-06,local_goal_sequence,0.35,-0.2,0.0,-0.15,1.25,-1.57,34.671257599872064,False,False,True,0.6138737943968715,0.48288193345069885,0.40311288741492746,0.3081041846119486,0.24043757631323548,0.09500870280297885,180,130,1,4,0.5372803211212158,0.49532896280288696,False,0.0,,,250,0.0,0.0,250.0,45.380781331926336,running,26.828109741210938,3.223865032196045,0.012386842630803585
231,5,hard_s_curve_sequences,-1.599930653304538,-0.7499987626696627,2.2534384317198235e-06,local_goal_sequence,0.4,-0.25,0.0,1.05,1.25,-1.57,59.4421601650289,False,False,True,0.669106867199572,0.38497641682624817,0.4716990566028302,0.6829253603784662,0.24059638761053306,-0.211226303775636,208,129,2,4,0.580488383769989,0.38497641682624817,False,0.0,,,250,0.0,0.0,250.0,46.70855796573185,running,24.10833740234375,5.126638412475586,0.012652871198952198
232,5,hard_s_curve_sequences,-1.6499307198795927,-0.29999900012285285,2.515904665948423e-06,local_goal_sequence,0.35,0.2,0.0,0.55,1.75,-1.57,52.77233800282236,False,False,True,0.6420826493123597,0.38690972328186035,0.4031128874149275,0.6287901052200103,0.24016434424117536,-0.22567721780508282,174,124,2,4,0.5942617058753967,0.38690972328186035,False,0.0,,,250,0.0,0.0,250.0,46.46315910747308,running,13.349841117858887,12.85556697845459,0.0124871376901865
233,5,hard_s_curve_sequences,-1.599933920110345,-0.2499988563215941,2.340069840246313e-06,local_goal_sequence,0.4,0.25,0.0,-1.05,1.25,-1.57,60.109783334461184,False,False,True,0.5528152771794191,0.48826277256011963,0.4716990566028302,0.2738052589999364,0.24126985247141125,0.19789379760289377,182,158,1,4,0.4930529296398163,0.5610257983207703,False,0.0,,,250,0.0,0.0,250.0,47.28873461584531,running,17.488792419433594,9.601299285888672,0.012426894158124924
234,5,hard_s_curve_sequences,-1.5999318599294818,-0.24999875327278845,2.156767159009276e-06,local_goal_sequence,0.4,0.25,0.0,0.55,1.75,-1.57,55.87721317849963,False,False,True,0.5101802537039556,0.48078516125679016,0.47169905660283035,0.3060014270196494,0.2425675012375024,0.16569762958318096,182,106,1,4,0.5042968988418579,0.5913068652153015,False,0.0,,,250,0.0,0.0,250.0,47.66169140547199,running,21.325439453125,10.470356941223145,0.012317975983023643
235,5,hard_s_curve_sequences,-1.5999306409109368,-0.7499987631986685,2.2588189418227967e-06,local_goal_sequence,0.4,-0.25,0.0,-0.15,1.25,-1.57,42.87686667491307,False,False,True,0.5987479167927633,0.424408495426178,0.47169905660283024,0.3241989342875205,0.2420327724502802,0.14750012231530973,224,71,1,4,0.6561174392700195,0.424408495426178,False,0.0,,,250,0.0,0.0,250.0,47.80335305580311,running,16.8299560546875,11.605446815490723,0.01231845747679472
236,5,hard_s_curve_sequences,-1.6499316710985843,-0.2999989025693378,2.189826771577254e-06,local_goal_sequence,0.35,0.2,0.0,-0.55,1.75,-1.57,61.99585278302692,False,False,True,0.5421085700935443,0.4807894229888916,0.4031128874149275,0.25422545321878276,0.2413326072374448,0.14888743419614475,146,67,1,4,0.6088644862174988,0.5047019720077515,False,0.0,,,250,0.0,0.0,250.0,47.83109447108863,running,12.709843635559082,9.055055618286133,0.012467830441892147
237,5,hard_s_curve_sequences,-1.6499316601193348,-0.2999989090320626,2.1730230946810834e-06,local_goal_sequence,0.35,0.2,0.0,1.05,1.25,-1.57,58.4100276200205,False,False,True,0.5648286967916826,0.4691595435142517,0.40311288741492746,0.24086048333616009,0.240223748219393,0.16225240407876737,137,88,1,4,0.6131260395050049,0.4691595435142517,False,0.0,,,250,0.0,0.0,250.0,48.52186336341249,running,8.599926948547363,6.008552074432373,0.011310657486319542
238,5,hard_s_curve_sequences,-1.599930630579866,-0.7499987536177334,2.2876615282970353e-06,local_goal_sequence,0.4,-0.25,0.0,-0.15,1.25,-1.57,42.24363099774697,False,False,True,0.5433145315608717,0.4732505977153778,0.47169905660283035,0.33849714984057305,0.24169293550673815,0.1332019067622573,205,58,1,4,0.6559881567955017,0.4732505977153778,False,0.0,,,250,0.0,0.0,250.0,47.952140167695426,running,6.845707893371582,9.844303131103516,0.010366951115429401
239,5,hard_s_curve_sequences,-1.6499307352374022,-0.6999988818767198,2.2406291239949254e-06,local_goal_sequence,0.35,-0.2,0.0,0.55,1.75,-1.57,22.757207672172797,False,False,True,0.49937153733081596,0.49039390683174133,0.4031128874149276,0.4183703957861472,0.24010224406561273,-0.015257508371219586,184,88,1,4,0.6098573803901672,0.5460897088050842,False,0.0,,,250,0.0,0.0,250.0,47.052568025129986,running,6.345091342926025,7.891039848327637,0.010169175453484058
240,5,hard_s_curve_sequences,-1.5999306436986978,-0.7499987573916558,2.269570605003224e-06,local_goal_sequence,0.4,-0.25,0.0,0.55,-1.75,1.57,43.62022098225021,False,False,True,0.5959266086741982,0.4330866038799286,0.47169905660283024,0.31801675521320805,0.24202322956949004,0.1536823013896222,234,58,1,4,0.648874044418335,0.4330866038799286,False,0.0,,,250,0.0,0.0,250.0,48.18539033864646,running,21.871538162231445,6.1437273025512695,0.009952941909432411
241,5,hard_s_curve_sequences,-1.5999382332625491,-0.24999879605464065,2.230685967046755e-06,local_goal_sequence,0.4,0.25,0.0,-1.05,1.25,-1.57,51.96811779507764,False,False,True,0.48635664404023826,0.47379007935523987,0.4716990566028304,0.3303649569925359,0.24129472256791384,0.14133409961029453,174,93,1,4,0.5178647637367249,0.6152542233467102,False,0.0,,,250,0.0,0.0,250.0,48.57483779405822,running,13.810090065002441,7.868448257446289,0.010019086301326752
242,5,hard_s_curve_sequences,-1.64993165866049,-0.2999988635768999,2.290204658810505e-06,local_goal_sequence,0.35,0.2,0.0,1.05,-1.25,1.57,52.687404080724214,False,False,True,0.468047636803768,0.4729243814945221,0.4031128874149274,0.3298739196569943,0.2440676109809525,0.0732389677579331,110,54,1,4,0.6208887100219727,0.5546491742134094,False,0.0,,,250,0.0,0.0,250.0,48.908068257641716,running,16.001514434814453,52.29423522949219,0.010680289939045906
243,5,hard_s_curve_sequences,-1.649930763421254,-0.699998897216721,2.198698821219244e-06,local_goal_sequence,0.35,-0.2,0.0,-0.15,-1.25,1.57,21.72367861327161,False,False,True,0.4940198644162355,0.48677414655685425,0.40311288741492746,0.4475816979593665,0.24162403749226377,-0.04446881054443902,183,116,1,4,0.6402924060821533,0.5358418226242065,False,0.0,,,250,0.0,0.0,250.0,48.906905729889786,running,17.756118774414062,2.687432289123535,0.01095626875758171
244,5,hard_s_curve_sequences,-1.6499306267415068,-0.29999908244981205,2.396716838343313e-06,local_goal_sequence,0.35,0.2,0.0,0.55,-1.75,1.57,52.298759820259264,False,False,True,0.49800257902603473,0.4845317304134369,0.4031128874149274,0.31564150996597445,0.24093398696998033,0.08747137744895295,130,40,1,4,0.6526601314544678,0.5409572720527649,False,0.0,,,250,0.0,0.0,250.0,48.71794321369182,running,13.04333209991455,14.081951141357422,0.011785333976149559
245,5,hard_s_curve_sequences,-1.649931021506196,-0.2999989035318358,2.3044201904417104e-06,local_goal_sequence,0.35,0.2,0.0,-0.55,1.75,-1.57,57.38265638952868,False,False,True,0.5296773479574867,0.48893091082572937,0.40311288741492746,0.2716540769012127,0.2416877597907132,0.13145881051371477,147,70,1,4,0.6146121025085449,0.5149661898612976,False,0.0,,,250,0.0,0.0,250.0,49.93003416347619,running,15.373671531677246,7.6298828125,0.012065568938851357
246,5,hard_s_curve_sequences,-1.5999317591414297,-0.24999877798848072,2.202927612011716e-06,local_goal_sequence,0.4,0.25,0.0,1.05,1.25,-1.57,55.73978910923581,False,False,True,0.5352347559111178,0.48448750376701355,0.47169905660283035,0.29277520176723604,0.24018254905730482,0.1789238548355943,182,115,1,4,0.5013325810432434,0.5652177333831787,False,0.0,,,250,0.0,0.0,250.0,49.70445893924324,running,14.866127967834473,6.330817222595215,0.011624593287706375
247,5,hard_s_curve_sequences,-1.5999317599086655,-0.24999877884973842,2.224403189521282e-06,local_goal_sequence,0.4,0.25,0.0,-0.55,-1.75,1.57,35.61538786181302,False,False,True,0.657102808824176,0.29980307817459106,0.47169905660283024,0.5128378814747403,0.24393439198244318,-0.04113882487191006,173,0,1,4,0.7009993195533752,0.3438412547111511,False,0.0,,,250,0.0,0.0,250.0,48.63093865159184,running,13.290162086486816,7.135032653808594,0.011050806380808353
248,5,hard_s_curve_sequences,-1.649929740016075,-0.6999990333892069,2.363730285032883e-06,local_goal_sequence,0.35,-0.2,0.0,-0.55,1.75,-1.57,26.75740987700926,False,False,True,0.5416585577301042,0.48596468567848206,0.40311288741492746,0.38301170864484635,0.24019320752017037,0.020101178770081107,191,98,1,4,0.5916634798049927,0.5154399871826172,False,0.0,,,250,0.0,0.0,250.0,48.109955723069945,running,8.029202461242676,14.907672882080078,0.01153783779591322
249,5,hard_s_curve_sequences,-1.649931646889897,-0.2999988836032758,2.234921122998154e-06,local_goal_sequence,0.35,0.2,0.0,-1.05,1.25,-1.57,56.30603768151572,False,False,True,0.6113711701149659,0.4266522228717804,0.40311288741492757,0.634091073229407,0.24043027580553863,-0.2309781858144795,152,107,2,4,0.5941419005393982,0.4266522228717804,False,0.0,,,250,0.0,0.0,250.0,48.14020447219059,running,19.368650436401367,10.303520202636719,0.01214641984552145
250,5,hard_s_curve_sequences,-1.649931648577385,-0.2999989004092227,2.1901105444232155e-06,local_goal_sequence,0.35,0.2,0.0,-0.15,1.25,-1.57,54.185591559430826,False,False,True,0.5819557232837267,0.46558257937431335,0.4031128874149275,0.6431583182947319,0.24029869758277755,-0.2400454308798044,135,127,2,4,0.5777035355567932,0.46558257937431335,False,0.0,,,250,0.0,0.0,250.0,47.9916492782255,running,14.14615249633789,9.51601505279541,0.012218107469379902
251,5,hard_s_curve_sequences,-1.5999317804733917,-0.24999876681887534,2.244696288487731e-06,local_goal_sequence,0.4,0.25,0.0,-1.05,-1.25,1.57,49.478627754263236,False,False,True,0.4870765241133224,0.483306348323822,0.4716990566028302,0.3293087727571518,0.240459500467341,0.14239028384567837,184,84,1,4,0.5137845277786255,0.6218106150627136,False,0.0,,,250,0.0,0.0,250.0,48.072251676540866,running,5.949731349945068,7.85619592666626,0.012299980036914349
252,5,hard_s_curve_sequences,-1.5999306798738495,-0.7499987864354787,2.2382289901773555e-06,local_goal_sequence,0.4,-0.25,0.0,-1.05,1.25,-1.57,57.568443027705555,False,False,True,0.6614583204403367,0.3798435628414154,0.4716990566028303,0.6834673564798108,0.24059159827673057,-0.21176829987698054,218,137,2,4,0.582056999206543,0.3798435628414154,False,0.0,,,250,0.0,0.0,250.0,48.500138347365194,running,20.204133987426758,6.290184020996094,0.012107999064028263
253,5,hard_s_curve_sequences,-1.5999299424957847,-0.7499989999422997,2.448887747314995e-06,local_goal_sequence,0.4,-0.25,0.0,0.55,1.75,-1.57,49.58088651867237,False,False,True,0.5827575358215467,0.4369170069694519,0.47169905660283035,0.29693854521006374,0.24136158477273462,0.1747605113927666,209,86,1,4,0.625106155872345,0.4369170069694519,False,0.0,,,250,0.0,0.0,250.0,48.59701117374113,running,-19.458375930786133,6.954596519470215,0.01209914032369852
254,5,hard_s_curve_sequences,-1.5999306490943745,-0.7499987815151941,2.2376789368819002e-06,local_goal_sequence,0.4,-0.25,0.0,-1.05,-1.25,1.57,55.16732274912244,False,False,True,0.5796409294912341,0.4545094668865204,0.4716990566028304,0.28217108818347597,0.24009009374336718,0.18952796841935443,211,109,1,4,0.6056185960769653,0.4545094668865204,False,0.0,,,250,0.0,0.0,250.0,48.44946687393777,running,14.81801986694336,17.384546279907227,0.011661224067211151
255,5,hard_s_curve_sequences,-1.5999306276774583,-0.7499987678877024,2.265977867730942e-06,local_goal_sequence,0.4,-0.25,0.0,-0.15,-1.25,1.57,49.21944528092857,False,False,True,0.6059091585900318,0.4007375240325928,0.47169905660283024,0.29615548834084404,0.2410503751566897,0.1755435682619862,208,107,1,4,0.6436620354652405,0.4007375240325928,False,0.0,,,250,0.0,0.0,250.0,49.031394381180036,running,18.790477752685547,6.023586273193359,0.011311455629765987
256,5,hard_s_curve_sequences,-1.6499316557965964,-0.2999989000594124,2.2058445501152775e-06,local_goal_sequence,0.35,0.2,0.0,1.05,1.25,-1.57,57.618435906588765,False,False,True,0.5067386710717716,0.47206851840019226,0.4031128874149275,0.28341701309710626,0.24291690157533244,0.11969587431782125,130,70,1,4,0.6033072471618652,0.5169921517372131,False,0.0,,,250,0.0,0.0,250.0,48.95844541084242,running,17.606420516967773,6.12022590637207,0.011259074322879314
257,5,hard_s_curve_sequences,-1.5999306392209385,-0.7499987761443799,2.226403995097889e-06,local_goal_sequence,0.4,-0.25,0.0,-1.05,-1.25,1.57,25.486130027651207,False,False,True,0.4709101512514349,0.49377986788749695,0.47169905660283035,0.4474727916546792,0.24366079899025525,0.024226264948151166,224,0,1,4,0.7369569540023804,0.5414016842842102,False,0.0,,,250,0.0,0.0,250.0,47.866997091835586,running,27.392812728881836,18.070436477661133,0.01119677722454071
258,5,hard_s_curve_sequences,-1.6499316405603042,-0.2999988932031893,2.207998338628028e-06,local_goal_sequence,0.35,0.2,0.0,-1.05,-1.25,1.57,47.76983492344443,False,False,True,0.4937118530395177,0.48159337043762207,0.40311288741492746,0.5158600287219924,0.24012651245773525,-0.11274714130706498,134,7,1,4,0.7093600034713745,0.5254934430122375,False,0.0,,,250,0.0,0.0,250.0,47.37339915539491,running,24.934795379638672,5.04722785949707,0.012062560766935349
259,5,hard_s_curve_sequences,-1.5999318009293269,-0.2499987827820572,2.218674761692607e-06,local_goal_sequence,0.4,0.25,0.0,-1.05,1.25,-1.57,54.14887974523445,False,False,True,0.405634970249938,0.48564276099205017,0.4716990566028302,0.4100779358568349,0.24120135426186515,0.061621120745995295,120,49,1,4,0.5553261041641235,0.6839469075202942,False,0.0,,,250,0.0,0.0,250.0,47.3042658180643,running,31.59392547607422,6.212165832519531,0.012305805459618568
260,5,hard_s_curve_sequences,-1.6499307448792635,-0.6999988835352711,2.262465627048204e-06,local_goal_sequence,0.35,-0.2,0.0,-0.55,1.75,-1.57,21.342126228074918,False,False,True,0.5393699056656444,0.4831336736679077,0.4031128874149274,0.4290531824635579,0.2422154978815954,-0.02594029504863049,192,91,1,4,0.6212775111198425,0.5030904412269592,False,0.0,,,250,0.0,0.0,250.0,46.442876200190774,running,26.176443099975586,21.957712173461914,0.012583287432789803
261,5,hard_s_curve_sequences,-1.6499338261914434,-0.29999897032991996,2.378945020963061e-06,local_goal_sequence,0.35,0.2,0.0,0.55,1.75,-1.57,40.71614652508642,False,False,True,0.45361494838270267,0.48246148228645325,0.40311288741492746,0.35404134738382526,0.2410886765242083,0.0490715400311022,84,34,1,4,0.6406219005584717,0.5836108326911926,False,0.0,,,250,0.0,0.0,250.0,45.591687949873155,running,12.382046699523926,4.810023307800293,0.012788443826138973
262,5,hard_s_curve_sequences,-1.5999339420334149,-0.24999884191517469,2.391523404345572e-06,local_goal_sequence,0.4,0.25,0.0,0.55,1.75,-1.57,52.47526815623897,False,False,True,0.5015812526052771,0.4813215434551239,0.47169905660283024,0.32647269396060524,0.24091913253743344,0.145226362642225,187,99,1,4,0.5275124907493591,0.5912830233573914,False,0.0,,,250,0.0,0.0,250.0,45.3542975713219,running,25.501283645629883,13.443803787231445,0.013289415277540684
263,5,hard_s_curve_sequences,-1.6499316357521725,-0.29999888718366974,2.221323540498133e-06,local_goal_sequence,0.35,0.2,0.0,-0.15,1.25,-1.57,53.38715211389186,False,False,True,0.537699921170198,0.47575071454048157,0.4031128874149275,0.2723620930377648,0.24018024088076564,0.1307507943771627,113,35,1,4,0.606266975402832,0.5355713367462158,False,0.0,,,250,0.0,0.0,250.0,45.8000384159677,running,23.74974822998047,4.316657066345215,0.01298542320728302
264,5,hard_s_curve_sequences,-1.5999317681529055,-0.24999878113351384,2.220957386053285e-06,local_goal_sequence,0.4,0.25,0.0,0.55,-1.75,1.57,56.26036428358144,False,False,True,0.4965748861344269,0.48286738991737366,0.4716990566028303,0.33392367706258735,0.2412164516275958,0.13777537954024294,157,115,1,4,0.5259068012237549,0.5892528891563416,False,0.0,,,250,0.0,0.0,250.0,47.14016468042404,running,5.472229480743408,23.161678314208984,0.012440430000424385
265,5,hard_s_curve_sequences,-1.6499316699162225,-0.2999989017987365,2.1962173962873214e-06,local_goal_sequence,0.35,0.2,0.0,0.55,-1.75,1.57,57.7210873739948,False,False,True,0.4997362989355335,0.47767674922943115,0.4031128874149274,0.29280498046022096,0.24038201723143818,0.11030790695470644,120,89,1,4,0.5916035175323486,0.5392593145370483,False,0.0,,,250,0.0,0.0,250.0,47.70419933609382,running,11.537651062011719,20.731508255004883,0.012289129197597504
266,5,hard_s_curve_sequences,-1.6499308191626791,-0.6999989245858579,2.1590048841254476e-06,local_goal_sequence,0.35,-0.2,0.0,1.05,1.25,-1.57,21.954991424680053,False,False,True,0.4694508169442001,0.4875109791755676,0.40311288741492746,0.42947893015280786,0.2421489140724399,-0.026366042737880402,157,82,1,4,0.6236904263496399,0.5503584742546082,False,0.0,,,250,0.0,0.0,250.0,46.50367428127791,running,19.888364791870117,4.0817484855651855,0.012171205133199692
267,5,hard_s_curve_sequences,-1.5999317788498808,-0.249998762901012,2.246938307279926e-06,local_goal_sequence,0.4,0.25,0.0,0.55,-1.75,1.57,36.134424278037855,False,False,True,0.5297561322862849,0.46214431524276733,0.4716990566028302,0.47665042772381283,0.24156808942809394,-0.0049513711209826505,165,0,1,4,0.6880059838294983,0.46214431524276733,False,0.0,,,250,0.0,0.0,250.0,45.84155508917045,running,33.041954040527344,5.169562339782715,0.012959307059645653
268,5,hard_s_curve_sequences,-1.5999306381416514,-0.7499987722226833,2.2228833895011603e-06,local_goal_sequence,0.4,-0.25,0.0,1.05,1.25,-1.57,25.139305197847236,False,False,True,0.5660270727890665,0.4376831352710724,0.47169905660283024,0.39315161123252546,0.2403934350613231,0.07854744537030478,245,0,1,4,0.7364221811294556,0.4376831352710724,False,0.0,,,250,0.0,0.0,250.0,45.978180152553485,running,4.827920913696289,14.604079246520996,0.013234120793640614
269,5,hard_s_curve_sequences,-1.5999372277382724,-0.7499986900992164,2.081562494937649e-06,local_goal_sequence,0.4,-0.25,0.0,-1.05,-1.25,1.57,28.159882652543466,False,False,True,0.4834558867548919,0.48490187525749207,0.4716990566028302,0.44222627403627807,0.24040734707833072,0.029472782566552114,223,0,1,4,0.7415357828140259,0.5254471302032471,False,0.0,,,250,0.0,0.0,250.0,45.01262506584486,running,30.324399948120117,12.722585678100586,0.012620248831808567
270,5,hard_s_curve_sequences,-1.5999327363601246,-0.7499988386048121,2.4030654688218058e-06,local_goal_sequence,0.4,-0.25,0.0,0.55,-1.75,1.57,25.999144588117204,False,False,True,0.44275047068184015,0.49023929238319397,0.47169905660283007,0.47822016593377203,0.24271441816385703,-0.006521109330941965,245,0,1,4,0.7542157769203186,0.5500844120979309,False,0.0,,,250,0.0,0.0,250.0,43.75728459378839,running,18.109954833984375,16.549938201904297,0.01337185874581337
271,5,hard_s_curve_sequences,-1.5999312405418533,-0.24999898770059048,2.349266580697281e-06,local_goal_sequence,0.4,0.25,0.0,0.55,-1.75,1.57,52.64828465181324,False,False,True,0.4766823034152989,0.484734445810318,0.4716990566028302,0.3588698530823042,0.2408519691950269,0.112829203520526,155,57,1,4,0.5536601543426514,0.6064218282699585,False,0.0,,,250,0.0,0.0,250.0,43.63362441549148,running,12.02175521850586,19.507488250732422,0.013652445748448372
272,5,hard_s_curve_sequences,-1.5999306731596705,-0.7499987883916552,2.1933423049418345e-06,local_goal_sequence,0.4,-0.25,0.0,1.05,1.25,-1.57,39.44186073494886,False,False,True,0.6186550040473415,0.41746488213539124,0.4716990566028302,0.3160587102093915,0.2440960719558837,0.15564034639343866,241,55,1,4,0.6640573740005493,0.41746488213539124,False,0.0,,,250,0.0,0.0,250.0,43.78668333041693,running,11.57973861694336,14.054709434509277,0.013188259676098824
273,5,hard_s_curve_sequences,-1.6499316396902222,-0.2999989027694601,2.1705556071692427e-06,local_goal_sequence,0.35,0.2,0.0,-0.15,1.25,-1.57,54.672132361803506,False,False,True,0.5410226536374823,0.4863392114639282,0.40311288741492735,0.2570809010015422,0.2429625701616268,0.14603198641338516,111,71,1,4,0.6026080846786499,0.4906007647514343,False,0.0,,,250,0.0,0.0,250.0,44.9032722298087,running,5.602466583251953,1.8125314712524414,0.012811196967959404
274,5,hard_s_curve_sequences,-1.599931764612961,-0.24999875301724675,2.274891499977427e-06,local_goal_sequence,0.4,0.25,0.0,-0.55,1.75,-1.57,51.112372371959246,False,False,True,0.4774634601424256,0.4843873083591461,0.4716990566028302,0.3546379765192587,0.24078431920239646,0.11706108008357147,165,70,1,4,0.5407205820083618,0.6183896064758301,False,0.0,,,250,0.0,0.0,250.0,44.69552561742644,running,3.7905261516571045,5.807163238525391,0.012295969761908054
275,5,hard_s_curve_sequences,-1.5999327434864907,-0.7499988616858866,2.3468013862945806e-06,local_goal_sequence,0.4,-0.25,0.0,-0.15,1.25,-1.57,48.54712958657879,False,False,True,0.5953968866441627,0.44275254011154175,0.47169905660283024,0.3022797453321119,0.24105863904521813,0.16941931127071835,234,93,1,4,0.6384351253509521,0.44275254011154175,False,0.0,,,250,0.0,0.0,250.0,44.46998713851236,running,7.3894362449646,38.26659393310547,0.012234204448759556
276,5,hard_s_curve_sequences,-1.6499303325030703,-0.6999993591730631,2.6260744568964732e-06,local_goal_sequence,0.35,-0.2,0.0,0.55,1.75,-1.57,24.190462036788233,False,False,True,0.4873892932157227,0.486830472946167,0.4031128874149274,0.4384812997606496,0.24206072263316705,-0.03536841234572219,199,54,1,4,0.6380192041397095,0.5465710163116455,False,0.0,,,250,0.0,0.0,250.0,43.45846050981336,running,-14.535388946533203,5.584417819976807,0.01243745256215334
277,5,hard_s_curve_sequences,-1.649931665893225,-0.29999887322423824,2.255896879121589e-06,local_goal_sequence,0.35,0.2,0.0,-1.05,1.25,-1.57,60.751275262054165,False,False,True,0.5617143443350744,0.46333223581314087,0.4031128874149275,0.6701788004637943,0.2401448117903621,-0.2670659130488668,146,103,2,4,0.5914635062217712,0.46333223581314087,False,0.0,,,250,0.0,0.0,250.0,43.5857737991873,running,5.022817611694336,5.1728973388671875,0.013055232353508472
278,5,hard_s_curve_sequences,-1.6499307964716299,-0.6999989195917814,2.147574587102448e-06,local_goal_sequence,0.35,-0.2,0.0,-1.05,1.25,-1.57,30.66555945369158,False,False,True,0.6001450592753346,0.4886205196380615,0.40311288741492735,0.3258881262973507,0.2407044357770043,0.07722476111757665,198,110,1,4,0.5392000675201416,0.4905945956707001,False,0.0,,,250,0.0,0.0,250.0,42.82916071658806,running,18.175085067749023,15.247302055358887,0.013065115548670292
279,5,hard_s_curve_sequences,-1.6499308607414642,-0.2999990768531916,2.426566705553767e-06,local_goal_sequence,0.35,0.2,0.0,0.55,1.75,-1.57,47.05188700246998,False,False,True,0.5883404873012043,0.43630334734916687,0.40311288741492757,0.5289178333888325,0.24042666076731903,-0.1258049459739049,160,8,1,4,0.7129220962524414,0.4539692997932434,False,0.0,,,250,0.0,0.0,250.0,42.50454328672196,running,22.37798500061035,2.877251625061035,0.012735342606902122
280,5,hard_s_curve_sequences,-1.5999306481984983,-0.7499987760567357,2.216112723892835e-06,local_goal_sequence,0.4,-0.25,0.0,-0.55,1.75,-1.57,51.74897055421927,False,False,True,0.597153247912259,0.42516812682151794,0.4716990566028301,0.30065126434818146,0.24091020249470563,0.17104779225464867,226,97,1,4,0.6374732851982117,0.42516812682151794,False,0.0,,,250,0.0,0.0,250.0,42.605724297653595,running,26.898969650268555,5.760477066040039,0.012104397639632225
281,5,hard_s_curve_sequences,-1.5999317765028207,-0.2499987851103722,2.2138140073852157e-06,local_goal_sequence,0.4,0.25,0.0,-1.05,1.25,-1.57,64.59399285989025,False,False,True,0.5274638997975092,0.4958496689796448,0.4716990566028301,0.30834727020552377,0.24101855266591546,0.16335178639730635,140,144,1,4,0.5082019567489624,0.5809928774833679,False,0.0,,,250,0.0,0.0,250.0,42.88474657578565,running,8.423615455627441,10.35134506225586,0.01209326833486557
282,5,hard_s_curve_sequences,-1.649937833282733,-0.6999989618582376,2.1303737640879907e-06,local_goal_sequence,0.35,-0.2,0.0,-0.15,-1.25,1.57,22.05589432206601,False,False,True,0.47053376099386895,0.48919379711151123,0.40311288741492735,0.43856287152584084,0.24059573252160413,-0.03544998411091349,168,91,1,4,0.644855260848999,0.5467276573181152,False,0.0,,,250,0.0,0.0,250.0,42.74753714756224,running,19.200559616088867,6.185368537902832,0.012317963875830173
283,5,hard_s_curve_sequences,-1.6499316482042283,-0.2999988968358803,2.1968765057861888e-06,local_goal_sequence,0.35,0.2,0.0,1.05,-1.25,1.57,53.05442470854299,False,False,True,0.4686951918177488,0.47889983654022217,0.4031128874149274,0.32372615947073013,0.24157262513370628,0.07938672794419727,110,84,1,4,0.6122031807899475,0.5557451248168945,False,0.0,,,250,0.0,0.0,250.0,42.95892073896618,running,26.645505905151367,8.647262573242188,0.01257205381989479
284,5,hard_s_curve_sequences,-1.599930632272286,-0.7499987578198228,2.2842443083562988e-06,local_goal_sequence,0.4,-0.25,0.0,1.05,-1.25,1.57,37.89425856945828,False,False,True,0.5065417811795784,0.48891374468803406,0.4716990566028303,0.38494554338292786,0.2412799174151999,0.08675351321990243,208,28,1,4,0.6933425664901733,0.49843302369117737,False,0.0,,,250,0.0,0.0,250.0,42.308735891935136,running,17.99667739868164,18.124618530273438,0.012770680710673332
285,5,hard_s_curve_sequences,-1.5999306814250338,-0.7499987889534592,2.1833392308869893e-06,local_goal_sequence,0.4,-0.25,0.0,0.55,1.75,-1.57,39.572199714483766,False,False,True,0.5183622072993803,0.48911699652671814,0.4716990566028303,0.36320079071217376,0.24172190876720195,0.10849826589065653,213,52,1,4,0.6815160512924194,0.492256760597229,False,0.0,,,250,0.0,0.0,250.0,43.03793883139149,running,30.399181365966797,11.479454040527344,0.01283117663115263
286,5,hard_s_curve_sequences,-1.599929579651911,-0.7499987327255597,2.204402604660827e-06,local_goal_sequence,0.4,-0.25,0.0,-0.15,1.25,-1.57,36.01694767963955,False,False,True,0.4670342577076968,0.49076953530311584,0.47169905660283007,0.4113303372273331,0.2402342672938431,0.06036871937549698,199,26,1,4,0.6957614421844482,0.5318557024002075,False,0.0,,,250,0.0,0.0,250.0,42.849970877573625,running,3.4708986282348633,9.550308227539062,0.012391491793096066
287,5,hard_s_curve_sequences,-1.599930652741502,-0.7499987680042415,2.251576978496783e-06,local_goal_sequence,0.4,-0.25,0.0,1.05,-1.25,1.57,44.732426035454864,False,False,True,0.5214962597146112,0.4853936433792114,0.4716990566028301,0.35089119888101905,0.24405172541169443,0.12080785772181107,206,53,1,4,0.6686269044876099,0.4853936433792114,False,0.0,,,250,0.0,0.0,250.0,42.54025719274225,running,14.09493637084961,5.267177581787109,0.012033548206090927
288,5,hard_s_curve_sequences,-1.6499338236827588,-0.2999989742964773,2.348870660194125e-06,local_goal_sequence,0.35,0.2,0.0,1.05,-1.25,1.57,59.46734268762723,False,False,True,0.5252081336792469,0.48920774459838867,0.4031128874149274,0.27048569528539923,0.2409303567477159,0.13262719212952817,120,84,1,4,0.5767887234687805,0.5292348861694336,False,0.0,,,250,0.0,0.0,250.0,42.78346481569168,running,5.199711799621582,4.152677536010742,0.012205727398395538
289,5,hard_s_curve_sequences,-1.6499362830173099,-0.6999989885983292,2.181052328503189e-06,local_goal_sequence,0.35,-0.2,0.0,-0.55,-1.75,1.57,31.359517247464204,False,False,True,0.5181932110925073,0.4809134900569916,0.40311288741492746,0.3680684991188248,0.24186076451081878,0.03504438829610268,178,121,1,4,0.5763716101646423,0.5432053804397583,False,0.0,,,250,0.0,0.0,250.0,41.787430934247,running,19.15949058532715,11.844195365905762,0.01258588582277298
290,5,hard_s_curve_sequences,-1.6499307674733965,-0.6999988999897491,2.1931589506540322e-06,local_goal_sequence,0.35,-0.2,0.0,-0.55,1.75,-1.57,23.433531600575442,False,False,True,0.48056497020552835,0.48357295989990234,0.4031128874149276,0.4265337725598729,0.24509351840977278,-0.02342088514494528,194,74,1,4,0.6337130665779114,0.5552564263343811,False,0.0,,,250,0.0,0.0,250.0,40.41592870331021,running,21.143911361694336,4.155520915985107,0.012235132046043873
291,5,hard_s_curve_sequences,-1.599929384191658,-0.7499989644757251,2.436392205919695e-06,local_goal_sequence,0.4,-0.25,0.0,1.05,1.25,-1.57,47.45018778652613,False,False,True,0.5767461189293029,0.4368475675582886,0.4716990566028303,0.3183937841312498,0.24320418234009988,0.1533052724715805,218,93,1,4,0.6448543071746826,0.4368475675582886,False,0.0,,,250,0.0,0.0,250.0,41.43573655778405,running,-1.1535192728042603,9.865987777709961,0.011591891758143902
292,5,hard_s_curve_sequences,-1.5999317433502562,-0.24999876775896837,2.2401858650282024e-06,local_goal_sequence,0.4,0.25,0.0,-0.55,-1.75,1.57,54.15609177058125,False,False,True,0.45081201111283825,0.48201867938041687,0.47169905660283007,0.369362112975741,0.24048089971880157,0.10233694362708906,149,113,1,4,0.5389830470085144,0.63795006275177,False,0.0,,,250,0.0,0.0,250.0,42.156603257485784,running,18.003494262695312,1.7973482608795166,0.011451145634055138
293,5,hard_s_curve_sequences,-1.59993175267055,-0.24999876950526362,2.239824629995956e-06,local_goal_sequence,0.4,0.25,0.0,-0.55,1.75,-1.57,53.9627369058679,False,False,True,0.4503253844572003,0.4824380576610565,0.4716990566028303,0.3700941410379122,0.24298316701167294,0.10160491556491807,138,103,1,4,0.5474356412887573,0.6377377510070801,False,0.0,,,250,0.0,0.0,250.0,43.30954052580662,running,10.072272300720215,2.3507068157196045,0.011786587536334991
294,5,hard_s_curve_sequences,-1.5999366235998944,-0.7499987434123563,2.109100477166229e-06,local_goal_sequence,0.4,-0.25,0.0,0.55,-1.75,1.57,38.548060328875394,False,False,True,0.5632585502791961,0.4314078390598297,0.4716990566028303,0.3738930064355085,0.241024653459686,0.0978060501673218,222,4,1,4,0.716183602809906,0.4314078390598297,False,0.0,,,250,0.0,0.0,250.0,43.72506763285989,running,24.270212173461914,6.059664249420166,0.012338980101048946
295,5,hard_s_curve_sequences,-1.599931777748789,-0.24999876310472233,2.2632637981956974e-06,local_goal_sequence,0.4,0.25,0.0,-0.15,-1.25,1.57,46.60100633581733,False,False,True,0.579966544098414,0.46763741970062256,0.4716990566028302,0.5363376704901444,0.24083944245711225,-0.06463861388731418,157,19,1,4,0.658902645111084,0.4825424551963806,False,0.0,,,250,0.0,0.0,250.0,44.5491421027679,running,19.68425178527832,4.996086120605469,0.012773402966558933
296,5,hard_s_curve_sequences,-1.5999306435321095,-0.7499987692442216,2.2343268320007956e-06,local_goal_sequence,0.4,-0.25,0.0,-0.55,1.75,-1.57,36.04137524402465,False,False,True,0.5366947025026138,0.4561796486377716,0.47169905660283024,0.379187657644453,0.24314894683713567,0.09251139895837723,223,39,1,4,0.6795160174369812,0.4561796486377716,False,0.0,,,250,0.0,0.0,250.0,43.88486572645636,running,14.520305633544922,4.692744731903076,0.01221297588199377
297,5,hard_s_curve_sequences,-1.6499308005101079,-0.6999988998387897,2.1838749482233843e-06,local_goal_sequence,0.35,-0.2,0.0,0.55,-1.75,1.57,20.055320731750697,False,False,True,0.5147325208186875,0.48038673400878906,0.4031128874149276,0.40587557658976897,0.24795926109565983,-0.0027626891748413485,191,101,1,4,0.6090754270553589,0.524483859539032,False,0.0,,,250,0.0,0.0,250.0,43.109404126328435,running,8.34841537475586,7.140992164611816,0.012113005854189396
298,5,hard_s_curve_sequences,-1.5999306400487652,-0.7499987842368794,2.2240553167964694e-06,local_goal_sequence,0.4,-0.25,0.0,-0.55,1.75,-1.57,40.29135564982342,False,False,True,0.5357006225023927,0.486239492893219,0.4716990566028301,0.3486504352118597,0.2410307599780406,0.12304862139097045,210,79,1,4,0.6449759006500244,0.4905014932155609,False,0.0,,,250,0.0,0.0,250.0,42.53417305784923,running,20.21204376220703,24.12185287475586,0.012245158664882183
299,5,hard_s_curve_sequences,-1.59992952589508,-0.7499989631245909,2.4131976062467356e-06,local_goal_sequence,0.4,-0.25,0.0,-0.15,1.25,-1.57,29.34305123673459,False,False,True,0.5666524783433475,0.4232114255428314,0.4716990566028302,0.40866495797006347,0.2401109871274435,0.06303409863276671,232,0,1,4,0.7466855645179749,0.43485063314437866,False,0.0,,,250,0.0,0.0,250.0,41.66340021244024,running,22.317792892456055,8.276205062866211,0.012470643036067486
300,5,hard_s_curve_sequences,-1.5999306842101864,-0.7499987910238459,2.1788283334315726e-06,local_goal_sequence,0.4,-0.25,0.0,-1.05,-1.25,1.57,45.010154371538256,False,False,True,0.535228571923998,0.48053812980651855,0.47169905660283035,0.3489897802154443,0.24196410142348132,0.12270927638738605,211,92,1,4,0.6412357687950134,0.48053812980651855,False,0.0,,,250,0.0,0.0,250.0,41.521921203838616,running,23.603172302246094,1.7637052536010742,0.012542707845568657
301,5,hard_s_curve_sequences,-1.5999306612412625,-0.749998794301278,2.182060830109539e-06,local_goal_sequence,0.4,-0.25,0.0,-1.05,1.25,-1.57,50.10848740870259,False,False,True,0.5674522966112042,0.474743127822876,0.4716990566028302,0.30895274164610936,0.243785476672767,0.16274631495672082,222,85,1,4,0.6145652532577515,0.4778786897659302,False,0.0,,,250,0.0,0.0,250.0,42.55864221871519,running,25.668203353881836,2.230231761932373,0.013418505899608135
302,5,hard_s_curve_sequences,-1.5999317713150896,-0.24999876066215895,2.26896031161351e-06,local_goal_sequence,0.4,0.25,0.0,-0.15,1.25,-1.57,51.38121176686397,False,False,True,0.46093098725420617,0.48125165700912476,0.4716990566028304,0.3564937931792392,0.24036549580475525,0.11520526342359122,169,76,1,4,0.5296405553817749,0.6395130157470703,False,0.0,,,250,0.0,0.0,250.0,42.18383967890759,running,16.717729568481445,81.47654724121094,0.012962205335497856
303,5,hard_s_curve_sequences,-1.599931281343181,-0.24999865917482042,2.280276090969404e-06,local_goal_sequence,0.4,0.25,0.0,0.55,-1.75,1.57,50.81304665610995,False,False,True,0.4529112674805037,0.4818413257598877,0.4716990566028303,0.3695198898464214,0.24318919215081586,0.10217916675640887,149,74,1,4,0.5421100854873657,0.6454389095306396,False,0.0,,,250,0.0,0.0,250.0,42.98973916700433,running,21.337295532226562,4.024115085601807,0.0124695785343647
304,5,hard_s_curve_sequences,-1.5999296527921454,-0.749999157259696,2.6569863777662825e-06,local_goal_sequence,0.4,-0.25,0.0,1.05,1.25,-1.57,39.51500093683919,False,False,True,0.5472670063357019,0.4638761579990387,0.47169905660283024,0.3521812922806408,0.24681729980257716,0.11951776432218941,218,41,1,4,0.6749135255813599,0.4638761579990387,False,0.0,,,250,0.0,0.0,250.0,42.688263724379105,running,17.12079620361328,2.7499935626983643,0.012256947346031666
305,5,hard_s_curve_sequences,-1.5999317746949477,-0.24999880367145075,2.1718173102687326e-06,local_goal_sequence,0.4,0.25,0.0,-0.15,-1.25,1.57,56.14687977201823,False,False,True,0.4612431574705385,0.4899979829788208,0.4716990566028303,0.35870605869053424,0.24065354868597164,0.11299299791229606,152,86,1,4,0.5458821654319763,0.6244686841964722,False,0.0,,,250,0.0,0.0,250.0,42.86418009309105,running,11.318315505981445,3.0368053913116455,0.012730012647807598
306,5,hard_s_curve_sequences,-1.5999306590414917,-0.749998800274213,2.1791677770661504e-06,local_goal_sequence,0.4,-0.25,0.0,-0.15,-1.25,1.57,50.666335593307814,False,False,True,0.6058012586728122,0.42276015877723694,0.4716990566028301,0.3160000120956375,0.24029442188541517,0.15569904450719263,233,74,1,4,0.65962815284729,0.42276015877723694,False,0.0,,,250,0.0,0.0,250.0,42.30707380242776,running,14.236053466796875,2.585968494415283,0.012942700646817684
307,5,hard_s_curve_sequences,-1.6499307909312286,-0.6999989198448009,2.1387945815589984e-06,local_goal_sequence,0.35,-0.2,0.0,1.05,1.25,-1.57,32.936168304722386,False,False,True,0.5691959758171955,0.4790651500225067,0.4031128874149274,0.3558807745337143,0.24017216630304133,0.047232112881213095,192,135,1,4,0.5804556608200073,0.49551185965538025,False,0.0,,,250,0.0,0.0,250.0,42.742284761734005,running,11.641809463500977,6.6879730224609375,0.012219348922371864
308,5,hard_s_curve_sequences,-1.5999317578764358,-0.2499987922856256,2.1832876381993435e-06,local_goal_sequence,0.4,0.25,0.0,1.05,1.25,-1.57,42.3565401701338,False,False,True,0.5378602820799865,0.40084919333457947,0.4716990566028303,0.46581430316321054,0.24001139299579524,0.00588475343961975,165,0,1,4,0.6878179311752319,0.4202266037464142,False,0.0,,,250,0.0,0.0,250.0,42.31436938019764,running,12.663723945617676,2.805410861968994,0.012345201335847378
309,5,hard_s_curve_sequences,-1.5999306898167827,-0.7499987876672952,2.1877935812524823e-06,local_goal_sequence,0.4,-0.25,0.0,-0.55,1.75,-1.57,38.13797859445183,False,False,True,0.5224580194151571,0.47762998938560486,0.47169905660283007,0.3791329229621573,0.24228727981855264,0.09256613364067279,216,25,1,4,0.6971620321273804,0.478071004152298,False,0.0,,,250,0.0,0.0,250.0,42.324118181197385,running,9.435571670532227,10.649484634399414,0.012555812485516071
310,5,hard_s_curve_sequences,-1.599930003475748,-0.7499990543181108,2.5112648831698735e-06,local_goal_sequence,0.4,-0.25,0.0,-0.15,-1.25,1.57,35.37666720878268,False,False,True,0.5011720156645211,0.49213483929634094,0.4716990566028302,0.39343352369238155,0.24237153319712143,0.07826553291044863,210,36,1,4,0.6875666379928589,0.508416473865509,False,0.0,,,250,0.0,0.0,250.0,42.156296880969336,running,17.50918960571289,8.050219535827637,0.013108734972774982
311,5,hard_s_curve_sequences,-1.649930691558833,-0.6999988708708053,2.1979205358634097e-06,local_goal_sequence,0.35,-0.2,0.0,1.05,-1.25,1.57,20.64817054001159,False,False,True,0.5198643541901519,0.4841822385787964,0.4031128874149274,0.42873946701420645,0.2416570345245215,-0.025626579599279053,206,83,1,4,0.6477522253990173,0.5026077032089233,False,0.0,,,250,0.0,0.0,250.0,41.541545795384216,running,27.686500549316406,3.7041172981262207,0.013826305978000164
312,5,hard_s_curve_sequences,-1.5999361376353727,-0.749998810901153,2.2924014481903355e-06,local_goal_sequence,0.4,-0.25,0.0,-1.05,1.25,-1.57,37.24129285284944,False,False,True,0.5153697591789964,0.48519498109817505,0.4716990566028302,0.381476299329736,0.2427660328755248,0.0902227572730942,225,27,1,4,0.6861128211021423,0.49896904826164246,False,0.0,,,250,0.0,0.0,250.0,41.241900468080004,running,14.704368591308594,3.8819527626037598,0.013344011269509792
313,5,hard_s_curve_sequences,-1.5999349247589572,-0.7499987167933512,2.267564078117693e-06,local_goal_sequence,0.4,-0.25,0.0,-1.05,1.25,-1.57,40.35265068292223,False,False,True,0.5630175294542057,0.44970107078552246,0.4716990566028301,0.3464068728331167,0.24222451537930118,0.1252921837697134,225,50,1,4,0.676487922668457,0.44970107078552246,False,0.0,,,250,0.0,0.0,250.0,40.477312787891805,running,9.15408706665039,8.053309440612793,0.013431859202682972
314,5,hard_s_curve_sequences,-1.6499308880778658,-0.29999874501838236,2.0880103507715947e-06,local_goal_sequence,0.35,0.2,0.0,-0.55,-1.75,1.57,55.56551181979315,False,False,True,0.49374796530787957,0.48183441162109375,0.4031128874149273,0.30401809384296424,0.242636011549486,0.09909479357196305,132,51,1,4,0.6249763369560242,0.5347063541412354,False,0.0,,,250,0.0,0.0,250.0,41.445552570784955,running,13.072785377502441,12.774986267089844,0.012831714935600758
315,5,hard_s_curve_sequences,-1.5999309234340138,-0.249999015573209,2.5345727805721036e-06,local_goal_sequence,0.4,0.25,0.0,1.05,1.25,-1.57,52.79613220336783,False,False,True,0.46651711976755245,0.4839712679386139,0.47169905660283007,0.3512606722040731,0.2417661874485383,0.12043838439875698,166,87,1,4,0.530907154083252,0.6135860681533813,False,0.0,,,250,0.0,0.0,250.0,42.62005659489666,running,18.4246768951416,28.54512596130371,0.012805541977286339
316,5,hard_s_curve_sequences,-1.6499316654709877,-0.2999988877082934,2.230329614039937e-06,local_goal_sequence,0.35,0.2,0.0,-0.55,1.75,-1.57,54.45075657029163,False,False,True,0.5404193706816633,0.4861910045146942,0.4031128874149274,0.28676354457634906,0.24001497307469602,0.11634934283857834,134,34,1,4,0.642898440361023,0.5090195536613464,False,0.0,,,250,0.0,0.0,250.0,42.90007934624728,running,42.72689437866211,26.724857330322266,0.013377835042774677
317,5,hard_s_curve_sequences,-1.5999306917239033,-0.7499988085440654,2.160787591679671e-06,local_goal_sequence,0.4,-0.25,0.0,-1.05,1.25,-1.57,40.75240989100428,False,False,True,0.49727015500708804,0.4758313000202179,0.4716990566028302,0.3895029561386017,0.24703295404026085,0.08219610046422848,216,39,1,4,0.6938316822052002,0.5029386878013611,False,0.0,,,250,0.0,0.0,250.0,42.36393207106421,running,47.736751556396484,27.198532104492188,0.015194352716207504
318,5,hard_s_curve_sequences,-1.649930749462008,-0.6999988804314342,2.267000032072859e-06,local_goal_sequence,0.35,-0.2,0.0,-0.55,1.75,-1.57,17.378960295713235,False,False,True,0.5670822548190368,0.4540964961051941,0.40311288741492746,0.41507639113954126,0.24313093088389454,-0.0119635037246138,207,70,1,4,0.6291812658309937,0.4540964961051941,False,0.0,,,250,0.0,0.0,250.0,40.900581006658015,running,61.867374420166016,69.16032409667969,0.017193567007780075
319,5,hard_s_curve_sequences,-1.6499307787626842,-0.6999988892499087,2.2177644022819006e-06,local_goal_sequence,0.35,-0.2,0.0,0.55,-1.75,1.57,6.698299831495881,False,False,True,0.500799582465528,0.47954338788986206,0.4031128874149274,0.47352267841968254,0.24569744233594273,-0.07040979100475514,215,52,1,4,0.655612051486969,0.5178875923156738,False,0.0,,,250,0.0,0.0,250.0,39.62659058676284,running,50.49156188964844,22.261409759521484,0.01858161948621273
320,5,hard_s_curve_sequences,-1.64993005152759,-0.6999992671051869,2.600593691702036e-06,local_goal_sequence,0.35,-0.2,0.0,-0.55,-1.75,1.57,11.4572217368204,False,False,True,0.5135412576247754,0.48520800471305847,0.4031128874149274,0.46042577218121405,0.24537102519496237,-0.057312884766286654,210,54,1,4,0.6648849844932556,0.5059436559677124,False,0.0,,,250,0.0,0.0,250.0,38.220839202802956,running,52.187198638916016,7.069018363952637,0.020156947895884514
321,5,hard_s_curve_sequences,-1.5999339236677745,-0.2499988804659796,2.3079257775495374e-06,local_goal_sequence,0.4,0.25,0.0,-0.55,1.75,-1.57,55.45890459385339,False,False,True,0.452955819466967,0.4772007167339325,0.47169905660283024,0.36825626918841253,0.24016888321453914,0.1034427874144177,139,73,1,4,0.5497691035270691,0.6363975405693054,False,0.0,,,250,0.0,0.0,250.0,38.9975403767961,running,50.67011642456055,20.976322174072266,0.020546339452266693
322,5,hard_s_curve_sequences,-1.6499308030937632,-0.6999989164403391,2.166025477790638e-06,local_goal_sequence,0.35,-0.2,0.0,-0.15,-1.25,1.57,19.39799892945676,False,False,True,0.5304398038539744,0.4861176609992981,0.4031128874149275,0.43158253249256756,0.2467324774204259,-0.02846964507764005,201,60,1,4,0.6447275876998901,0.5103194117546082,False,0.0,,,250,0.0,0.0,250.0,38.97124750470435,running,46.668312072753906,12.289335250854492,0.0198073610663414
323,5,hard_s_curve_sequences,-1.6499307381357475,-0.6999988696428662,2.260648559175669e-06,local_goal_sequence,0.35,-0.2,0.0,-1.05,1.25,-1.57,16.123900862196194,False,False,True,0.5660447879581412,0.47391560673713684,0.40311288741492757,0.42895745910003585,0.24339509282519975,-0.025844571685108286,229,60,1,4,0.6266413331031799,0.47391560673713684,False,0.0,,,250,0.0,0.0,250.0,38.004549313199256,running,45.77833938598633,4.893769264221191,0.019470088183879852
324,5,hard_s_curve_sequences,-1.649931640266007,-0.2999989047640637,2.1868479560042033e-06,local_goal_sequence,0.35,0.2,0.0,-1.05,-1.25,1.57,55.68752202182631,False,False,True,0.510839006196552,0.47849738597869873,0.4031128874149274,0.2866735599156958,0.24147032713560607,0.11643932749923158,121,74,1,4,0.6075578331947327,0.5362515449523926,False,0.0,,,250,0.0,0.0,250.0,39.05832814460293,running,55.98796844482422,21.6987361907959,0.018365221098065376
325,5,hard_s_curve_sequences,-1.6499313821008914,-0.29999889599843726,2.2206315523901875e-06,local_goal_sequence,0.35,0.2,0.0,-1.05,1.25,-1.57,53.944475531605804,False,False,True,0.49173293113215716,0.4909418821334839,0.40311288741492757,0.32489608308743895,0.24089117000674357,0.07821680432748862,139,2,1,4,0.6366434693336487,0.6941059827804565,False,0.0,,,250,0.0,0.0,250.0,39.41570099100563,running,34.96247482299805,6.838841438293457,0.018059439957141876
326,5,hard_s_curve_sequences,-1.6499302389199024,-0.6999987915246744,2.223473360476142e-06,local_goal_sequence,0.35,-0.2,0.0,1.05,-1.25,1.57,18.150088746566837,False,False,True,0.49206623672144795,0.48384836316108704,0.40311288741492757,0.43272490552262777,0.24066089627853532,-0.0296120181077002,186,70,1,4,0.6380865573883057,0.5482515096664429,False,0.0,,,250,0.0,0.0,250.0,38.1373650445202,running,32.90645217895508,11.331766128540039,0.018057312816381454
327,5,hard_s_curve_sequences,-1.6499301505136252,-0.6999991258408527,2.586421777658942e-06,local_goal_sequence,0.35,-0.2,0.0,1.05,-1.25,1.57,23.617650190686035,False,False,True,0.6198517047943166,0.4457848370075226,0.40311288741492746,0.38416441257620937,0.24064663604718922,0.018948474838718088,218,83,1,4,0.6020172834396362,0.4457848370075226,False,0.0,,,250,0.0,0.0,250.0,37.026822581473084,running,42.20376968383789,8.951698303222656,0.01817251555621624
328,5,hard_s_curve_sequences,-1.5999306493912262,-0.7499987693853882,2.243766915065862e-06,local_goal_sequence,0.4,-0.25,0.0,0.55,-1.75,1.57,39.449206091801116,False,False,True,0.6565472067186551,0.35582277178764343,0.4716990566028303,0.327913907414061,0.24087126817294272,0.14378514918876928,247,32,1,4,0.6969201564788818,0.35582277178764343,False,0.0,,,250,0.0,0.0,250.0,36.57226895890073,running,38.53135681152344,6.126538276672363,0.018436072394251823
329,5,hard_s_curve_sequences,-1.5999339363148788,-0.24999888191400443,2.2843066467487967e-06,local_goal_sequence,0.4,0.25,0.0,-1.05,1.25,-1.57,59.829808093806314,False,False,True,0.526568374096477,0.48109379410743713,0.4716990566028303,0.3015081903801299,0.24137724842619337,0.1701908662227004,169,130,1,4,0.49802127480506897,0.5821079611778259,False,0.0,,,250,0.0,0.0,250.0,37.384861245179415,running,30.540546417236328,5.459300994873047,0.018767191097140312
330,5,hard_s_curve_sequences,-1.6499307419481035,-0.6999988766905572,2.2764443739135956e-06,local_goal_sequence,0.35,-0.2,0.0,0.55,-1.75,1.57,23.914048547492605,False,False,True,0.5705254531460057,0.48655441403388977,0.40311288741492746,0.39583290879572963,0.24093509465282864,0.007279978619197824,206,99,1,4,0.5896030068397522,0.501741886138916,False,0.0,,,250,0.0,0.0,250.0,36.095547996198384,running,27.991682052612305,51.346038818359375,0.017010288313031197
331,5,hard_s_curve_sequences,-1.5999318344922762,-0.24999878705539105,2.0733845909417957e-06,local_goal_sequence,0.4,0.25,0.0,0.55,1.75,-1.57,58.55283333086373,False,False,True,0.5141794509050271,0.4776914417743683,0.4716990566028301,0.31769875312150203,0.24013648853659655,0.1540003034813281,161,126,1,4,0.5230825543403625,0.5707326531410217,False,0.0,,,250,0.0,0.0,250.0,36.411007905700615,running,11.414851188659668,15.796060562133789,0.016961416229605675
332,5,hard_s_curve_sequences,-1.5999296240640437,-0.7499990261147802,2.5096380257688364e-06,local_goal_sequence,0.4,-0.25,0.0,1.05,-1.25,1.57,34.51721235110678,False,False,True,0.5997120165379457,0.4023439288139343,0.47169905660283007,0.3409777568278784,0.24315612182382224,0.13072129977495167,229,9,1,4,0.7025412917137146,0.4023439288139343,False,0.0,,,250,0.0,0.0,250.0,36.47424966755599,running,36.358333587646484,19.94720458984375,0.01688474789261818
333,5,hard_s_curve_sequences,-1.6499307842185342,-0.6999989047431894,2.197033841836201e-06,local_goal_sequence,0.35,-0.2,0.0,-0.55,-1.75,1.57,28.094650629896627,False,False,True,0.6159211435298532,0.4656020700931549,0.4031128874149274,0.3500954298354654,0.2434788577905389,0.053017457579462024,198,111,1,4,0.544295608997345,0.4656020700931549,False,0.0,,,250,0.0,0.0,250.0,35.9037740859465,running,45.1617546081543,8.61026382446289,0.017710400745272636
334,5,hard_s_curve_sequences,-1.6499307792469085,-0.6999989099344384,2.1848279813619804e-06,local_goal_sequence,0.35,-0.2,0.0,-0.15,-1.25,1.57,20.33475294274841,False,False,True,0.6076263448610199,0.4434667229652405,0.4031128874149275,0.38712360085224695,0.24344602344308622,0.01598928656268056,217,100,1,4,0.6068903207778931,0.4434667229652405,False,0.0,,,250,0.0,0.0,250.0,35.19164505987837,running,39.18920135498047,13.259929656982422,0.016932042315602303
335,5,hard_s_curve_sequences,-1.649931639313808,-0.29999890959879355,2.1678399674698624e-06,local_goal_sequence,0.35,0.2,0.0,0.55,-1.75,1.57,64.4102389884526,False,False,True,0.5904810019296368,0.43201884627342224,0.4031128874149275,0.6785472599290411,0.24112681650694034,-0.27543437251411357,158,73,2,4,0.6079428195953369,0.43201884627342224,False,0.0,,,250,0.0,0.0,250.0,36.352987931065165,running,15.820728302001953,9.4419584274292,0.016166362911462784
336,5,hard_s_curve_sequences,-1.5999379665476028,-0.249998848367991,2.2370074763343188e-06,local_goal_sequence,0.4,0.25,0.0,0.55,-1.75,1.57,61.35198055836736,False,False,True,0.5623759937381981,0.49080702662467957,0.47169905660283024,0.2742764387464182,0.24217703715092015,0.19742261785641202,159,136,1,4,0.49080702662467957,0.5657101273536682,False,0.0,,,250,0.0,0.0,250.0,37.981140331799395,running,9.429533004760742,7.805819034576416,0.015246055088937283
337,5,hard_s_curve_sequences,-1.6499307963376897,-0.6999988963767145,2.1904282144559327e-06,local_goal_sequence,0.35,-0.2,0.0,0.55,-1.75,1.57,22.688034734485072,False,False,True,0.49621938586168335,0.484168142080307,0.40311288741492746,0.42758331688084494,0.24006812509183575,-0.024470429465917487,180,79,1,4,0.6362590193748474,0.53731369972229,False,0.0,,,250,0.0,0.0,250.0,37.39901000706482,running,26.168590545654297,3.224315643310547,0.01497709285467863
338,5,hard_s_curve_sequences,-1.5999317514581413,-0.24999880682715742,2.1563765830565836e-06,local_goal_sequence,0.4,0.25,0.0,-0.15,1.25,-1.57,60.99438413653859,False,False,True,0.5250249258952701,0.4859461784362793,0.4716990566028301,0.3001370797368985,0.24021605718678762,0.1715619768659316,158,110,1,4,0.5029261708259583,0.5900253653526306,False,0.0,,,250,0.0,0.0,250.0,38.22467934520947,running,35.350006103515625,5.527608394622803,0.01670549437403679
339,5,hard_s_curve_sequences,-1.5999289062592847,-0.7499990435599244,2.4637431873018045e-06,local_goal_sequence,0.4,-0.25,0.0,-0.55,-1.75,1.57,47.40787128306701,False,False,True,0.5622004996628379,0.46845048666000366,0.4716990566028302,0.3217084340209583,0.24542362757354122,0.1499906225818719,227,79,1,4,0.640579104423523,0.46845048666000366,False,0.0,,,250,0.0,0.0,250.0,37.89837372374043,running,34.88093185424805,100.16444396972656,0.016779452562332153
340,5,hard_s_curve_sequences,-1.5999317574657952,-0.24999881381775926,2.141755797736219e-06,local_goal_sequence,0.4,0.25,0.0,-1.05,-1.25,1.57,59.44874214020944,False,False,True,0.5049126588504557,0.48306748270988464,0.47169905660283024,0.3134848311230757,0.2414708525162213,0.15821422547975456,152,95,1,4,0.5050320625305176,0.6017730832099915,False,0.0,,,250,0.0,0.0,250.0,38.164478121214096,running,43.238521575927734,15.654155731201172,0.017147880047559738
341,5,hard_s_curve_sequences,-1.5999340716533754,-0.749998767786973,2.1074992105030787e-06,local_goal_sequence,0.4,-0.25,0.0,0.55,-1.75,1.57,40.196608027763325,False,False,True,0.5414522780328057,0.4681273400783539,0.4716990566028303,0.34961124127681575,0.24218755160329303,0.12208781532601454,220,44,1,4,0.6626334190368652,0.4681273400783539,False,0.0,,,250,0.0,0.0,250.0,37.59431217951297,running,26.244604110717773,12.044384956359863,0.017848070710897446
342,5,hard_s_curve_sequences,-1.599931086098746,-0.24999894013823945,2.3386503454062585e-06,local_goal_sequence,0.4,0.25,0.0,-1.05,-1.25,1.57,61.33641556555615,False,False,True,0.540907135676078,0.49127277731895447,0.47169905660283024,0.29438039373535324,0.24065565208594408,0.177318662867477,159,143,1,4,0.5069254040718079,0.5640562772750854,False,0.0,,,250,0.0,0.0,250.0,38.41767240649504,running,23.483291625976562,6.920528888702393,0.01724650338292122
343,5,hard_s_curve_sequences,-1.649931641428314,-0.2999989116984178,2.151662690749269e-06,local_goal_sequence,0.35,0.2,0.0,-0.15,1.25,-1.57,67.16009300044479,False,False,True,0.5596893916843075,0.47188708186149597,0.4031128874149276,0.2468085096634583,0.24025595924488655,0.15630437775146933,151,49,1,4,0.5983328223228455,0.5132465362548828,False,0.0,,,250,0.0,0.0,250.0,40.40891771468431,running,21.513174057006836,15.434438705444336,0.016455261036753654
344,5,hard_s_curve_sequences,-1.6499307651440298,-0.6999988883481979,2.2440614540199844e-06,local_goal_sequence,0.35,-0.2,0.0,-0.55,-1.75,1.57,32.34270785566769,False,False,True,0.5496566469412237,0.48463955521583557,0.4031128874149276,0.34540976247643246,0.24350470844245442,0.057703124938495165,171,147,1,4,0.5564684271812439,0.5301958918571472,False,0.0,,,250,0.0,0.0,250.0,41.434694035651184,running,22.7557430267334,8.630544662475586,0.015873759984970093
345,5,hard_s_curve_sequences,-1.649931655621,-0.29999886524436564,2.277386479908201e-06,local_goal_sequence,0.35,0.2,0.0,1.05,-1.25,1.57,60.62306436631366,False,False,True,0.511073250518714,0.4857712984085083,0.40311288741492757,0.30041455489158203,0.24031673422304908,0.10269833252334554,119,29,1,4,0.6247578859329224,0.5584105253219604,False,0.0,,,250,0.0,0.0,250.0,43.40132774083091,running,10.338212013244629,15.822296142578125,0.016054535284638405
346,5,hard_s_curve_sequences,-1.6499307632337596,-0.6999988744957076,2.2621209730087156e-06,local_goal_sequence,0.35,-0.2,0.0,1.05,-1.25,1.57,18.283473560939377,False,False,True,0.537089644538199,0.48788583278656006,0.40311288741492735,0.42382910461067597,0.2433595896771962,-0.02071621719574862,195,77,1,4,0.6387807726860046,0.4978927671909332,False,0.0,,,250,0.0,0.0,250.0,41.91431049951435,running,25.37890625,3.998802423477173,0.01658392697572708
347,5,hard_s_curve_sequences,-1.6499328562681848,-0.6999989778694052,2.365658194429643e-06,local_goal_sequence,0.35,-0.2,0.0,-0.15,-1.25,1.57,34.605766655142034,False,False,True,0.5707263751722972,0.48422127962112427,0.40311288741492757,0.34598839716224594,0.242101429734961,0.057124490252681626,184,123,1,4,0.5311926603317261,0.5141773223876953,False,0.0,,,250,0.0,0.0,250.0,42.52262120854176,running,15.226282119750977,4.512513160705566,0.01581016182899475
348,5,hard_s_curve_sequences,-1.64993165191275,-0.29999890632243054,2.1576315158770073e-06,local_goal_sequence,0.35,0.2,0.0,0.55,-1.75,1.57,56.62244634625303,False,False,True,0.5279267470882067,0.48542478680610657,0.40311288741492757,0.2779028301265928,0.24263384444531697,0.1252100572883348,123,37,1,4,0.6001521944999695,0.559619665145874,False,0.0,,,250,0.0,0.0,250.0,44.14256302790403,running,11.52674674987793,9.833410263061523,0.014497501775622368
349,5,hard_s_curve_sequences,-1.649930787644429,-0.6999989064498269,2.1652189846854774e-06,local_goal_sequence,0.35,-0.2,0.0,1.05,1.25,-1.57,25.90064529646674,False,False,True,0.5527430508717545,0.4780328869819641,0.4031128874149276,0.3683598136334396,0.2417120165655555,0.03475307378148801,195,126,1,4,0.5771048069000244,0.5118182897567749,False,0.0,,,250,0.0,0.0,250.0,42.951087958889644,running,29.549654006958008,5.997934341430664,0.014070341363549232
350,5,hard_s_curve_sequences,-1.5999339216520152,-0.24999885817710493,2.336119959353021e-06,local_goal_sequence,0.4,0.25,0.0,-0.15,1.25,-1.57,58.123309087547156,False,False,True,0.4999988548949022,0.4813321828842163,0.4716990566028301,0.3179626746724624,0.24120237844273332,0.1537363819303677,171,104,1,4,0.5143267512321472,0.5875805020332336,False,0.0,,,250,0.0,0.0,250.0,43.1182413011273,running,20.59026336669922,5.491536617279053,0.01391914114356041
351,5,hard_s_curve_sequences,-1.599930661714562,-0.7499988027881338,2.1714793887307917e-06,local_goal_sequence,0.4,-0.25,0.0,1.05,1.25,-1.57,47.628000208799484,False,False,True,0.6140331301297631,0.4312093257904053,0.47169905660283007,0.28997333065502906,0.24024800954492323,0.181725725947801,227,87,1,4,0.6327852010726929,0.4312093257904053,False,0.0,,,250,0.0,0.0,250.0,44.29735775961661,running,25.274620056152344,10.543824195861816,0.013436292298138142
352,5,hard_s_curve_sequences,-1.5999306849274317,-0.749998817445459,2.142010158730606e-06,local_goal_sequence,0.4,-0.25,0.0,-1.05,-1.25,1.57,45.320471703936704,False,False,True,0.5645279539073828,0.4750502109527588,0.47169905660283024,0.31715862165166514,0.24295229923095918,0.1545404349511651,216,88,1,4,0.6246641278266907,0.4750502109527588,False,0.0,,,250,0.0,0.0,250.0,45.16547062014663,running,18.927005767822266,3.3773765563964844,0.012996523641049862
353,5,hard_s_curve_sequences,-1.599932786228213,-0.7499988952462414,2.2659858433033928e-06,local_goal_sequence,0.4,-0.25,0.0,1.05,-1.25,1.57,40.46594244064315,False,False,True,0.5689573023017489,0.4508858323097229,0.4716990566028301,0.3269359044555692,0.24085448745701854,0.14476315214726093,223,64,1,4,0.6391322612762451,0.4508858323097229,False,0.0,,,250,0.0,0.0,250.0,45.20614007410031,running,24.466896057128906,3.806989908218384,0.013572257943451405
354,5,hard_s_curve_sequences,-1.6499316580848689,-0.29999887216875004,2.280016051608148e-06,local_goal_sequence,0.35,0.2,0.0,0.55,1.75,-1.57,52.26523033533409,False,False,True,0.46149534985544455,0.4842582046985626,0.4031128874149276,0.33675937688134383,0.24090409373770022,0.06635351053358379,109,16,1,4,0.6130937933921814,0.623573899269104,False,0.0,,,250,0.0,0.0,250.0,44.90355696376142,running,26.504606246948242,17.06005096435547,0.013959459960460663
355,5,hard_s_curve_sequences,-1.599931753909923,-0.24999881286269596,2.138759703343026e-06,local_goal_sequence,0.4,0.25,0.0,-0.55,1.75,-1.57,59.2814220209269,False,False,True,0.5070152851445991,0.4821408987045288,0.47169905660283007,0.32008409391015163,0.24214401872597327,0.15161496269267843,145,111,1,4,0.5247284770011902,0.5822674036026001,False,0.0,,,250,0.0,0.0,250.0,46.31825190269878,running,22.150541305541992,2.0040841102600098,0.01561727561056614
356,5,hard_s_curve_sequences,-1.6499316622513698,-0.29999888744562053,2.2472608986446123e-06,local_goal_sequence,0.35,0.2,0.0,0.55,-1.75,1.57,64.95819557985209,False,False,True,0.5906472371961744,0.41925933957099915,0.40311288741492746,0.6851910380905749,0.240153495287488,-0.28207815067564745,169,82,2,4,0.6169317960739136,0.41925933957099915,False,0.0,,,250,0.0,0.0,250.0,46.57446639265832,running,21.149185180664062,2.464364767074585,0.016351645812392235
357,5,hard_s_curve_sequences,-1.599931082943895,-0.24999896894809184,2.4327321945673724e-06,local_goal_sequence,0.4,0.25,0.0,0.55,1.75,-1.57,62.21127033583691,False,False,True,0.5201557453367758,0.486134797334671,0.4716990566028303,0.3085981719035389,0.24110514996656612,0.1631008846992914,146,111,1,4,0.5169040560722351,0.5687413811683655,False,0.0,,,250,0.0,0.0,250.0,47.682228712047525,running,14.679203987121582,5.422477722167969,0.016051266342401505
358,5,hard_s_curve_sequences,-1.650027072856156,-0.30007752980068236,6.994636346193378e-06,local_goal_sequence,0.35,0.2,0.0,-1.05,-1.25,1.57,64.72121361640595,False,False,True,0.5720249663480832,0.4635864496231079,0.40311288741492746,0.6934272556335064,0.24071611405220011,-0.2903143682185789,139,57,2,4,0.6123351454734802,0.49653953313827515,False,0.0,,,250,0.0,0.0,250.0,49.14729123150791,running,39.408382415771484,4.7469916343688965,0.01577567867934704
359,5,hard_s_curve_sequences,-1.5999306506748188,-0.7499987797848227,2.2119069345813644e-06,local_goal_sequence,0.4,-0.25,0.0,-1.05,-1.25,1.57,42.07952211147403,False,False,True,0.5406721059191469,0.4773516356945038,0.4716990566028304,0.3444796170588763,0.2421702959639621,0.1272194395439541,229,63,1,4,0.661759078502655,0.4773516356945038,False,0.0,,,250,0.0,0.0,250.0,50.01708199825693,running,27.822595596313477,3.3396072387695312,0.015509889461100101
360,5,hard_s_curve_sequences,-1.6499297388642284,-0.699999093954349,2.4503272849194627e-06,local_goal_sequence,0.35,-0.2,0.0,1.05,-1.25,1.57,25.09332559149251,False,False,True,0.4867777204295682,0.4786958694458008,0.40311288741492735,0.42333912094692405,0.24104692107692283,-0.020226233531996707,187,90,1,4,0.6297485828399658,0.5639496445655823,False,0.0,,,250,0.0,0.0,250.0,48.444405462378526,running,29.500141143798828,3.5535032749176025,0.015741826966404915
361,5,hard_s_curve_sequences,-1.6499307424133574,-0.699998873613185,2.2820334721642454e-06,local_goal_sequence,0.35,-0.2,0.0,-0.15,1.25,-1.57,31.425480077095393,False,False,True,0.5497848004206952,0.4767986536026001,0.4031128874149274,0.36311966204946017,0.24102357488589704,0.03999322536546723,184,122,1,4,0.5778563022613525,0.5325902104377747,False,0.0,,,250,0.0,0.0,250.0,47.24734544312765,running,43.393287658691406,5.2340087890625,0.01574772782623768
362,5,hard_s_curve_sequences,-1.6499338193508708,-0.29999898396954616,2.3522001982122827e-06,local_goal_sequence,0.35,0.2,0.0,-0.15,1.25,-1.57,51.29959973173995,False,False,True,0.4598245010285964,0.49185681343078613,0.40311288741492757,0.337249210086449,0.24119194461245527,0.06586367732847859,113,24,1,4,0.6133790016174316,0.611957848072052,False,0.0,,,250,0.0,0.0,250.0,48.39180804301785,running,32.351619720458984,4.690952301025391,0.01574588194489479
363,5,hard_s_curve_sequences,-1.6499307409512984,-0.6999988856095214,2.2354478393409217e-06,local_goal_sequence,0.35,-0.2,0.0,0.55,-1.75,1.57,11.525788928223378,False,False,True,0.5259620178522921,0.4828844368457794,0.4031128874149274,0.44046046089214375,0.24495289817089055,-0.037347573477216345,216,55,1,4,0.6489664316177368,0.504436731338501,False,0.0,,,250,0.0,0.0,250.0,46.413064234685244,running,24.168832778930664,8.589442253112793,0.016579261049628258
364,5,hard_s_curve_sequences,-1.6499307505295315,-0.6999988840762393,2.216622541318464e-06,local_goal_sequence,0.35,-0.2,0.0,-0.55,-1.75,1.57,17.69895761028083,False,False,True,0.4400233792180787,0.4918261468410492,0.4031128874149274,0.45845453614743636,0.24004397073894806,-0.05534164873250896,162,48,1,4,0.6662211418151855,0.5468557476997375,False,0.0,,,250,0.0,0.0,250.0,45.2247076877738,running,40.435489654541016,5.920145034790039,0.018161047250032425
365,5,hard_s_curve_sequences,-1.6499316399348025,-0.29999891129347267,2.1729113642146446e-06,local_goal_sequence,0.35,0.2,0.0,-1.05,-1.25,1.57,52.89075965459779,False,False,True,0.5166704969644881,0.4853091835975647,0.4031128874149274,0.28301759278679534,0.2417809555340759,0.12009529462813207,117,76,1,4,0.5972365140914917,0.5611329078674316,False,0.0,,,250,0.0,0.0,250.0,44.962388388349325,running,37.24671936035156,2.546868324279785,0.01863475702702999
366,5,hard_s_curve_sequences,-1.6499307461811066,-0.6999988753786287,2.253549389396244e-06,local_goal_sequence,0.35,-0.2,0.0,0.55,1.75,-1.57,28.374401147853277,False,False,True,0.6026803493243114,0.47427868843078613,0.40311288741492746,0.3606770129124411,0.24025540644303917,0.04243587450248637,208,103,1,4,0.5656495094299316,0.47427868843078613,False,0.0,,,250,0.0,0.0,250.0,44.48950011315293,running,31.838754653930664,19.507539749145508,0.018392449244856834
367,5,hard_s_curve_sequences,-1.5999317583333383,-0.24999876968845203,2.2538643397214824e-06,local_goal_sequence,0.4,0.25,0.0,-0.15,-1.25,1.57,57.0582032484133,False,False,True,0.5076805611980423,0.4864124357700348,0.47169905660283024,0.31247889907888615,0.24023573398113893,0.15922015752394408,159,95,1,4,0.5111887454986572,0.5914719104766846,False,0.0,,,250,0.0,0.0,250.0,44.318371620467204,running,26.114906311035156,3.096109390258789,0.016905508935451508
368,5,hard_s_curve_sequences,-1.6499307103139937,-0.2999991848942674,2.570080190801431e-06,local_goal_sequence,0.35,0.2,0.0,0.55,1.75,-1.57,51.00832394872898,False,False,True,0.4465595813262534,0.4845030605792999,0.4031128874149273,0.3422420556020865,0.2402511732273453,0.06087083181284081,93,60,1,4,0.6016753911972046,0.5967763662338257,False,0.0,,,250,0.0,0.0,250.0,43.672300858398586,running,41.43976593017578,10.85749340057373,0.016337890177965164
369,5,hard_s_curve_sequences,-1.5999317825165802,-0.24999877290630007,2.2305802732372728e-06,local_goal_sequence,0.4,0.25,0.0,-0.15,1.25,-1.57,58.27216801053902,False,False,True,0.5072521100927412,0.47767210006713867,0.4716990566028302,0.32462232649924505,0.24149636263223276,0.14707673010358513,146,103,1,4,0.515044093132019,0.5854186415672302,False,0.0,,,250,0.0,0.0,250.0,44.70947926459344,running,19.656986236572266,5.470469951629639,0.016127971932291985
370,5,hard_s_curve_sequences,-1.59993175267011,-0.24999881243797953,2.144577165190726e-06,local_goal_sequence,0.4,0.25,0.0,0.55,-1.75,1.57,51.706118246680255,False,False,True,0.48368819221636034,0.48962655663490295,0.4716990566028301,0.4064589602423177,0.24097183175284403,0.06524009636051242,142,22,1,4,0.6677605509757996,0.5221143960952759,False,0.0,,,250,0.0,0.0,250.0,44.352801419808095,running,34.26741027832031,16.48946189880371,0.01683657243847847
371,5,hard_s_curve_sequences,-1.6499307672132744,-0.6999988861448223,2.2439573784382856e-06,local_goal_sequence,0.35,-0.2,0.0,-1.05,-1.25,1.57,26.47287164403768,False,False,True,0.532340787692807,0.48693105578422546,0.4031128874149275,0.3806069043655374,0.24412899504120994,0.02250598304939011,170,122,1,4,0.5885138511657715,0.5172121524810791,False,0.0,,,250,0.0,0.0,250.0,44.68037734313202,running,30.353975296020508,1.9760229587554932,0.01704501546919346
372,5,hard_s_curve_sequences,-1.6499307435837016,-0.6999988861572108,2.255008534119428e-06,local_goal_sequence,0.35,-0.2,0.0,1.05,1.25,-1.57,22.896135531348847,False,False,True,0.4715627256672206,0.4896964728832245,0.4031128874149275,0.445679470930462,0.24037983810456143,-0.042566583515534495,183,76,1,4,0.6357833743095398,0.5514540076255798,False,0.0,,,250,0.0,0.0,250.0,44.211992098180296,running,24.679906845092773,6.0038862228393555,0.01664486527442932
373,5,hard_s_curve_sequences,-1.6499307928232108,-0.6999989180576531,2.136483565155245e-06,local_goal_sequence,0.35,-0.2,0.0,0.55,-1.75,1.57,19.53415246940935,False,False,True,0.5410752689841444,0.4856107234954834,0.4031128874149275,0.38296215113659604,0.2440065032758815,0.02015073627833147,169,100,1,4,0.5768893361091614,0.49552246928215027,False,0.0,,,250,0.0,0.0,250.0,42.72846034310655,running,23.32745361328125,3.0589141845703125,0.016665760427713394
374,5,hard_s_curve_sequences,-1.6499328677904501,-0.6999989836034173,2.335231804646449e-06,local_goal_sequence,0.35,-0.2,0.0,-0.55,-1.75,1.57,33.88098078995056,False,False,True,0.5424280752670305,0.4872496426105499,0.4031128874149274,0.35732387022690376,0.24274183520003664,0.04578901718802364,167,107,1,4,0.562808632850647,0.5205872654914856,False,0.0,,,250,0.0,0.0,250.0,43.047673762845896,running,23.350671768188477,2.5193073749542236,0.016703462228178978
375,5,hard_s_curve_sequences,-1.6499316430659043,-0.2999989145424251,2.1411309138530028e-06,local_goal_sequence,0.35,0.2,0.0,0.55,-1.75,1.57,62.86899718256033,False,False,True,0.5532015998924077,0.49052634835243225,0.4031128874149274,0.261057742467798,0.24187417240540834,0.1420551449471294,170,31,1,4,0.5896279215812683,0.5829206705093384,False,0.0,,,250,0.0,0.0,250.0,43.23750128664643,running,39.302791595458984,123.22006225585938,0.015858612954616547
376,5,hard_s_curve_sequences,-1.6499308023645183,-0.6999989048706554,2.185735036122943e-06,local_goal_sequence,0.35,-0.2,0.0,1.05,-1.25,1.57,15.435198888878645,False,False,True,0.3692228733930519,0.4866426885128021,0.4031128874149274,0.5421431356263301,0.24277677529802377,-0.1390302482114027,149,0,1,4,0.7385329008102417,0.575944185256958,False,0.0,,,250,0.0,0.0,250.0,41.9497892338496,running,47.36159133911133,19.537771224975586,0.016666069626808167
377,5,hard_s_curve_sequences,-1.6499316402423359,-0.29999888579451783,2.2076638275555395e-06,local_goal_sequence,0.35,0.2,0.0,0.55,1.75,-1.57,50.25856382642914,False,False,True,0.47356257435565713,0.4815157353878021,0.40311288741492746,0.3617230816383674,0.2400960597336298,0.04138980577656004,139,0,1,4,0.6544716358184814,0.6070356369018555,False,0.0,,,250,0.0,0.0,250.0,42.147312918749286,running,43.95719909667969,2.565770387649536,0.018149809911847115
378,5,hard_s_curve_sequences,-1.5999313063881595,-0.24999889683706109,2.4721100511225747e-06,local_goal_sequence,0.4,0.25,0.0,1.05,1.25,-1.57,39.95971932117072,False,False,True,0.4368976791448149,0.4786735773086548,0.47169905660283024,0.5060667656904292,0.24033403840288747,-0.03436770908759895,156,0,1,4,0.7019706964492798,0.5674749612808228,False,0.0,,,250,0.0,0.0,250.0,42.127063993970395,running,39.463436126708984,2.954441547393799,0.017681796103715897
379,5,hard_s_curve_sequences,-1.6499304031764517,-0.699999017364507,2.2674599682417372e-06,local_goal_sequence,0.35,-0.2,0.0,0.55,-1.75,1.57,11.875710696561995,False,False,True,0.3978431491937503,0.4855746924877167,0.4031128874149277,0.6091410964967101,0.24025178835071845,-0.20602820908178243,229,0,1,4,0.804700493812561,0.5341556072235107,False,0.0,,,250,0.0,0.0,250.0,40.51148320841951,running,31.559144973754883,21.630084991455078,0.016728993505239487
380,5,hard_s_curve_sequences,-1.6499316568684375,-0.2999988895219319,2.2080258139215153e-06,local_goal_sequence,0.35,0.2,0.0,0.55,1.75,-1.57,60.236599723596456,False,False,True,0.5524664584276792,0.46227267384529114,0.40311288741492735,0.2562579687640387,0.2407389458672761,0.14685491865088862,134,47,1,4,0.6303005814552307,0.46227267384529114,False,0.0,,,250,0.0,0.0,250.0,40.549690316526295,running,28.917871475219727,7.826683044433594,0.015595805831253529
381,5,hard_s_curve_sequences,-1.5999370040207517,-0.7499986925917737,2.0743502265617324e-06,local_goal_sequence,0.4,-0.25,0.0,-1.05,-1.25,1.57,30.24922963626053,False,False,True,0.454335360434172,0.4882347583770752,0.4716990566028303,0.4793796096584184,0.2408571348719921,-0.007680553055588124,250,0,1,4,0.7712154984474182,0.5364612936973572,False,0.0,,,250,0.0,0.0,250.0,39.16133167878264,running,32.8603401184082,4.773487091064453,0.015506591647863388
382,5,hard_s_curve_sequences,-1.6499296821755625,-0.6999989908279807,2.4547074976187368e-06,local_goal_sequence,0.35,-0.2,0.0,0.55,-1.75,1.57,25.136439783657252,False,False,True,0.49460184704197624,0.47962716221809387,0.4031128874149273,0.38667347573939415,0.24208926842731449,0.016439411675533144,164,74,1,4,0.5994157195091248,0.5505905151367188,False,0.0,,,250,0.0,0.0,250.0,37.67833845669545,running,23.853961944580078,2.5366058349609375,0.015746144577860832
383,5,hard_s_curve_sequences,-1.5999306874127512,-0.7499988154392332,2.1388220086172164e-06,local_goal_sequence,0.4,-0.25,0.0,-0.15,-1.25,1.57,44.24380998628877,False,False,True,0.5029548467511074,0.4868012070655823,0.4716990566028302,0.4005079865644944,0.2409433838873268,0.0711910700383358,242,3,1,4,0.7114031314849854,0.5012235045433044,False,0.0,,,250,0.0,0.0,250.0,36.85924231149076,running,28.405847549438477,14.90132999420166,0.014897781424224377
384,5,hard_s_curve_sequences,-1.5999317500555803,-0.24999879833592703,2.1507079519276927e-06,local_goal_sequence,0.4,0.25,0.0,-1.05,-1.25,1.57,36.57420962293878,False,False,True,0.4509864355041958,0.4930989742279053,0.4716990566028301,0.5051981622915676,0.24368435072146516,-0.03349910568873743,144,0,1,4,0.6867407560348511,0.5339154005050659,False,0.0,,,250,0.0,0.0,250.0,36.63902981194935,running,28.985212326049805,2.435850143432617,0.014531129971146584
385,5,hard_s_curve_sequences,-1.649931644731224,-0.2999988904780366,2.2330550270366662e-06,local_goal_sequence,0.35,0.2,0.0,-0.15,-1.25,1.57,48.01894321532188,False,False,True,0.47450806238506327,0.49057966470718384,0.4031128874149275,0.3281679169909993,0.24131629009671188,0.07494497042392823,102,1,1,4,0.6196901798248291,0.7093505859375,False,0.0,,,250,0.0,0.0,250.0,37.55605451690252,running,16.64690589904785,2.1179959774017334,0.014124845154583454
386,5,hard_s_curve_sequences,-1.5999306907598643,-0.7499987943783837,2.1668196545800987e-06,local_goal_sequence,0.4,-0.25,0.0,-0.55,-1.75,1.57,44.47988345733997,False,False,True,0.5000333496595452,0.47838354110717773,0.47169905660283007,0.3968128461733503,0.24031396675411204,0.0748862104294798,243,12,1,4,0.7085840702056885,0.5177065134048462,False,0.0,,,250,0.0,0.0,250.0,38.0782306521123,running,12.026958465576172,2.7815184593200684,0.013491814024746418
387,5,hard_s_curve_sequences,-1.5999317812578704,-0.2499987979147172,2.181514058978747e-06,local_goal_sequence,0.4,0.25,0.0,1.05,1.25,-1.57,51.80775901283189,False,False,True,0.44037556325287097,0.49052414298057556,0.4716990566028302,0.37408803021904363,0.24033915964917157,0.09761102638378655,152,100,1,4,0.5454095005989075,0.6528131365776062,False,0.0,,,250,0.0,0.0,250.0,38.09855702335599,running,34.3943977355957,3.5089378356933594,0.013589405454695225
388,5,hard_s_curve_sequences,-1.6499307437812207,-0.6999988772325456,2.2701614487185908e-06,local_goal_sequence,0.35,-0.2,0.0,-0.15,1.25,-1.57,25.851332209326593,False,False,True,0.4325656588685287,0.4787043631076813,0.40311288741492757,0.46098013381274705,0.24492224992294748,-0.05786724639781948,182,50,1,4,0.6610971689224243,0.55535888671875,False,0.0,,,250,0.0,0.0,250.0,38.67157875460012,running,31.786537170410156,9.452470779418945,0.013189724646508694
389,5,hard_s_curve_sequences,-1.5999297907175396,-0.7499988052797204,2.263663394991016e-06,local_goal_sequence,0.4,-0.25,0.0,1.05,-1.25,1.57,37.86341052647785,False,False,True,0.4547414527574508,0.4898737967014313,0.4716990566028303,0.4520000392207455,0.24086248643856895,0.019699017382084794,236,0,1,4,0.7343282699584961,0.5398190021514893,False,0.0,,,250,0.0,0.0,250.0,39.478156871248004,running,36.751827239990234,4.897729873657227,0.014003968797624111
390,5,hard_s_curve_sequences,-1.599930485720878,-0.24999885892704185,2.4558185880921508e-06,local_goal_sequence,0.4,0.25,0.0,0.55,1.75,-1.57,51.878421589247026,False,False,True,0.4414350874854401,0.4825495779514313,0.47169905660283007,0.41727193887239084,0.24065211201488818,0.054427117730439234,136,21,1,4,0.6878427863121033,0.5590530037879944,False,0.0,,,250,0.0,0.0,250.0,39.437663348633976,running,28.153291702270508,26.286285400390625,0.015404065139591694
391,5,hard_s_curve_sequences,-1.6499316500555428,-0.2999988944062783,2.178592370368507e-06,local_goal_sequence,0.35,0.2,0.0,1.05,-1.25,1.57,50.90281131903291,False,False,True,0.507279006120236,0.492354154586792,0.40311288741492757,0.3106298119591937,0.24057689618055159,0.09248307545573387,113,13,1,4,0.6362821459770203,0.556041419506073,False,0.0,,,250,0.0,0.0,250.0,40.338799755481155,running,37.479183197021484,1.9741103649139404,0.015748968347907066
392,5,hard_s_curve_sequences,-1.5999328012233298,-0.7499988754303248,2.306659331420349e-06,local_goal_sequence,0.4,-0.25,0.0,1.05,-1.25,1.57,38.17680342572514,False,False,True,0.5409303423764298,0.46108391880989075,0.47169905660283007,0.3857222798709047,0.24024442894877573,0.08597677673192539,237,2,1,4,0.7123233079910278,0.46108391880989075,False,0.0,,,250,0.0,0.0,250.0,39.583543762573626,running,22.90030288696289,10.946260452270508,0.015273720026016235
393,5,hard_s_curve_sequences,-1.6499307892083965,-0.6999989094188392,2.1618453263804136e-06,local_goal_sequence,0.35,-0.2,0.0,-1.05,1.25,-1.57,26.169625019074132,False,False,True,0.5659077426106502,0.4757460951805115,0.4031128874149274,0.43927826234549006,0.24200966781810201,-0.036165374930562655,226,63,1,4,0.6403182148933411,0.4757460951805115,False,0.0,,,250,0.0,0.0,250.0,38.58999580538743,running,24.480432510375977,3.3813230991363525,0.014944320544600487
394,5,hard_s_curve_sequences,-1.6499328544787497,-0.6999989708726123,2.3641451395457072e-06,local_goal_sequence,0.35,-0.2,0.0,-0.55,-1.75,1.57,18.72986986101362,False,False,True,0.49487043464219066,0.4854566752910614,0.40311288741492757,0.4775886943184084,0.24012876047483558,-0.07447580690348082,217,33,1,4,0.6792717576026917,0.5145696401596069,False,0.0,,,250,0.0,0.0,250.0,37.00830387940641,running,20.464021682739258,2.672112226486206,0.014085868373513222
395,5,hard_s_curve_sequences,-1.5999306301491465,-0.7499987740713575,2.234280386039482e-06,local_goal_sequence,0.4,-0.25,0.0,0.55,-1.75,1.57,41.14458861738102,False,False,True,0.52988725420863,0.48676592111587524,0.4716990566028303,0.37938994723081176,0.24106209533674675,0.09230910937201853,233,19,1,4,0.6997599601745605,0.48676592111587524,False,0.0,,,250,0.0,0.0,250.0,36.58584269423445,running,5.320858001708984,1.316908597946167,0.014016889035701752
396,5,hard_s_curve_sequences,-1.5999317428691806,-0.24999877200689372,2.2416883926170892e-06,local_goal_sequence,0.4,0.25,0.0,1.05,-1.25,1.57,54.40032781711444,False,False,True,0.4540832963748819,0.4851694703102112,0.47169905660283024,0.4253532254957926,0.2401337969076155,0.04634583110703766,145,62,1,4,0.6270588636398315,0.542901873588562,False,0.0,,,250,0.0,0.0,250.0,37.702940941157514,running,31.172639846801758,7.909428596496582,0.014188048429787159
397,5,hard_s_curve_sequences,-1.6499307454668128,-0.6999988889076257,2.2303973395218566e-06,local_goal_sequence,0.35,-0.2,0.0,-1.05,1.25,-1.57,30.547314637568746,False,False,True,0.5330610259338994,0.4888749122619629,0.4031128874149274,0.43332985048309364,0.2430773183198154,-0.030216963068166236,220,63,1,4,0.642410159111023,0.5050678253173828,False,0.0,,,250,0.0,0.0,250.0,38.00898810540632,running,16.0867862701416,4.666139125823975,0.015002445317804813
398,5,hard_s_curve_sequences,-1.6499294529851094,-0.6999989436760683,2.386397986886901e-06,local_goal_sequence,0.35,-0.2,0.0,-0.55,1.75,-1.57,25.587663158973143,False,False,True,0.5089021751175787,0.4822831451892853,0.4031128874149275,0.44637918951135624,0.24176829115091827,-0.04326630209642873,211,62,1,4,0.6479924917221069,0.5207573771476746,False,0.0,,,250,0.0,0.0,250.0,38.251128532988865,running,27.05492401123047,5.302984237670898,0.015109113417565823
399,5,hard_s_curve_sequences,-1.5999317581819197,-0.24999878541894574,2.1867085212204497e-06,local_goal_sequence,0.4,0.25,0.0,1.05,1.25,-1.57,56.98536711431548,False,False,True,0.4445245319993439,0.48353633284568787,0.4716990566028301,0.370175047583681,0.24045965322665735,0.1015240090191491,140,109,1,4,0.5437130331993103,0.6367936730384827,False,0.0,,,250,0.0,0.0,250.0,39.17530398596347,running,19.783021926879883,12.288965225219727,0.015817053616046906
400,5,hard_s_curve_sequences,-1.5999328254783378,-0.7499988327007193,2.418708644905026e-06,local_goal_sequence,0.4,-0.25,0.0,0.55,-1.75,1.57,44.1013502741188,False,False,True,0.583741801220169,0.4416674077510834,0.4716990566028302,0.33640137244523804,0.24084720227804132,0.13529768415759214,229,50,1,4,0.6606349945068359,0.4416674077510834,False,0.0,,,250,0.0,0.0,250.0,38.4245981096258,running,27.465024948120117,48.520164489746094,0.016080936416983604
401,5,hard_s_curve_sequences,-1.5999339160812147,-0.24999886245346215,2.3533337895854176e-06,local_goal_sequence,0.4,0.25,0.0,-0.55,-1.75,1.57,47.70622957916185,False,False,True,0.45654883544200464,0.48794642090797424,0.4716990566028303,0.4518541689924141,0.2408832235297031,0.019844887610416195,125,0,1,4,0.6839802861213684,0.5387486815452576,False,0.0,,,250,0.0,0.0,250.0,39.71543933723713,running,30.7143497467041,11.278141021728516,0.016065707430243492
402,5,hard_s_curve_sequences,-1.6499297951648966,-0.6999991909520258,2.5681283795518082e-06,local_goal_sequence,0.35,-0.2,0.0,-0.55,1.75,-1.57,21.766596333117782,False,False,True,0.49698381171311634,0.48618975281715393,0.40311288741492746,0.44474908446986955,0.2423404278572693,-0.04163619705494209,203,97,1,4,0.6374870538711548,0.5433834791183472,False,0.0,,,250,0.0,0.0,250.0,38.575760637504665,running,30.929302215576172,1.9101635217666626,0.016737155616283417
403,5,hard_s_curve_sequences,-1.649930715042747,-0.29999907406466486,2.489897951286102e-06,local_goal_sequence,0.35,0.2,0.0,1.05,1.25,-1.57,55.60957262940847,False,False,True,0.46691168595682403,0.48667263984680176,0.4031128874149274,0.3292314919983853,0.24100769587847443,0.0738813954165421,110,37,1,4,0.6216177940368652,0.601043701171875,False,0.0,,,250,0.0,0.0,250.0,39.20175476983418,running,55.60283660888672,25.68392562866211,0.016670847311615944
404,5,hard_s_curve_sequences,-1.5999306988455286,-0.7499988046221542,2.1746380425942097e-06,local_goal_sequence,0.4,-0.25,0.0,0.55,1.75,-1.57,34.46661073723412,False,False,True,0.5311542115178206,0.4811811149120331,0.4716990566028303,0.3877452792863124,0.24426507680484116,0.08395377731651787,230,17,1,4,0.7017068862915039,0.48867329955101013,False,0.0,,,250,0.0,0.0,250.0,40.10539077146106,running,58.5314826965332,5.266350269317627,0.01879018172621727
405,5,hard_s_curve_sequences,-1.649931747399773,-0.29999883872310906,2.2130077950995317e-06,local_goal_sequence,0.35,0.2,0.0,-0.55,1.75,-1.57,46.26606476269574,False,False,True,0.4519439547737678,0.48476719856262207,0.40311288741492757,0.35444601230356204,0.24344540581507482,0.048666875111365526,99,12,1,4,0.6310827732086182,0.6204400658607483,False,0.0,,,250,0.0,0.0,250.0,39.54656937302503,running,83.69474792480469,29.598800659179688,0.020709944888949394
406,5,hard_s_curve_sequences,-1.6499293604392846,-0.6999989137560039,2.3086139401990337e-06,local_goal_sequence,0.35,-0.2,0.0,-1.05,-1.25,1.57,29.39785791892561,False,False,True,0.3705113432464838,0.48826298117637634,0.40311288741492746,0.530735270561996,0.2400227251723574,-0.12762238314706853,195,0,1,4,0.7268727421760559,0.5526089668273926,False,0.0,,,250,0.0,0.0,250.0,39.51251450433164,running,104.95025634765625,27.962570190429688,0.02358134835958481
407,5,hard_s_curve_sequences,-1.5999299521476664,-0.7499986462620891,2.0725040270908934e-06,local_goal_sequence,0.4,-0.25,0.0,0.55,-1.75,1.57,34.036669536464146,False,False,True,0.507418479190607,0.488725483417511,0.4716990566028303,0.4315658406457517,0.24175724890256453,0.04013321595707858,241,0,1,4,0.7424403429031372,0.49902382493019104,False,0.0,,,250,0.0,0.0,250.0,39.868523694443915,running,74.30081939697266,21.191795349121094,0.026062212884426117
408,5,hard_s_curve_sequences,-1.5999306350192597,-0.7499987681867504,2.2419188624971144e-06,local_goal_sequence,0.4,-0.25,0.0,-1.05,-1.25,1.57,43.48772339170359,False,False,True,0.5626011106741382,0.4458097815513611,0.47169905660283007,0.3414807146453216,0.24080525975432246,0.13021834195750848,217,65,1,4,0.6569656729698181,0.4458097815513611,False,0.0,,,250,0.0,0.0,250.0,39.838280230660516,running,64.76762390136719,38.0255012512207,0.025422271341085434
409,5,hard_s_curve_sequences,-1.59993065110674,-0.7499987831078924,2.1934197530470146e-06,local_goal_sequence,0.4,-0.25,0.0,0.55,-1.75,1.57,43.16267018596469,False,False,True,0.602868389554535,0.4150586426258087,0.47169905660283024,0.3263047427793326,0.24377047596262866,0.14539431382349766,241,59,1,4,0.6678459644317627,0.4150586426258087,False,0.0,,,250,0.0,0.0,250.0,40.101818653181546,running,59.106895446777344,11.778308868408203,0.024088434875011444
410,5,hard_s_curve_sequences,-1.5999327342744079,-0.749998844075229,2.3738755816683976e-06,local_goal_sequence,0.4,-0.25,0.0,0.55,1.75,-1.57,49.19381560737142,False,False,True,0.5998527683997352,0.4093395173549652,0.4716990566028302,0.32011440105012634,0.24471204513317255,0.15158465555270384,237,86,1,4,0.6494881510734558,0.4093395173549652,False,0.0,,,250,0.0,0.0,250.0,40.14881354886353,running,45.124107360839844,4.603029251098633,0.02257172390818596
411,5,hard_s_curve_sequences,-1.5999306817595937,-0.7499988077149508,2.1474982121827063e-06,local_goal_sequence,0.4,-0.25,0.0,-1.05,1.25,-1.57,47.99469301394676,False,False,True,0.5902844272026136,0.426552414894104,0.4716990566028303,0.33610855170409193,0.24137855769459796,0.13559050489873836,238,72,1,4,0.6718056797981262,0.426552414894104,False,0.0,,,250,0.0,0.0,250.0,40.289405931127796,running,45.34554672241211,4.096521377563477,0.02154558151960373
412,5,hard_s_curve_sequences,-1.5999339425351338,-0.2499988345505346,2.3961332126151746e-06,local_goal_sequence,0.4,0.25,0.0,0.55,-1.75,1.57,50.66936459106211,False,False,True,0.4926362142960237,0.48437240719795227,0.4716990566028302,0.33886149730646214,0.24254812556298463,0.13283755929636804,175,104,1,4,0.5258099436759949,0.600946843624115,False,0.0,,,250,0.0,0.0,250.0,40.243870154257,running,43.811424255371094,3.2027335166931152,0.019621914252638817
413,5,hard_s_curve_sequences,-1.649930745422908,-0.6999988852952522,2.244658280734936e-06,local_goal_sequence,0.35,-0.2,0.0,-1.05,-1.25,1.57,36.402905742749866,False,False,True,0.5923636987405134,0.4665452539920807,0.4031128874149273,0.35205328792955526,0.24780898377778893,0.05105959948537203,182,140,1,4,0.5571345090866089,0.4665452539920807,False,0.0,,,250,0.0,0.0,250.0,40.66593309559394,running,28.94237518310547,7.515015125274658,0.018257468938827515
414,5,hard_s_curve_sequences,-1.6499307396934753,-0.699998864730448,2.2768417284409447e-06,local_goal_sequence,0.35,-0.2,0.0,-0.55,1.75,-1.57,39.61315547546937,False,False,True,0.5495297881569317,0.47912630438804626,0.4031128874149275,0.3416665016428828,0.24140209591939488,0.0614463857720447,172,142,1,4,0.5425763130187988,0.5368087291717529,False,0.0,,,250,0.0,0.0,250.0,40.7359228935536,running,28.63751983642578,4.175313949584961,0.01755611225962639
415,5,hard_s_curve_sequences,-1.6499316460553288,-0.29999892074578044,2.1403878302673676e-06,local_goal_sequence,0.35,0.2,0.0,0.55,-1.75,1.57,45.30597086967354,False,False,True,0.4935577993530062,0.47534531354904175,0.4031128874149275,0.32469925371399244,0.24085545769330075,0.07841363370093507,100,54,1,4,0.614371657371521,0.5589460134506226,False,0.0,,,250,0.0,0.0,250.0,40.47302486477066,running,35.80080032348633,2.939676284790039,0.01659386046230793
416,5,hard_s_curve_sequences,-1.6499307869958277,-0.6999989077605147,2.191339095755522e-06,local_goal_sequence,0.35,-0.2,0.0,1.05,1.25,-1.57,50.191993044994604,False,False,True,0.6068996800695327,0.4896067678928375,0.4031128874149275,0.28044006417884476,0.24344119165567643,0.12267282323608275,177,160,1,4,0.49013981223106384,0.5042642951011658,False,0.0,,,250,0.0,0.0,250.0,40.44459213380914,running,26.823104858398438,2.1323647499084473,0.015341684222221375
417,5,hard_s_curve_sequences,-1.5999306693361197,-0.7499988098267518,2.1599552389413523e-06,local_goal_sequence,0.4,-0.25,0.0,1.05,-1.25,1.57,62.42377908064963,False,False,True,0.6130778444032118,0.42860135436058044,0.47169905660283007,0.2406804500700218,0.24014513840457408,0.23101860653280826,181,162,1,4,0.5717329382896423,0.42860135436058044,False,0.0,,,250,0.0,0.0,250.0,41.414471160006116,running,30.81613540649414,1.8335325717926025,0.014818932861089706
418,5,hard_s_curve_sequences,-1.64993105219379,-0.2999990692896652,2.5413069839307238e-06,local_goal_sequence,0.35,0.2,0.0,-0.55,-1.75,1.57,46.123588335036715,False,False,True,0.4839091302951874,0.47760024666786194,0.40311288741492757,0.3214483904514027,0.24005425014673532,0.08166449696352485,90,82,1,4,0.5904502272605896,0.5655259490013123,False,0.0,,,250,0.0,0.0,250.0,42.21262969264461,running,23.762622833251953,2.614952564239502,0.014582864008843899
419,5,hard_s_curve_sequences,-1.6499309839602938,-0.29999893838705416,2.3271692714028785e-06,local_goal_sequence,0.35,0.2,0.0,-0.55,1.75,-1.57,54.466977478173135,False,False,True,0.5314694277551446,0.4786221385002136,0.4031128874149274,0.27172902605154026,0.24026729754519482,0.13138386136338714,120,110,1,4,0.595086395740509,0.5155724883079529,False,0.0,,,250,0.0,0.0,250.0,43.642113997330995,running,16.059629440307617,15.113213539123535,0.01422323752194643
420,5,hard_s_curve_sequences,-1.6499307484504397,-0.6999988889283904,2.2477115358425353e-06,local_goal_sequence,0.35,-0.2,0.0,0.55,-1.75,1.57,46.04861810321372,False,False,True,0.5434613921822932,0.490323930978775,0.4031128874149275,0.3323199574778483,0.24471915830033095,0.0707929299370792,162,154,1,4,0.5365487337112427,0.5375826358795166,False,0.0,,,250,0.0,0.0,250.0,43.83827517676431,running,24.432153701782227,1.742068886756897,0.014441029168665409
421,5,hard_s_curve_sequences,-1.64993287744199,-0.6999989658018662,2.3763402914615573e-06,local_goal_sequence,0.35,-0.2,0.0,1.05,1.25,-1.57,38.56822655672046,False,False,True,0.4889219289101535,0.4842967391014099,0.4031128874149274,0.37438587984054117,0.24272972829834197,0.028727007574386232,134,142,1,4,0.5751978754997253,0.575896143913269,False,0.0,,,250,0.0,0.0,250.0,43.20499112634855,running,21.357816696166992,1.7487787008285522,0.014058477245271206
422,5,hard_s_curve_sequences,-1.5999317451819535,-0.2499987742785686,2.2436152373960308e-06,local_goal_sequence,0.4,0.25,0.0,-0.55,-1.75,1.57,48.66633387765585,False,False,True,0.4711899462344364,0.48077496886253357,0.4716990566028303,0.35051148725958164,0.24047811220231916,0.12118756934324865,157,71,1,4,0.5033777356147766,0.6466864347457886,False,0.0,,,250,0.0,0.0,250.0,43.92975189595204,running,14.26573371887207,2.680586814880371,0.013872400857508183
423,5,hard_s_curve_sequences,-1.5999339407161477,-0.2499988591342296,2.3686775283889665e-06,local_goal_sequence,0.4,0.25,0.0,-0.15,-1.25,1.57,49.551326552608636,False,False,True,0.4456796163690024,0.4763825237751007,0.4716990566028302,0.3678633899763007,0.24185832668186247,0.10383566662652949,151,52,1,4,0.544655978679657,0.6589343547821045,False,0.0,,,250,0.0,0.0,250.0,44.88829843169744,running,19.177120208740234,1.2788586616516113,0.013557969592511654
424,5,hard_s_curve_sequences,-1.6499307489603832,-0.6999988853046752,2.231731477988099e-06,local_goal_sequence,0.35,-0.2,0.0,1.05,-1.25,1.57,38.92118572881443,False,False,True,0.4796118680771695,0.483097106218338,0.4031128874149275,0.35821169929341723,0.24089704559112535,0.04490118812151028,135,153,1,4,0.555644154548645,0.6008419394493103,False,0.0,,,250,0.0,0.0,250.0,44.165731176277404,running,17.62845802307129,2.9279122352600098,0.01252389419823885
425,5,hard_s_curve_sequences,-1.6499307964554226,-0.6999989052221895,2.188793756410822e-06,local_goal_sequence,0.35,-0.2,0.0,1.05,1.25,-1.57,45.677531594552,False,False,True,0.563529349724169,0.4828498959541321,0.40311288741492746,0.3188029887964998,0.24094022491081452,0.08430989861842764,167,155,1,4,0.5223008990287781,0.5362023115158081,False,0.0,,,250,0.0,0.0,250.0,44.228778429094724,running,17.391979217529297,2.0294437408447266,0.011683403514325619
426,5,hard_s_curve_sequences,-1.5999306433807066,-0.7499987587370205,2.2495368942482637e-06,local_goal_sequence,0.4,-0.25,0.0,1.05,-1.25,1.57,51.94392238225434,False,False,True,0.4998839541878069,0.481139212846756,0.47169905660283035,0.3446630500222569,0.24081906159906927,0.12703600658057346,178,85,1,4,0.6279965043067932,0.5285089015960693,False,0.0,,,250,0.0,0.0,250.0,44.398286141218435,running,21.424291610717773,3.485565423965454,0.0109456991776824
427,5,hard_s_curve_sequences,-1.5999310343128648,-0.24999906375334796,2.6366063037667177e-06,local_goal_sequence,0.4,0.25,0.0,-0.55,-1.75,1.57,58.8124501849614,False,False,True,0.5735787144181298,0.4552799463272095,0.4716990566028302,0.24544883041350468,0.24166775568533455,0.2262502261893255,167,107,1,4,0.4552799463272095,0.5618348717689514,False,0.0,,,250,0.0,0.0,250.0,45.88012029529217,running,23.032018661499023,1.3962538242340088,0.010545793920755386
428,5,hard_s_curve_sequences,-1.599931037776034,-0.24999896498504928,2.592769238550652e-06,local_goal_sequence,0.4,0.25,0.0,-0.55,-1.75,1.57,56.20514335703784,False,False,True,0.45922969433596134,0.48301464319229126,0.47169905660283035,0.3527284075796263,0.24039336675975007,0.11897064902320403,157,88,1,4,0.521824061870575,0.639659583568573,False,0.0,,,250,0.0,0.0,250.0,45.90394312439734,running,21.275033950805664,1.5095423460006714,0.010793810710310936
429,5,hard_s_curve_sequences,-1.6499316572572955,-0.2999988890307218,2.2144743988304512e-06,local_goal_sequence,0.35,0.2,0.0,-1.05,1.25,-1.57,48.82992610171038,False,False,True,0.48085428711373435,0.4819728434085846,0.4031128874149276,0.32069924878540823,0.24060852067022875,0.08241363862951939,94,107,1,4,0.5920337438583374,0.5688364505767822,False,0.0,,,250,0.0,0.0,250.0,46.478475738976385,running,17.622482299804688,2.0062618255615234,0.010869461111724377
430,5,hard_s_curve_sequences,-1.599931755694656,-0.24999877107459037,2.2302294725763585e-06,local_goal_sequence,0.4,0.25,0.0,-0.55,-1.75,1.57,46.68173689629358,False,False,True,0.4350739999831699,0.4794120490550995,0.4716990566028302,0.37931192526043367,0.2403775863096319,0.09238713134239651,160,61,1,4,0.5389483571052551,0.6561293601989746,False,0.0,,,250,0.0,0.0,250.0,46.49510262432031,running,19.570608139038086,0.9779657125473022,0.010706738568842411
431,5,hard_s_curve_sequences,-1.6499316544493512,-0.29999889584448025,2.1795447716644892e-06,local_goal_sequence,0.35,0.2,0.0,-0.55,-1.75,1.57,41.21061482090085,False,False,True,0.45081059141510227,0.4877667725086212,0.4031128874149274,0.34571749258370527,0.24131537097576577,0.057395394831222135,67,62,1,4,0.617111325263977,0.5953338146209717,False,0.0,,,250,0.0,0.0,250.0,46.96761290039932,running,17.021724700927734,1.2846451997756958,0.010927212424576283
432,5,hard_s_curve_sequences,-1.6499308178523349,-0.2999988718888007,2.321878563961695e-06,local_goal_sequence,0.35,0.2,0.0,0.55,1.75,-1.57,37.40398901606105,False,False,True,0.42670568144762955,0.4776152968406677,0.40311288741492757,0.37595432443299137,0.2406389634387281,0.027158562981936196,69,58,1,4,0.5986310839653015,0.6272764205932617,False,0.0,,,250,0.0,0.0,250.0,47.102305679583196,running,19.204397201538086,0.9396786689758301,0.011254034005105495
433,5,hard_s_curve_sequences,-1.5999317825424697,-0.24999879584242846,2.188265897275642e-06,local_goal_sequence,0.4,0.25,0.0,0.55,-1.75,1.57,57.348288845068915,False,False,True,0.4945279914523476,0.48492342233657837,0.4716990566028301,0.31850157362434084,0.24052559953225044,0.15319748297848929,158,109,1,4,0.5067472457885742,0.6186398267745972,False,0.0,,,250,0.0,0.0,250.0,47.65672829771782,running,20.9128475189209,0.8591678142547607,0.01096568163484335
434,5,hard_s_curve_sequences,-1.5999317727898899,-0.24999875381431225,2.2889675213523935e-06,local_goal_sequence,0.4,0.25,0.0,0.55,-1.75,1.57,45.9659201218836,False,False,True,0.4338775043524743,0.47657665610313416,0.4716990566028302,0.3813766757026913,0.2401120856889601,0.09032238090013889,150,55,1,4,0.5436222553253174,0.672059953212738,False,0.0,,,250,0.0,0.0,250.0,47.768858295154565,running,16.419763565063477,1.45216965675354,0.010721207596361637
435,5,hard_s_curve_sequences,-1.6499307429430556,-0.6999988706159783,2.25711799701352e-06,local_goal_sequence,0.35,-0.2,0.0,1.05,1.25,-1.57,8.578747259825462,False,False,True,0.45317351182321564,0.488112211227417,0.4031128874149274,0.5053115659668806,0.24044671013434052,-0.10219867855195325,219,6,1,4,0.7150340676307678,0.5610832571983337,False,0.0,,,250,0.0,0.0,250.0,46.14425556125273,running,26.799571990966797,2.0531938076019287,0.011758009903132915
436,5,hard_s_curve_sequences,-1.6499307731426058,-0.6999988812747088,2.237674453401753e-06,local_goal_sequence,0.35,-0.2,0.0,-0.15,-1.25,1.57,38.64606627741483,False,False,True,0.5496925545547514,0.4850759208202362,0.40311288741492746,0.3423936561743058,0.2405954974169488,0.060719231240621674,173,96,1,4,0.555740475654602,0.5516065955162048,False,0.0,,,250,0.0,0.0,250.0,45.77031049179144,running,23.159460067749023,6.976221084594727,0.012300279922783375
437,5,hard_s_curve_sequences,-1.649932927082108,-0.6999990068423524,2.2803044356590824e-06,local_goal_sequence,0.35,-0.2,0.0,-0.15,-1.25,1.57,35.457890098819526,False,False,True,0.4535408832863101,0.47810670733451843,0.40311288741492735,0.40282300715925673,0.24364101344037756,0.00028988025567061593,125,96,1,4,0.5897297859191895,0.5916611552238464,False,0.0,,,250,0.0,0.0,250.0,45.16185151210174,running,22.909404754638672,13.6073579788208,0.012446933425962925
438,5,hard_s_curve_sequences,-1.6499310775293483,-0.29999908543562737,2.439734628632747e-06,local_goal_sequence,0.35,0.2,0.0,-1.05,-1.25,1.57,43.991329583109476,False,False,True,0.5118321699595785,0.4759753346443176,0.4031128874149274,0.2972370444346393,0.24926649521865266,0.10587584298028813,127,100,1,4,0.5408657193183899,0.6061383485794067,False,0.0,,,250,0.0,0.0,250.0,45.46538846571614,running,25.700502395629883,3.937159776687622,0.012431499548256397
439,5,hard_s_curve_sequences,-1.6499308033820757,-0.69999890101061,2.1845967978146436e-06,local_goal_sequence,0.35,-0.2,0.0,0.55,-1.75,1.57,36.955623726263795,False,False,True,0.5495806865648252,0.4860721528530121,0.4031128874149275,0.3232302984659121,0.24388078296343055,0.0798825889490154,174,105,1,4,0.5494567155838013,0.5557368397712708,False,0.0,,,250,0.0,0.0,250.0,45.35908719574792,running,20.011442184448242,1.738878846168518,0.012454241514205933
440,5,hard_s_curve_sequences,-1.5999317711740308,-0.24999875511555703,2.2743813898776065e-06,local_goal_sequence,0.4,0.25,0.0,-1.05,1.25,-1.57,54.91651031569449,False,False,True,0.497265997394629,0.4793097972869873,0.4716990566028302,0.3101407311928504,0.24025802208078037,0.16155832540997977,178,124,1,4,0.4919334352016449,0.6323258280754089,False,0.0,,,250,0.0,0.0,250.0,45.743508773588765,running,14.977269172668457,2.6780500411987305,0.01234818622469902
441,5,hard_s_curve_sequences,-1.649930739992596,-0.6999988847562166,2.256451507050966e-06,local_goal_sequence,0.35,-0.2,0.0,-0.55,-1.75,1.57,41.189157779207925,False,False,True,0.5398230719888827,0.4873370826244354,0.40311288741492746,0.33134450759304174,0.2412023236638405,0.07176837982188572,165,145,1,4,0.5478324890136719,0.5312135219573975,False,0.0,,,250,0.0,0.0,250.0,45.3833953629573,running,16.78561019897461,1.4771673679351807,0.012068233452737331
442,5,hard_s_curve_sequences,-1.5999325333009344,-0.2499989043296495,2.4601981644251693e-06,local_goal_sequence,0.4,0.25,0.0,1.05,-1.25,1.57,56.65478452248075,False,False,True,0.47455061319765357,0.4923610985279083,0.47169905660283024,0.331138754232242,0.24104895335782384,0.14056030237058825,171,112,1,4,0.5079566836357117,0.6242650151252747,False,0.0,,,250,0.0,0.0,250.0,45.15263558063054,running,16.882307052612305,2.24564266204834,0.0119545953348279
443,5,hard_s_curve_sequences,-1.5999306919270704,-0.7499988019614187,2.1760238409325863e-06,local_goal_sequence,0.4,-0.25,0.0,-0.15,-1.25,1.57,46.51032565620885,False,False,True,0.5430257897396628,0.48343023657798767,0.4716990566028302,0.33095265915466265,0.24317062637384648,0.14074639744816753,222,91,1,4,0.6374544501304626,0.5051524043083191,False,0.0,,,250,0.0,0.0,250.0,45.16810507347742,running,14.956120491027832,1.5966475009918213,0.013433986343443394
444,5,hard_s_curve_sequences,-1.6499307441729931,-0.6999988826988919,2.254878621419747e-06,local_goal_sequence,0.35,-0.2,0.0,0.55,1.75,-1.57,38.74105372464083,False,False,True,0.5338390079755316,0.48818767070770264,0.40311288741492746,0.3429687996024057,0.242334005073593,0.06014408781252173,173,157,1,4,0.564674437046051,0.5273826122283936,False,0.0,,,250,0.0,0.0,250.0,44.53906812333613,running,15.755972862243652,10.937097549438477,0.01368679665029049
445,5,hard_s_curve_sequences,-1.5999298789292107,-0.7499989884667924,2.576521472441675e-06,local_goal_sequence,0.4,-0.25,0.0,-1.05,1.25,-1.57,55.63821381647436,False,False,True,0.5943532895709984,0.4514737129211426,0.47169905660283024,0.2799276077320158,0.2421521413835067,0.19177144887081443,233,122,1,4,0.5989434719085693,0.4514737129211426,False,0.0,,,250,0.0,0.0,250.0,44.92265195186655,running,22.935361862182617,1.767521619796753,0.013491234742105007
446,5,hard_s_curve_sequences,-1.6499307928287945,-0.6999989110046385,2.1518162802598283e-06,local_goal_sequence,0.35,-0.2,0.0,-0.15,1.25,-1.57,40.65894650256746,False,False,True,0.5805158318629008,0.48497217893600464,0.4031128874149275,0.32811134487556326,0.24087717709786455,0.07500154253936425,208,125,1,4,0.5523369312286377,0.518406093120575,False,0.0,,,250,0.0,0.0,250.0,45.00628074970043,running,15.788249969482422,7.777003288269043,0.01300780102610588
447,5,hard_s_curve_sequences,-1.6499307796283975,-0.6999988993314683,2.1892581747146345e-06,local_goal_sequence,0.35,-0.2,0.0,0.55,-1.75,1.57,37.71165764050745,False,False,True,0.6126377148662341,0.4860813021659851,0.4031128874149274,0.3213841140613783,0.2413624946984907,0.08172877335354911,213,128,1,4,0.5433461666107178,0.49243372678756714,False,0.0,,,250,0.0,0.0,250.0,44.56809370021448,running,16.035362243652344,18.671133041381836,0.013094048015773296
448,5,hard_s_curve_sequences,-1.6499307935024408,-0.6999989141711074,2.1409152496033495e-06,local_goal_sequence,0.35,-0.2,0.0,-0.55,1.75,-1.57,33.88566747125806,False,False,True,0.558674413001696,0.4809034466743469,0.4031128874149274,0.3806347995508609,0.24677306970572477,0.02247808786406652,219,128,1,4,0.6006627678871155,0.49916186928749084,False,0.0,,,250,0.0,0.0,250.0,43.94146733696046,running,20.21981430053711,1.8849589824676514,0.01304677501320839
449,5,hard_s_curve_sequences,-1.6499316583660517,-0.29999889949715675,2.176807766959193e-06,local_goal_sequence,0.35,0.2,0.0,0.55,1.75,-1.57,44.75953100055051,False,False,True,0.48048815236990916,0.4878687858581543,0.4031128874149274,0.3333014605034896,0.24021686514000257,0.06981142691143782,114,78,1,4,0.6166663765907288,0.5755995512008667,False,0.0,,,250,0.0,0.0,250.0,44.17500114782992,running,21.454843521118164,1.176555871963501,0.012274352833628654
450,5,hard_s_curve_sequences,-1.599931760350937,-0.24999876767495913,2.2648111952479748e-06,local_goal_sequence,0.4,0.25,0.0,0.55,-1.75,1.57,56.53850933587633,False,False,True,0.4076920237042867,0.47981488704681396,0.4716990566028301,0.39745141833534164,0.2401710885297237,0.07424763826748848,122,80,1,4,0.5645664930343628,0.6677060723304749,False,0.0,,,250,0.0,0.0,250.0,44.60944025748288,running,18.58057403564453,2.167060375213623,0.011577434837818146
451,5,hard_s_curve_sequences,-1.6499316552469985,-0.2999989087691703,2.1523146865274303e-06,local_goal_sequence,0.35,0.2,0.0,-0.55,1.75,-1.57,30.219094455093845,False,False,True,0.29437734503276536,0.47902587056159973,0.40311288741492757,0.6407730528782968,0.24122919820663338,-0.2376601654633692,109,4,1,4,0.6800682544708252,0.718964159488678,False,0.0,,,250,0.0,0.0,250.0,43.74044714039646,running,15.816384315490723,0.5194698572158813,0.010911701247096062
452,5,hard_s_curve_sequences,-1.649931648096727,-0.29999886579522983,2.26719043951513e-06,local_goal_sequence,0.35,0.2,0.0,1.05,-1.25,1.57,15.921468298876988,False,False,True,0.31344746705244736,0.4866510331630707,0.40311288741492757,0.6312652365700129,0.24088605790674608,-0.2281523491550853,80,0,1,4,0.664792001247406,0.7281069159507751,False,0.0,,,250,0.0,0.0,250.0,42.02480786495309,running,16.923202514648438,1.8973538875579834,0.009500800631940365
453,5,hard_s_curve_sequences,-1.6479145815373029,-0.3005070012049594,-0.00042131707214727876,local_goal_sequence,0.35,0.2,0.0,-0.55,-1.75,1.57,40.4752775528383,False,False,True,0.4212311770001676,0.47972291707992554,0.40311288741492746,0.373365798782965,0.24039238811351138,0.02974708863196246,59,71,1,4,0.6279226541519165,0.6023424863815308,False,0.0,,,250,0.0,0.0,250.0,41.39561323278511,running,16.725780487060547,2.3348050117492676,0.008710529655218124
454,5,hard_s_curve_sequences,-1.5999304830449674,-0.249998873959144,2.4189434480433493e-06,local_goal_sequence,0.4,0.25,0.0,1.05,-1.25,1.57,54.80966170607871,False,False,True,0.4395812974479694,0.48205095529556274,0.4716990566028301,0.3752693788620646,0.2407894004630304,0.09642967774076555,136,84,1,4,0.5446814894676208,0.6595891714096069,False,0.0,,,250,0.0,0.0,250.0,41.634802656959835,running,16.566909790039062,5.235410690307617,0.008470794185996056
455,5,hard_s_curve_sequences,-1.6499316545420848,-0.2999988706487756,2.273514762415388e-06,local_goal_sequence,0.35,0.2,0.0,-0.55,1.75,-1.57,48.668134747126814,False,False,True,0.4361255428386492,0.48599502444267273,0.40311288741492757,0.3527736720257866,0.24253088778291176,0.05033921538914099,124,135,1,4,0.580582320690155,0.6060253977775574,False,0.0,,,250,0.0,0.0,250.0,41.71425857099317,running,13.071721076965332,6.398629665374756,0.008481265977025032
456,5,hard_s_curve_sequences,-1.599930693721894,-0.7499987951689774,2.181233454437404e-06,local_goal_sequence,0.4,-0.25,0.0,-0.55,1.75,-1.57,32.05719321866675,False,False,True,0.43038981138096716,0.49179399013519287,0.4716990566028302,0.4867984025736355,0.24000063601681376,-0.015099345970805311,240,0,1,4,0.7648488879203796,0.5572465062141418,False,0.0,,,250,0.0,0.0,250.0,41.34812170690381,running,24.805370330810547,1.1882174015045166,0.009765652939677238
457,5,hard_s_curve_sequences,-1.59993176323226,-0.24999877763198058,2.247444808538044e-06,local_goal_sequence,0.4,0.25,0.0,0.55,1.75,-1.57,52.32949405046361,False,False,True,0.3235667444085773,0.4801312983036041,0.4716990566028301,0.48312931013793736,0.2416714546291554,-0.011430253535107238,94,0,1,4,0.6160880327224731,0.7405969500541687,False,0.0,,,250,0.0,0.0,250.0,41.94514190827991,running,17.161415100097656,17.238815307617188,0.010514306835830212
458,5,hard_s_curve_sequences,-1.6499316498417773,-0.299998875273755,2.265792882583423e-06,local_goal_sequence,0.35,0.2,0.0,-0.15,-1.25,1.57,50.45091716997191,False,False,True,0.3607237671823598,0.48030897974967957,0.40311288741492746,0.4284315821638232,0.24059002545359987,-0.025318694748895754,104,36,1,4,0.6406537890434265,0.6785407066345215,False,0.0,,,250,0.0,0.0,250.0,41.66924704127603,running,20.796361923217773,7.738635063171387,0.010946602560579777
459,5,hard_s_curve_sequences,-1.5999317730659368,-0.24999876191225917,2.274075654542931e-06,local_goal_sequence,0.4,0.25,0.0,-0.55,1.75,-1.57,54.872740885329186,False,False,True,0.4002995702410042,0.4706096947193146,0.47169905660283007,0.41884238370085736,0.24225522182384293,0.05285667290197271,120,43,1,4,0.569201648235321,0.6754090785980225,False,0.0,,,250,0.0,0.0,250.0,42.025519871813856,failed,19.65277099609375,0.6789737939834595,0.010599748231470585
