episode,episode_reward,success,collision,timeout,path_length,min_obstacle_distance,steps,actor_loss,critic_loss,alpha
0,-1133.0440508537258,False,True,False,0.6558833470601819,0.11999999731779099,225,0.0,5813.083984375,0.9508376121520996
1,-800.0,False,True,False,0.0,0.11999999731779099,1,-0.5812015533447266,57054.96875,0.9500776529312134
2,-800.0,False,True,False,0.0,0.11999999731779099,1,0.0,31444.48828125,0.9500776529312134
3,-800.0,False,True,False,0.0,0.11999999731779099,1,13.421586990356445,77546.078125,0.949317991733551
4,-800.0,False,True,False,0.0,0.11999999731779099,1,0.0,36091.76953125,0.949317991733551
5,-800.0,False,True,False,0.0,0.11999999731779099,1,24.240060806274414,54890.546875,0.9485599994659424
6,-799.353342727952,False,True,False,0.03161551566776707,0.11999999731779099,13,0.0,14542.66015625,0.9440239071846008
7,-800.0,False,True,False,0.0,0.11999999731779099,1,140.072021484375,22342.21484375,0.9432705640792847
8,-800.0,False,True,False,0.0,0.11999999731779099,1,0.0,25336.541015625,0.9432705640792847
9,-800.0,False,True,False,0.0,0.11999999731779099,1,150.2144317626953,23785.798828125,0.9425174593925476
10,-800.0,False,True,False,0.0,0.11999999731779099,1,0.0,16189.4814453125,0.9425174593925476
11,-800.0,False,True,False,0.0,0.11999999731779099,1,187.03097534179688,80781.3828125,0.9417650103569031
12,-799.9136578676174,False,True,False,0.006803700528962027,0.11999999731779099,7,0.0,19358.48046875,0.9395116567611694
13,-800.0,False,True,False,0.0,0.11999999731779099,1,255.6742706298828,17610.728515625,0.9387617111206055
14,-800.0,False,True,False,0.0,0.11999999731779099,1,0.0,7028.08251953125,0.9387617111206055
15,-800.0,False,True,False,0.0,0.11999999731779099,1,331.1893615722656,8251.3408203125,0.9380120635032654
16,-860.3880526221291,False,True,False,0.04985838967995603,0.11999999731779099,23,0.0,6972.166015625,0.9302190542221069
17,-800.0,False,True,False,0.0,0.11999999731779099,1,317.75213623046875,11112.42578125,0.9295604228973389
18,-800.0,False,True,False,0.0,0.11999999731779099,1,0.0,12528.12109375,0.9295604228973389
19,-800.0,False,True,False,0.0,0.11999999731779099,1,351.3807067871094,11698.3212890625,0.9288952946662903
20,-800.0,False,True,False,0.0,0.11999999731779099,1,0.0,21951.333984375,0.9288952946662903
21,-800.0,False,True,False,0.0,0.11999999731779099,1,356.1704406738281,16306.431640625,0.9282227754592896
22,-800.0218167261004,False,True,False,0.012448511535354131,0.11999999731779099,11,0.0,8778.1826171875,0.9247646927833557
23,-800.0,False,True,False,0.0,0.11999999731779099,1,419.4027404785156,7811.55126953125,0.9240648746490479
24,-800.0,False,True,False,0.0,0.11999999731779099,1,0.0,8181.51953125,0.9240648746490479
25,-800.0,False,True,False,0.0,0.11999999731779099,1,455.8778381347656,6555.9287109375,0.9233722686767578
26,-800.0,False,True,False,0.0,0.11999999731779099,1,0.0,7511.890625,0.9233722686767578
27,-800.0,False,True,False,0.0,0.11999999731779099,1,462.39483642578125,8364.7470703125,0.9226990938186646
28,-800.0,False,True,False,0.0,0.11999999731779099,1,0.0,8092.15087890625,0.9226990938186646
29,-800.0,False,True,False,0.0,0.11999999731779099,1,460.442138671875,7203.99267578125,0.9220422506332397
30,-800.0,False,True,False,0.0,0.11999999731779099,1,0.0,5412.5185546875,0.9220422506332397
31,-800.7712316029258,False,True,False,0.053548210218893895,0.11999999731779099,7,518.9217529296875,7536.8203125,0.9194666743278503
32,-800.0,False,True,False,0.0,0.11999999731779099,1,0.0,3101.94873046875,0.9194666743278503
33,-800.0,False,True,False,0.0,0.11999999731779099,1,524.6409912109375,5996.0400390625,0.9188162684440613
34,-800.0,False,True,False,0.0,0.11999999731779099,1,0.0,4268.9951171875,0.9188162684440613
35,-1623.8565192279393,False,True,False,0.9557789429385825,0.11999999731779099,251,548.17724609375,1961.28564453125,0.8381401300430298
36,-800.0,False,True,False,0.0,0.11999999731779099,1,0.0,1139.27587890625,0.8381401300430298
37,-800.0,False,True,False,0.0,0.11999999731779099,1,550.2107543945312,1159.943115234375,0.8375646471977234
38,-800.0,False,True,False,0.0,0.11999999731779099,1,0.0,778.1849975585938,0.8375646471977234
39,-800.0,False,True,False,0.0,0.11999999731779099,1,530.3915405273438,384.42352294921875,0.8369910717010498
40,-800.0,False,True,False,0.0,0.11999999731779099,1,0.0,496.14508056640625,0.8369910717010498
41,-800.0,False,True,False,0.0,0.11999999731779099,1,548.7597045898438,1226.622802734375,0.8364207744598389
42,-800.0,False,True,False,0.0,0.11999999731779099,1,0.0,877.3543090820312,0.8364207744598389
43,-800.0,False,True,False,0.0,0.11999999731779099,1,558.3501586914062,741.949951171875,0.8358569741249084
44,-800.0,False,True,False,0.0,0.11999999731779099,1,0.0,610.1138916015625,0.8358569741249084
45,-800.0,False,True,False,0.0,0.11999999731779099,1,540.9036865234375,1264.514892578125,0.8352964520454407
46,-1038.880084451456,False,True,False,0.3126009784625723,0.11999999731779099,79,0.0,485.5782165527344,0.8124668598175049
47,-800.0,False,True,False,0.0,0.11999999731779099,1,542.7435302734375,1312.28857421875,0.8118429183959961
48,-800.0,False,True,False,0.0,0.11999999731779099,1,0.0,887.5313720703125,0.8118429183959961
49,-800.0,False,True,False,0.0,0.11999999731779099,1,547.1839599609375,898.9461059570312,0.8112156987190247
50,-800.0,False,True,False,0.0,0.11999999731779099,1,0.0,1259.015869140625,0.8112156987190247
51,-800.0,False,True,False,0.0,0.11999999731779099,1,563.3651123046875,795.97998046875,0.8105872869491577
52,-1140.110490690916,False,True,False,0.1387353093346222,0.11999999731779099,75,0.0,2221.4677734375,0.7866126894950867
53,-800.0,False,True,False,0.0,0.11999999731779099,1,536.2244262695312,2792.2177734375,0.7859559059143066
54,-800.0,False,True,False,0.0,0.11999999731779099,1,0.0,3228.530517578125,0.7859559059143066
55,-800.0,False,True,False,0.0,0.11999999731779099,1,540.1464233398438,3889.94775390625,0.785301923751831
56,-1087.008035815051,False,True,False,0.2145441216634141,0.11999999731779099,58,542.2642211914062,1621.47802734375,0.766166627407074
57,-800.0,False,True,False,0.0,0.11999999731779099,1,0.0,2156.557373046875,0.766166627407074
58,-800.0,False,True,False,0.0,0.11999999731779099,1,542.01025390625,2044.0888671875,0.7654975056648254
59,-800.0,False,True,False,0.0,0.11999999731779099,1,0.0,1632.39306640625,0.7654975056648254
60,-800.0,False,True,False,0.0,0.11999999731779099,1,549.4258422851562,2531.353759765625,0.7648283839225769
61,-825.0274072992341,False,True,False,0.019714744068282445,0.11999999731779099,6,553.0321655273438,2236.3369140625,0.7628236413002014
62,-800.0,False,True,False,0.0,0.11999999731779099,1,0.0,2489.76513671875,0.7628236413002014
63,-800.0,False,True,False,0.0,0.11999999731779099,1,548.1688232421875,2541.10498046875,0.76215660572052
64,-800.0,False,True,False,0.0,0.11999999731779099,1,0.0,3149.0634765625,0.76215660572052
65,-800.0,False,True,False,0.0,0.11999999731779099,1,549.582763671875,4084.00927734375,0.7614895105361938
66,-1466.2957282022714,False,True,False,0.4960421098083453,0.11999999731779099,140,546.0293579101562,1569.7606201171875,0.7192332148551941
67,-800.0,False,True,False,0.0,0.11999999731779099,1,0.0,1469.7080078125,0.7192332148551941
68,-800.0,False,True,False,0.0,0.11999999731779099,1,597.107177734375,1620.466796875,0.7186773419380188
69,-800.0,False,True,False,0.0,0.11999999731779099,1,0.0,2179.5458984375,0.7186773419380188
70,-839.4010330497815,False,True,False,0.04794666630350278,0.11999999731779099,9,548.9283447265625,915.9747924804688,0.7159169912338257
71,-800.0,False,True,False,0.0,0.11999999731779099,1,0.0,3183.37548828125,0.7159169912338257
72,-800.0,False,True,False,0.0,0.11999999731779099,1,589.9607543945312,2243.87255859375,0.7153677940368652
73,-800.0,False,True,False,0.0,0.11999999731779099,1,0.0,3380.480712890625,0.7153677940368652
74,-800.0,False,True,False,0.0,0.11999999731779099,1,549.4611206054688,3281.38232421875,0.7148193120956421
75,-869.1762702445066,False,True,False,0.06322825137418228,0.11999999731779099,15,0.0,1871.355712890625,0.7110815048217773
76,-800.0,False,True,False,0.0,0.11999999731779099,1,570.8414306640625,1595.37548828125,0.7105608582496643
77,-800.0,False,True,False,0.0,0.11999999731779099,1,0.0,1917.2274169921875,0.7105608582496643
78,-800.0,False,True,False,0.0,0.11999999731779099,1,587.7472534179688,1090.10009765625,0.710042417049408
79,-800.0,False,True,False,0.0,0.11999999731779099,1,0.0,1123.9644775390625,0.710042417049408
80,-800.0,False,True,False,0.0,0.11999999731779099,1,565.0048217773438,1535.764404296875,0.7095269560813904
81,-800.0,False,True,False,0.0,0.11999999731779099,1,0.0,2142.224609375,0.7095269560813904
82,-800.0,False,True,False,0.0,0.11999999731779099,1,581.0333251953125,847.109619140625,0.7090142965316772
83,-800.0,False,True,False,0.0,0.11999999731779099,1,0.0,2177.67138671875,0.7090142965316772
84,-800.0,False,True,False,0.0,0.11999999731779099,1,606.37060546875,945.2861938476562,0.7085034251213074
85,-800.0,False,True,False,0.0,0.11999999731779099,1,0.0,874.160400390625,0.7085034251213074
86,-800.0,False,True,False,0.0,0.11999999731779099,1,579.8406982421875,909.9901123046875,0.7079932689666748
87,-800.0,False,True,False,0.0,0.11999999731779099,1,0.0,1327.789306640625,0.7079932689666748
88,-800.0,False,True,False,0.0,0.11999999731779099,1,596.9070434570312,1538.570068359375,0.7074834108352661
89,-800.0,False,True,False,0.0,0.11999999731779099,1,0.0,512.2109985351562,0.7074834108352661
90,-814.5904255235241,False,True,False,0.018037932891642898,0.11999999731779099,4,0.0,1176.995361328125,0.7064686417579651
91,-800.0,False,True,False,0.0,0.11999999731779099,1,593.1287231445312,2160.69970703125,0.7059584259986877
92,-800.0,False,True,False,0.0,0.11999999731779099,1,0.0,1475.0885009765625,0.7059584259986877
93,-800.0,False,True,False,0.0,0.11999999731779099,1,581.3502807617188,2795.5166015625,0.705451250076294
94,-800.0,False,True,False,0.0,0.11999999731779099,1,0.0,2847.7294921875,0.705451250076294
95,-800.0,False,True,False,0.0,0.11999999731779099,1,602.4199829101562,3023.7607421875,0.7049449682235718
96,-800.0,False,True,False,0.0,0.11999999731779099,1,0.0,2135.78515625,0.7049449682235718
97,-800.0,False,True,False,0.0,0.11999999731779099,1,585.0349731445312,3050.594482421875,0.704440712928772
98,-800.0,False,True,False,0.0,0.11999999731779099,1,0.0,2735.081787109375,0.704440712928772
99,-800.0,False,True,False,0.0,0.11999999731779099,1,596.7256469726562,2350.5517578125,0.7039355039596558
100,-800.0,False,True,False,0.0,0.11999999731779099,1,0.0,2742.96533203125,0.7039355039596558
101,-859.9626033655296,False,True,False,0.1812601903482687,0.11999999731779099,38,0.0,1072.49755859375,0.6941797137260437
102,-800.0,False,True,False,0.0,0.11999999731779099,1,601.2346801757812,538.397705078125,0.6936401128768921
103,-800.0,False,True,False,0.0,0.11999999731779099,1,0.0,831.1358642578125,0.6936401128768921
104,-800.0,False,True,False,0.0,0.11999999731779099,1,622.26318359375,1625.5567626953125,0.693097710609436
105,-800.0,False,True,False,0.0,0.11999999731779099,1,0.0,1459.521240234375,0.693097710609436
106,-800.0,False,True,False,0.0,0.11999999731779099,1,607.3993530273438,1486.48876953125,0.6925565600395203
107,-800.0,False,True,False,0.0,0.11999999731779099,1,0.0,1124.34521484375,0.6925565600395203
108,-800.0,False,True,False,0.0,0.11999999731779099,1,604.6773681640625,841.3914794921875,0.6920186281204224
109,-800.0,False,True,False,0.0,0.11999999731779099,1,0.0,734.603759765625,0.6920186281204224
110,-870.0259264581374,False,True,False,0.03149238663193227,0.11999999731779099,15,607.300048828125,977.665771484375,0.6878420114517212
111,-800.0,False,True,False,0.0,0.11999999731779099,1,0.0,537.320556640625,0.6878420114517212
112,-800.0,False,True,False,0.0,0.11999999731779099,1,624.1464233398438,450.77337646484375,0.6873260736465454
113,-840.0148442166214,False,True,False,0.037371235259381436,0.11999999731779099,9,0.0,634.7394409179688,0.6852861046791077
114,-800.0,False,True,False,0.0,0.11999999731779099,1,627.534423828125,249.3004150390625,0.6847844123840332
115,-800.0,False,True,False,0.0,0.11999999731779099,1,0.0,418.30767822265625,0.6847844123840332
116,-800.0,False,True,False,0.0,0.11999999731779099,1,619.8240356445312,485.05426025390625,0.6842878460884094
117,-800.0,False,True,False,0.0,0.11999999731779099,1,0.0,682.1935424804688,0.6842878460884094
118,-800.0,False,True,False,0.0,0.11999999731779099,1,622.7876586914062,443.551025390625,0.6837969422340393
119,-800.0,False,True,False,0.0,0.11999999731779099,1,0.0,415.5457763671875,0.6837969422340393
120,-834.5692452628539,False,True,False,0.02125366308432046,0.11999999731779099,8,0.0,468.5643310546875,0.6818553805351257
121,-800.0,False,True,False,0.0,0.11999999731779099,1,629.8043212890625,588.8370361328125,0.6813725829124451
122,-800.0,False,True,False,0.0,0.11999999731779099,1,0.0,1027.80859375,0.6813725829124451
123,-800.0,False,True,False,0.0,0.11999999731779099,1,616.3978881835938,569.1979370117188,0.6808916330337524
124,-860.1774538861841,False,True,False,0.038835947516566466,0.11999999731779099,13,0.0,435.26312255859375,0.6780004501342773
125,-800.0,False,True,False,0.0,0.11999999731779099,1,623.1110229492188,557.429443359375,0.6775221228599548
126,-800.0,False,True,False,0.0,0.11999999731779099,1,0.0,300.10699462890625,0.6775221228599548
127,-800.0,False,True,False,0.0,0.11999999731779099,1,629.3810424804688,660.3468627929688,0.6770502924919128
128,-819.8316097407525,False,True,False,0.016225574675599642,0.11999999731779099,5,0.0,546.0653076171875,0.6761214137077332
129,-800.0,False,True,False,0.0,0.11999999731779099,1,626.4356079101562,740.6937866210938,0.6756653189659119
130,-800.0,False,True,False,0.0,0.11999999731779099,1,0.0,780.5775146484375,0.6756653189659119
131,-869.3662054692545,False,True,False,0.06166977258105709,0.11999999731779099,15,624.1815795898438,792.2467041015625,0.6721621155738831
132,-800.0,False,True,False,0.0,0.11999999731779099,1,0.0,575.6470947265625,0.6721621155738831
133,-800.0,False,True,False,0.0,0.11999999731779099,1,642.3218383789062,887.0870361328125,0.6717283725738525
134,-800.0,False,True,False,0.0,0.11999999731779099,1,0.0,538.6812744140625,0.6717283725738525
135,-800.0,False,True,False,0.0,0.11999999731779099,1,620.1995239257812,671.38818359375,0.6712973117828369
136,-800.0,False,True,False,0.0,0.11999999731779099,1,0.0,1081.400390625,0.6712973117828369
137,-800.0,False,True,False,0.0,0.11999999731779099,1,637.4949340820312,1400.433349609375,0.6708726286888123
138,-878.00777339844,False,True,False,0.16610511405279363,0.11999999731779099,38,629.4691162109375,733.9483642578125,0.6634784936904907
139,-800.0,False,True,False,0.0,0.11999999731779099,1,0.0,296.0785217285156,0.6634784936904907
140,-800.0,False,True,False,0.0,0.11999999731779099,1,623.2889404296875,782.326416015625,0.6631080508232117
141,-800.0,False,True,False,0.0,0.11999999731779099,1,0.0,1147.675537109375,0.6631080508232117
142,-800.0,False,True,False,0.0,0.11999999731779099,1,643.7039794921875,983.3955688476562,0.6627366542816162
143,-800.0,False,True,False,0.0,0.11999999731779099,1,0.0,555.6415405273438,0.6627366542816162
144,-800.0,False,True,False,0.0,0.11999999731779099,1,629.1984252929688,922.2684326171875,0.6623653769493103
145,-800.0,False,True,False,0.0,0.11999999731779099,1,0.0,967.7732543945312,0.6623653769493103
146,-800.0,False,True,False,0.0,0.11999999731779099,1,639.066162109375,929.3712158203125,0.6619987487792969
147,-800.0,False,True,False,0.0,0.11999999731779099,1,0.0,700.342041015625,0.6619987487792969
148,-800.0,False,True,False,0.0,0.11999999731779099,1,625.737548828125,497.97833251953125,0.6616337895393372
149,-800.0,False,True,False,0.0,0.11999999731779099,1,0.0,1127.661376953125,0.6616337895393372
150,-800.0,False,True,False,0.0,0.11999999731779099,1,643.719970703125,1051.41064453125,0.6612691879272461
151,-800.0,False,True,False,0.0,0.11999999731779099,1,0.0,737.6455078125,0.6612691879272461
152,-800.0,False,True,False,0.0,0.11999999731779099,1,643.2720947265625,589.7479248046875,0.6609038710594177
153,-800.0,False,True,False,0.0,0.11999999731779099,1,0.0,649.0634765625,0.6609038710594177
154,-800.0,False,True,False,0.0,0.11999999731779099,1,631.2996215820312,1018.783935546875,0.6605419516563416
155,-800.0,False,True,False,0.0,0.11999999731779099,1,0.0,401.9434814453125,0.6605419516563416
156,-800.0,False,True,False,0.0,0.11999999731779099,1,635.318359375,222.2083740234375,0.660179615020752
157,-800.0,False,True,False,0.0,0.11999999731779099,1,0.0,509.77166748046875,0.660179615020752
158,-800.0,False,True,False,0.0,0.11999999731779099,1,641.86962890625,571.3626708984375,0.6598174571990967
159,-800.0,False,True,False,0.0,0.11999999731779099,1,0.0,858.8656005859375,0.6598174571990967
160,-800.0,False,True,False,0.0,0.11999999731779099,1,634.3713989257812,277.79962158203125,0.6594612002372742
161,-800.0,False,True,False,0.0,0.11999999731779099,1,0.0,582.9216918945312,0.6594612002372742
162,-800.0,False,True,False,0.0,0.11999999731779099,1,635.6410522460938,691.988525390625,0.6591058969497681
163,-800.0,False,True,False,0.0,0.11999999731779099,1,0.0,297.49102783203125,0.6591058969497681
164,-800.0,False,True,False,0.0,0.11999999731779099,1,644.7979125976562,424.91278076171875,0.6587491035461426
165,-800.0,False,True,False,0.0,0.11999999731779099,1,0.0,394.9725036621094,0.6587491035461426
166,-800.0,False,True,False,0.0,0.11999999731779099,1,636.6883544921875,169.4482879638672,0.6583968997001648
167,-800.0,False,True,False,0.0,0.11999999731779099,1,0.0,591.931640625,0.6583968997001648
168,-800.0,False,True,False,0.0,0.11999999731779099,1,636.0543823242188,615.4019775390625,0.658047616481781
169,-800.0,False,True,False,0.0,0.11999999731779099,1,0.0,357.9964904785156,0.658047616481781
170,-800.0,False,True,False,0.0,0.11999999731779099,1,641.3610229492188,736.57958984375,0.6576985120773315
171,-800.0,False,True,False,0.0,0.11999999731779099,1,0.0,440.25482177734375,0.6576985120773315
172,-800.0,False,True,False,0.0,0.11999999731779099,1,634.3488159179688,750.503662109375,0.6573541760444641
173,-800.0,False,True,False,0.0,0.11999999731779099,1,0.0,738.684814453125,0.6573541760444641
174,-800.0,False,True,False,0.0,0.11999999731779099,1,644.017822265625,643.1837158203125,0.6570072770118713
175,-800.0,False,True,False,0.0,0.11999999731779099,1,0.0,645.2239990234375,0.6570072770118713
176,-800.0,False,True,False,0.0,0.11999999731779099,1,636.264892578125,590.9244384765625,0.6566588282585144
177,-800.0,False,True,False,0.0,0.11999999731779099,1,0.0,1035.428466796875,0.6566588282585144
178,-800.0,False,True,False,0.0,0.11999999731779099,1,649.5374755859375,1046.374755859375,0.6563113927841187
179,-800.0,False,True,False,0.0,0.11999999731779099,1,0.0,915.3668823242188,0.6563113927841187
180,-800.0,False,True,False,0.0,0.11999999731779099,1,641.5652465820312,538.045654296875,0.6559669971466064
181,-800.0,False,True,False,0.0,0.11999999731779099,1,0.0,762.0355224609375,0.6559669971466064
182,-800.0,False,True,False,0.0,0.11999999731779099,1,629.6724853515625,878.1016235351562,0.6556232571601868
183,-800.0,False,True,False,0.0,0.11999999731779099,1,0.0,687.429931640625,0.6556232571601868
184,-800.0,False,True,False,0.0,0.11999999731779099,1,638.75146484375,869.7108154296875,0.6552780866622925
185,-800.0,False,True,False,0.0,0.11999999731779099,1,0.0,541.796875,0.6552780866622925
186,-800.0,False,True,False,0.0,0.11999999731779099,1,642.244873046875,881.831787109375,0.6549306511878967
187,-829.9812121295611,False,True,False,0.014472779714122756,0.11999999731779099,7,0.0,892.4026489257812,0.6538777947425842
188,-800.0,False,True,False,0.0,0.11999999731779099,1,642.5150146484375,893.4688720703125,0.65352463722229
189,-800.0,False,True,False,0.0,0.11999999731779099,1,0.0,811.415283203125,0.65352463722229
190,-800.0,False,True,False,0.0,0.11999999731779099,1,640.902099609375,630.52490234375,0.65317302942276
191,-800.0,False,True,False,0.0,0.11999999731779099,1,0.0,502.52398681640625,0.65317302942276
192,-800.0,False,True,False,0.0,0.11999999731779099,1,644.3185424804688,488.6539611816406,0.6528275012969971
193,-800.0,False,True,False,0.0,0.11999999731779099,1,0.0,621.3463134765625,0.6528275012969971
194,-800.0,False,True,False,0.0,0.11999999731779099,1,644.5670166015625,559.8829956054688,0.652486264705658
195,-800.0,False,True,False,0.0,0.11999999731779099,1,0.0,487.27130126953125,0.652486264705658
196,-800.0,False,True,False,0.0,0.11999999731779099,1,642.9871826171875,462.7679443359375,0.6521487832069397
197,-800.0,False,True,False,0.0,0.11999999731779099,1,0.0,543.4503173828125,0.6521487832069397
198,-800.0,False,True,False,0.0,0.11999999731779099,1,644.2784423828125,489.1763916015625,0.6518114805221558
199,-800.0,False,True,False,0.0,0.11999999731779099,1,0.0,768.899169921875,0.6518114805221558
200,-800.0,False,True,False,0.0,0.11999999731779099,1,649.3922119140625,597.1754760742188,0.6514713764190674
201,-800.0,False,True,False,0.0,0.11999999731779099,1,0.0,940.6620483398438,0.6514713764190674
202,-800.0,False,True,False,0.0,0.11999999731779099,1,640.9136962890625,681.0081787109375,0.6511286497116089
203,-800.0,False,True,False,0.0,0.11999999731779099,1,0.0,566.7625732421875,0.6511286497116089
204,-800.0,False,True,False,0.0,0.11999999731779099,1,646.8126220703125,685.875244140625,0.6507843136787415
205,-800.0,False,True,False,0.0,0.11999999731779099,1,0.0,395.0636901855469,0.6507843136787415
206,-800.0,False,True,False,0.0,0.11999999731779099,1,642.6369018554688,826.558349609375,0.6504424810409546
207,-800.0,False,True,False,0.0,0.11999999731779099,1,0.0,517.999755859375,0.6504424810409546
208,-800.0,False,True,False,0.0,0.11999999731779099,1,646.6598510742188,278.3923034667969,0.6500968933105469
209,-800.0,False,True,False,0.0,0.11999999731779099,1,0.0,1032.9984130859375,0.6500968933105469
210,-800.0,False,True,False,0.0,0.11999999731779099,1,660.6702880859375,757.222900390625,0.6497540473937988
211,-800.0,False,True,False,0.0,0.11999999731779099,1,0.0,1118.1612548828125,0.6497540473937988
212,-800.0,False,True,False,0.0,0.11999999731779099,1,639.4419555664062,1156.557861328125,0.6494128704071045
213,-800.0,False,True,False,0.0,0.11999999731779099,1,0.0,763.3492431640625,0.6494128704071045
214,-800.0,False,True,False,0.0,0.11999999731779099,1,658.5665893554688,760.6617431640625,0.649071455001831
215,-800.0,False,True,False,0.0,0.11999999731779099,1,0.0,844.428955078125,0.649071455001831
216,-800.0,False,True,False,0.0,0.11999999731779099,1,641.9247436523438,761.8814697265625,0.6487258076667786
217,-864.8809698964162,False,True,False,0.03574447375351442,0.11999999731779099,14,649.259521484375,185.799560546875,0.6462960243225098
218,-800.0,False,True,False,0.0,0.11999999731779099,1,0.0,535.1700439453125,0.6462960243225098
219,-800.0,False,True,False,0.0,0.11999999731779099,1,654.62890625,828.0143432617188,0.6459425091743469
220,-800.0,False,True,False,0.0,0.11999999731779099,1,0.0,527.3375854492188,0.6459425091743469
221,-800.0,False,True,False,0.0,0.11999999731779099,1,648.3922729492188,870.1087646484375,0.6455854177474976
222,-800.0,False,True,False,0.0,0.11999999731779099,1,0.0,695.367919921875,0.6455854177474976
223,-800.0,False,True,False,0.0,0.11999999731779099,1,659.5992431640625,313.885009765625,0.6452252864837646
224,-800.0,False,True,False,0.0,0.11999999731779099,1,0.0,608.37451171875,0.6452252864837646
225,-800.0,False,True,False,0.0,0.11999999731779099,1,641.2818603515625,791.65185546875,0.6448656916618347
226,-800.0,False,True,False,0.0,0.11999999731779099,1,0.0,538.62939453125,0.6448656916618347
227,-800.0,False,True,False,0.0,0.11999999731779099,1,646.7474975585938,631.6127319335938,0.6445095539093018
228,-800.0,False,True,False,0.0,0.11999999731779099,1,0.0,482.80279541015625,0.6445095539093018
229,-800.0,False,True,False,0.0,0.11999999731779099,1,648.51220703125,512.1432495117188,0.6441574096679688
230,-800.0,False,True,False,0.0,0.11999999731779099,1,0.0,412.38690185546875,0.6441574096679688
231,-800.0,False,True,False,0.0,0.11999999731779099,1,650.897705078125,575.32373046875,0.6438038349151611
232,-800.0,False,True,False,0.0,0.11999999731779099,1,0.0,495.97998046875,0.6438038349151611
233,-800.0,False,True,False,0.0,0.11999999731779099,1,638.5308837890625,587.0274658203125,0.643452525138855
234,-800.0,False,True,False,0.0,0.11999999731779099,1,0.0,356.28509521484375,0.643452525138855
235,-800.0,False,True,False,0.0,0.11999999731779099,1,657.2113037109375,656.235595703125,0.6430985331535339
236,-800.0,False,True,False,0.0,0.11999999731779099,1,0.0,453.5555419921875,0.6430985331535339
237,-800.0,False,True,False,0.0,0.11999999731779099,1,650.470458984375,442.1971435546875,0.6427463293075562
238,-800.0,False,True,False,0.0,0.11999999731779099,1,0.0,494.29296875,0.6427463293075562
239,-800.0,False,True,False,0.0,0.11999999731779099,1,642.504150390625,301.6727294921875,0.642392098903656
240,-800.0,False,True,False,0.0,0.11999999731779099,1,0.0,343.16455078125,0.642392098903656
241,-800.0,False,True,False,0.0,0.11999999731779099,1,648.659423828125,341.4471435546875,0.6420382857322693
242,-800.0,False,True,False,0.0,0.11999999731779099,1,0.0,589.4703979492188,0.6420382857322693
243,-800.0,False,True,False,0.0,0.11999999731779099,1,655.3143920898438,554.8663330078125,0.6416813135147095
244,-800.0,False,True,False,0.0,0.11999999731779099,1,0.0,558.05517578125,0.6416813135147095
245,-800.0,False,True,False,0.0,0.11999999731779099,1,643.6732177734375,708.0140380859375,0.6413195133209229
246,-800.0,False,True,False,0.0,0.11999999731779099,1,0.0,536.2645874023438,0.6413195133209229
247,-800.0,False,True,False,0.0,0.11999999731779099,1,650.7499389648438,790.099609375,0.6409529447555542
248,-800.0,False,True,False,0.0,0.11999999731779099,1,0.0,400.8666076660156,0.6409529447555542
249,-800.0,False,True,False,0.0,0.11999999731779099,1,639.886474609375,439.330810546875,0.640582799911499
250,-800.0,False,True,False,0.0,0.11999999731779099,1,0.0,429.1767883300781,0.640582799911499
251,-800.0,False,True,False,0.0,0.11999999731779099,1,650.3377075195312,331.85406494140625,0.6402125358581543
252,-800.0,False,True,False,0.0,0.11999999731779099,1,0.0,851.7979736328125,0.6402125358581543
253,-800.0,False,True,False,0.0,0.11999999731779099,1,643.2132568359375,403.45361328125,0.6398473978042603
254,-800.0,False,True,False,0.0,0.11999999731779099,1,0.0,1054.9674072265625,0.6398473978042603
255,-800.0,False,True,False,0.0,0.11999999731779099,1,660.8070068359375,325.1642150878906,0.6394810676574707
256,-800.0,False,True,False,0.0,0.11999999731779099,1,0.0,140.11529541015625,0.6394810676574707
257,-800.0,False,True,False,0.0,0.11999999731779099,1,641.3115844726562,702.6735229492188,0.6391103267669678
258,-800.0,False,True,False,0.0,0.11999999731779099,1,0.0,522.192138671875,0.6391103267669678
259,-800.0,False,True,False,0.0,0.11999999731779099,1,638.8740234375,829.398193359375,0.6387455463409424
260,-800.0,False,True,False,0.0,0.11999999731779099,1,0.0,663.7237548828125,0.6387455463409424
261,-800.0,False,True,False,0.0,0.11999999731779099,1,656.040283203125,680.4595336914062,0.6383820176124573
262,-800.0,False,True,False,0.0,0.11999999731779099,1,0.0,478.15399169921875,0.6383820176124573
263,-800.0,False,True,False,0.0,0.11999999731779099,1,640.0672607421875,449.2822570800781,0.638016402721405
264,-800.0,False,True,False,0.0,0.11999999731779099,1,0.0,810.6498413085938,0.638016402721405
265,-800.0,False,True,False,0.0,0.11999999731779099,1,656.853759765625,479.33892822265625,0.6376523375511169
266,-800.0,False,True,False,0.0,0.11999999731779099,1,0.0,524.49267578125,0.6376523375511169
267,-800.0,False,True,False,0.0,0.11999999731779099,1,639.3591918945312,487.9083251953125,0.6372865438461304
268,-800.0,False,True,False,0.0,0.11999999731779099,1,0.0,480.43255615234375,0.6372865438461304
269,-800.0,False,True,False,0.0,0.11999999731779099,1,638.7977294921875,378.8248291015625,0.6369156837463379
270,-800.0,False,True,False,0.0,0.11999999731779099,1,0.0,456.83746337890625,0.6369156837463379
271,-800.0,False,True,False,0.0,0.11999999731779099,1,646.134521484375,520.8711547851562,0.6365411877632141
272,-800.0,False,True,False,0.0,0.11999999731779099,1,0.0,467.96282958984375,0.6365411877632141
273,-800.0,False,True,False,0.0,0.11999999731779099,1,645.1021118164062,446.24493408203125,0.6361610889434814
274,-800.0,False,True,False,0.0,0.11999999731779099,1,0.0,736.012451171875,0.6361610889434814
275,-800.0,False,True,False,0.0,0.11999999731779099,1,648.287109375,733.6371459960938,0.6357743740081787
276,-800.0,False,True,False,0.0,0.11999999731779099,1,0.0,162.09323120117188,0.6357743740081787
277,-800.0,False,True,False,0.0,0.11999999731779099,1,635.2279663085938,800.8363647460938,0.6353825330734253
278,-800.0,False,True,False,0.0,0.11999999731779099,1,0.0,807.5069580078125,0.6353825330734253
279,-800.0,False,True,False,0.0,0.11999999731779099,1,642.5234985351562,948.8759155273438,0.634991466999054
280,-800.0,False,True,False,0.0,0.11999999731779099,1,0.0,701.2307739257812,0.634991466999054
281,-800.0,False,True,False,0.0,0.11999999731779099,1,659.34423828125,635.1669311523438,0.6345978379249573
282,-800.0,False,True,False,0.0,0.11999999731779099,1,0.0,786.205078125,0.6345978379249573
283,-800.0,False,True,False,0.0,0.11999999731779099,1,646.9003295898438,845.9603881835938,0.6342079639434814
284,-800.0,False,True,False,0.0,0.11999999731779099,1,0.0,1052.75146484375,0.6342079639434814
285,-800.0,False,True,False,0.0,0.11999999731779099,1,651.320556640625,565.185791015625,0.6338213086128235
286,-800.0,False,True,False,0.0,0.11999999731779099,1,0.0,753.528076171875,0.6338213086128235
287,-800.0,False,True,False,0.0,0.11999999731779099,1,651.3157958984375,616.5125732421875,0.6334419250488281
288,-800.0,False,True,False,0.0,0.11999999731779099,1,0.0,481.4849548339844,0.6334419250488281
289,-800.0,False,True,False,0.0,0.11999999731779099,1,638.9089965820312,277.0072021484375,0.633063018321991
290,-800.0,False,True,False,0.0,0.11999999731779099,1,0.0,783.4403076171875,0.633063018321991
291,-800.0,False,True,False,0.0,0.11999999731779099,1,658.44287109375,601.461669921875,0.6326838731765747
292,-800.0,False,True,False,0.0,0.11999999731779099,1,0.0,1207.6611328125,0.6326838731765747
293,-800.0,False,True,False,0.0,0.11999999731779099,1,643.4953002929688,855.395263671875,0.6323036551475525
294,-800.0,False,True,False,0.0,0.11999999731779099,1,0.0,600.974609375,0.6323036551475525
295,-800.0,False,True,False,0.0,0.11999999731779099,1,663.2645263671875,158.19635009765625,0.6319271922111511
296,-800.0,False,True,False,0.0,0.11999999731779099,1,0.0,573.9703369140625,0.6319271922111511
297,-800.0,False,True,False,0.0,0.11999999731779099,1,650.6192016601562,675.712890625,0.631546676158905
298,-800.0,False,True,False,0.0,0.11999999731779099,1,0.0,469.038818359375,0.631546676158905
299,-800.0,False,True,False,0.0,0.11999999731779099,1,648.25830078125,941.2283325195312,0.6311635375022888
300,-800.0,False,True,False,0.0,0.11999999731779099,1,0.0,392.3376159667969,0.6311635375022888
301,-800.0,False,True,False,0.0,0.11999999731779099,1,651.1071166992188,1034.04833984375,0.6307756900787354
302,-800.0,False,True,False,0.0,0.11999999731779099,1,0.0,565.9039306640625,0.6307756900787354
303,-800.0,False,True,False,0.0,0.11999999731779099,1,653.2725219726562,472.0666198730469,0.6303812265396118
304,-800.0,False,True,False,0.0,0.11999999731779099,1,0.0,743.8751220703125,0.6303812265396118
305,-800.0,False,True,False,0.0,0.11999999731779099,1,665.6056518554688,396.88543701171875,0.6299800872802734
306,-800.0,False,True,False,0.0,0.11999999731779099,1,0.0,705.0,0.6299800872802734
307,-800.0,False,True,False,0.0,0.11999999731779099,1,651.0723266601562,657.8847045898438,0.6295750141143799
308,-800.0,False,True,False,0.0,0.11999999731779099,1,0.0,821.714111328125,0.6295750141143799
309,-800.0,False,True,False,0.0,0.11999999731779099,1,643.1484985351562,555.6491088867188,0.6291672587394714
310,-800.0,False,True,False,0.0,0.11999999731779099,1,0.0,796.335205078125,0.6291672587394714
311,-800.0,False,True,False,0.0,0.11999999731779099,1,663.9232177734375,856.3046875,0.6287548542022705
312,-800.0,False,True,False,0.0,0.11999999731779099,1,0.0,657.4693603515625,0.6287548542022705
313,-800.0,False,True,False,0.0,0.11999999731779099,1,634.8207397460938,663.8316650390625,0.6283404231071472
314,-800.0,False,True,False,0.0,0.11999999731779099,1,0.0,553.9093017578125,0.6283404231071472
315,-800.0,False,True,False,0.0,0.11999999731779099,1,643.02734375,572.1185302734375,0.6279253363609314
316,-800.0,False,True,False,0.0,0.11999999731779099,1,0.0,104.29121398925781,0.6279253363609314
317,-800.0,False,True,False,0.0,0.11999999731779099,1,658.836181640625,587.9923095703125,0.6275091171264648
318,-800.0,False,True,False,0.0,0.11999999731779099,1,0.0,671.5772705078125,0.6275091171264648
319,-800.0,False,True,False,0.0,0.11999999731779099,1,642.0394287109375,504.6285400390625,0.6270930171012878
320,-800.0,False,True,False,0.0,0.11999999731779099,1,0.0,645.6986694335938,0.6270930171012878
321,-800.0,False,True,False,0.0,0.11999999731779099,1,651.053955078125,623.26416015625,0.6266722679138184
322,-800.0,False,True,False,0.0,0.11999999731779099,1,0.0,610.2305297851562,0.6266722679138184
323,-800.0,False,True,False,0.0,0.11999999731779099,1,655.2210083007812,645.2174072265625,0.6262504458427429
324,-800.0,False,True,False,0.0,0.11999999731779099,1,0.0,613.362060546875,0.6262504458427429
325,-800.0,False,True,False,0.0,0.11999999731779099,1,637.094482421875,571.8626098632812,0.6258296370506287
326,-800.0,False,True,False,0.0,0.11999999731779099,1,0.0,1168.0576171875,0.6258296370506287
327,-800.0,False,True,False,0.0,0.11999999731779099,1,660.191650390625,447.47479248046875,0.6254080533981323
328,-800.0,False,True,False,0.0,0.11999999731779099,1,0.0,444.5986328125,0.6254080533981323
329,-800.0,False,True,False,0.0,0.11999999731779099,1,642.9429931640625,516.5230712890625,0.6249855160713196
330,-800.0,False,True,False,0.0,0.11999999731779099,1,0.0,420.5680236816406,0.6249855160713196
331,-800.0,False,True,False,0.0,0.11999999731779099,1,649.0925903320312,845.6649780273438,0.6245612502098083
332,-800.0,False,True,False,0.0,0.11999999731779099,1,0.0,401.6701965332031,0.6245612502098083
333,-800.0,False,True,False,0.0,0.11999999731779099,1,650.5557250976562,693.030517578125,0.6241335868835449
334,-800.0,False,True,False,0.0,0.11999999731779099,1,0.0,532.4690551757812,0.6241335868835449
335,-800.0,False,True,False,0.0,0.11999999731779099,1,633.727294921875,466.1484680175781,0.6237027645111084
336,-800.0,False,True,False,0.0,0.11999999731779099,1,0.0,558.96875,0.6237027645111084
337,-800.0,False,True,False,0.0,0.11999999731779099,1,657.62109375,454.41192626953125,0.6232687830924988
338,-800.0,False,True,False,0.0,0.11999999731779099,1,0.0,461.68115234375,0.6232687830924988
339,-800.0,False,True,False,0.0,0.11999999731779099,1,651.1884765625,442.9051208496094,0.622833251953125
340,-800.0,False,True,False,0.0,0.11999999731779099,1,0.0,555.209716796875,0.622833251953125
341,-800.0,False,True,False,0.0,0.11999999731779099,1,648.697998046875,490.64495849609375,0.6223955750465393
342,-800.0,False,True,False,0.0,0.11999999731779099,1,0.0,221.6439208984375,0.6223955750465393
343,-800.0,False,True,False,0.0,0.11999999731779099,1,656.5817260742188,560.6219482421875,0.6219565868377686
344,-800.0,False,True,False,0.0,0.11999999731779099,1,0.0,235.22891235351562,0.6219565868377686
345,-800.0,False,True,False,0.0,0.11999999731779099,1,649.6676635742188,243.1640625,0.6215158104896545
346,-800.0,False,True,False,0.0,0.11999999731779099,1,0.0,369.2626953125,0.6215158104896545
347,-800.0,False,True,False,0.0,0.11999999731779099,1,657.3981323242188,693.2337646484375,0.621076226234436
348,-800.0,False,True,False,0.0,0.11999999731779099,1,0.0,293.39849853515625,0.621076226234436
349,-800.0,False,True,False,0.0,0.11999999731779099,1,659.9035034179688,412.81109619140625,0.6206393837928772
350,-800.0,False,True,False,0.0,0.11999999731779099,1,0.0,390.0025939941406,0.6206393837928772
351,-800.0,False,True,False,0.0,0.11999999731779099,1,650.6209106445312,506.95123291015625,0.6202066540718079
352,-884.7755634631147,False,True,False,0.022520533616925756,0.11999999731779099,18,659.2041625976562,461.9009094238281,0.6163981556892395
353,-800.0,False,True,False,0.0,0.11999999731779099,1,0.0,473.34698486328125,0.6163981556892395
354,-800.0,False,True,False,0.0,0.11999999731779099,1,659.5618896484375,553.7506103515625,0.6159751415252686
355,-800.0,False,True,False,0.0,0.11999999731779099,1,0.0,462.24554443359375,0.6159751415252686
356,-800.0,False,True,False,0.0,0.11999999731779099,1,660.0975952148438,475.76007080078125,0.6155509948730469
357,-800.0,False,True,False,0.0,0.11999999731779099,1,0.0,506.470458984375,0.6155509948730469
358,-800.0,False,True,False,0.0,0.11999999731779099,1,650.3209228515625,375.03411865234375,0.61512690782547
359,-800.0,False,True,False,0.0,0.11999999731779099,1,0.0,390.6503601074219,0.61512690782547
360,-800.0,False,True,False,0.0,0.11999999731779099,1,661.037109375,395.7325439453125,0.6147053241729736
361,-800.0,False,True,False,0.0,0.11999999731779099,1,0.0,484.57928466796875,0.6147053241729736
362,-800.0,False,True,False,0.0,0.11999999731779099,1,646.0735473632812,545.7972412109375,0.6142867803573608
363,-800.0,False,True,False,0.0,0.11999999731779099,1,0.0,421.484375,0.6142867803573608
364,-800.0,False,True,False,0.0,0.11999999731779099,1,658.400390625,567.900390625,0.6138692498207092
365,-800.0,False,True,False,0.0,0.11999999731779099,1,0.0,481.16461181640625,0.6138692498207092
366,-800.0,False,True,False,0.0,0.11999999731779099,1,659.75634765625,289.7286376953125,0.6134527325630188
367,-800.0,False,True,False,0.0,0.11999999731779099,1,0.0,418.70501708984375,0.6134527325630188
368,-800.0,False,True,False,0.0,0.11999999731779099,1,645.6329345703125,391.4547119140625,0.6130400896072388
369,-800.0,False,True,False,0.0,0.11999999731779099,1,0.0,358.4497375488281,0.6130400896072388
370,-800.0,False,True,False,0.0,0.11999999731779099,1,655.7109985351562,490.00201416015625,0.6126302480697632
371,-800.0,False,True,False,0.0,0.11999999731779099,1,0.0,441.8376770019531,0.6126302480697632
372,-800.0,False,True,False,0.0,0.11999999731779099,1,653.07373046875,337.37554931640625,0.612218976020813
373,-800.0,False,True,False,0.0,0.11999999731779099,1,0.0,111.340576171875,0.612218976020813
374,-800.0,False,True,False,0.0,0.11999999731779099,1,654.624267578125,529.8472900390625,0.6118113398551941
375,-800.0,False,True,False,0.0,0.11999999731779099,1,0.0,573.3161010742188,0.6118113398551941
376,-800.0,False,True,False,0.0,0.11999999731779099,1,641.1857299804688,407.02935791015625,0.6114082932472229
377,-800.0,False,True,False,0.0,0.11999999731779099,1,0.0,400.99237060546875,0.6114082932472229
378,-800.0,False,True,False,0.0,0.11999999731779099,1,654.6886596679688,706.99169921875,0.6110103130340576
379,-800.0,False,True,False,0.0,0.11999999731779099,1,0.0,567.0922241210938,0.6110103130340576
380,-800.0,False,True,False,0.0,0.11999999731779099,1,654.2999877929688,398.578125,0.6106189489364624
381,-800.0,False,True,False,0.0,0.11999999731779099,1,0.0,411.8128662109375,0.6106189489364624
382,-800.0,False,True,False,0.0,0.11999999731779099,1,651.3760375976562,701.14013671875,0.6102296113967896
383,-800.0,False,True,False,0.0,0.11999999731779099,1,0.0,261.8363952636719,0.6102296113967896
384,-800.0,False,True,False,0.0,0.11999999731779099,1,660.4832153320312,343.90576171875,0.6098405122756958
385,-800.0,False,True,False,0.0,0.11999999731779099,1,0.0,594.0840454101562,0.6098405122756958
386,-800.0,False,True,False,0.0,0.11999999731779099,1,649.0263671875,414.87615966796875,0.6094503402709961
387,-800.0,False,True,False,0.0,0.11999999731779099,1,0.0,616.2095947265625,0.6094503402709961
388,-800.0,False,True,False,0.0,0.11999999731779099,1,656.7234497070312,441.1704406738281,0.6090589761734009
389,-800.0,False,True,False,0.0,0.11999999731779099,1,0.0,521.256591796875,0.6090589761734009
390,-800.0,False,True,False,0.0,0.11999999731779099,1,645.136474609375,464.57476806640625,0.6086640357971191
391,-800.0,False,True,False,0.0,0.11999999731779099,1,0.0,365.56903076171875,0.6086640357971191
392,-800.0,False,True,False,0.0,0.11999999731779099,1,648.0460815429688,384.86102294921875,0.6082679033279419
393,-800.0,False,True,False,0.0,0.11999999731779099,1,0.0,425.51837158203125,0.6082679033279419
394,-800.0,False,True,False,0.0,0.11999999731779099,1,650.2244873046875,311.0478820800781,0.607870876789093
395,-800.0,False,True,False,0.0,0.11999999731779099,1,0.0,436.6405029296875,0.607870876789093
396,-800.0,False,True,False,0.0,0.11999999731779099,1,647.4136962890625,173.9166259765625,0.6074721813201904
397,-800.0,False,True,False,0.0,0.11999999731779099,1,0.0,517.6007080078125,0.6074721813201904
398,-800.0,False,True,False,0.0,0.11999999731779099,1,646.9720458984375,646.2691650390625,0.6070718169212341
399,-800.0,False,True,False,0.0,0.11999999731779099,1,0.0,465.6309814453125,0.6070718169212341
400,-800.0,False,True,False,0.0,0.11999999731779099,1,638.0294799804688,638.9183349609375,0.6066725254058838
401,-800.0,False,True,False,0.0,0.11999999731779099,1,0.0,387.82513427734375,0.6066725254058838
402,-800.0,False,True,False,0.0,0.11999999731779099,1,653.2285766601562,483.7030029296875,0.6062761545181274
403,-800.0,False,True,False,0.0,0.11999999731779099,1,0.0,462.6387939453125,0.6062761545181274
404,-800.0,False,True,False,0.0,0.11999999731779099,1,660.093505859375,520.0126953125,0.6058843731880188
405,-800.0,False,True,False,0.0,0.11999999731779099,1,0.0,380.2517395019531,0.6058843731880188
406,-800.0,False,True,False,0.0,0.11999999731779099,1,638.9620971679688,394.8164367675781,0.605496346950531
407,-800.0,False,True,False,0.0,0.11999999731779099,1,0.0,571.6220703125,0.605496346950531
408,-875.0950208736149,False,True,False,0.029402306964501898,0.11999999731779099,16,0.0,444.48480224609375,0.6024861335754395
409,-800.0,False,True,False,0.0,0.11999999731779099,1,658.4558715820312,527.6748046875,0.602099597454071
410,-800.0,False,True,False,0.0,0.11999999731779099,1,0.0,465.813232421875,0.602099597454071
411,-800.0,False,True,False,0.0,0.11999999731779099,1,647.6638793945312,357.8951416015625,0.6017159819602966
412,-800.0,False,True,False,0.0,0.11999999731779099,1,0.0,661.1532592773438,0.6017159819602966
413,-800.0,False,True,False,0.0,0.11999999731779099,1,661.5800170898438,376.67303466796875,0.6013296842575073
414,-800.0,False,True,False,0.0,0.11999999731779099,1,0.0,500.6352844238281,0.6013296842575073
415,-800.0,False,True,False,0.0,0.11999999731779099,1,656.546875,356.60577392578125,0.6009383797645569
416,-800.0,False,True,False,0.0,0.11999999731779099,1,0.0,240.18338012695312,0.6009383797645569
417,-800.0,False,True,False,0.0,0.11999999731779099,1,649.0597534179688,648.7282104492188,0.6005468368530273
418,-800.0,False,True,False,0.0,0.11999999731779099,1,0.0,288.7639465332031,0.6005468368530273
419,-800.0,False,True,False,0.0,0.11999999731779099,1,664.1143798828125,348.00079345703125,0.600156843662262
420,-800.0,False,True,False,0.0,0.11999999731779099,1,0.0,383.91259765625,0.600156843662262
421,-800.0,False,True,False,0.0,0.11999999731779099,1,653.2354125976562,455.1240234375,0.5997707843780518
422,-800.0,False,True,False,0.0,0.11999999731779099,1,0.0,283.857666015625,0.5997707843780518
423,-800.0,False,True,False,0.0,0.11999999731779099,1,658.6612548828125,248.72470092773438,0.5993871092796326
424,-800.0,False,True,False,0.0,0.11999999731779099,1,0.0,448.4171447753906,0.5993871092796326
425,-800.0,False,True,False,0.0,0.11999999731779099,1,668.1441650390625,336.21160888671875,0.5990055203437805
426,-800.0,False,True,False,0.0,0.11999999731779099,1,0.0,256.2318420410156,0.5990055203437805
427,-800.0,False,True,False,0.0,0.11999999731779099,1,649.9029541015625,498.28826904296875,0.5986315011978149
428,-800.0,False,True,False,0.0,0.11999999731779099,1,0.0,416.4283142089844,0.5986315011978149
429,-800.0,False,True,False,0.0,0.11999999731779099,1,653.044677734375,693.9544067382812,0.5982644557952881
430,-800.0,False,True,False,0.0,0.11999999731779099,1,0.0,583.0814208984375,0.5982644557952881
431,-800.0,False,True,False,0.0,0.11999999731779099,1,656.9542236328125,496.17333984375,0.5978978276252747
432,-800.0,False,True,False,0.0,0.11999999731779099,1,0.0,434.993408203125,0.5978978276252747
433,-800.0,False,True,False,0.0,0.11999999731779099,1,659.0825805664062,474.99005126953125,0.5975324511528015
434,-800.0,False,True,False,0.0,0.11999999731779099,1,0.0,460.03302001953125,0.5975324511528015
435,-800.0,False,True,False,0.0,0.11999999731779099,1,662.3847045898438,457.03009033203125,0.5971699953079224
436,-800.0,False,True,False,0.0,0.11999999731779099,1,0.0,427.4252014160156,0.5971699953079224
437,-800.0,False,True,False,0.0,0.11999999731779099,1,654.625244140625,348.36944580078125,0.5968104004859924
438,-800.0,False,True,False,0.0,0.11999999731779099,1,0.0,704.0714111328125,0.5968104004859924
439,-800.0,False,True,False,0.0,0.11999999731779099,1,665.3630981445312,467.10552978515625,0.5964484214782715
440,-800.0,False,True,False,0.0,0.11999999731779099,1,0.0,389.773193359375,0.5964484214782715
441,-800.0,False,True,False,0.0,0.11999999731779099,1,659.6400756835938,181.72320556640625,0.5960826277732849
442,-800.0,False,True,False,0.0,0.11999999731779099,1,0.0,505.70703125,0.5960826277732849
443,-800.0,False,True,False,0.0,0.11999999731779099,1,653.8662719726562,553.5408325195312,0.5957150459289551
444,-800.0,False,True,False,0.0,0.11999999731779099,1,0.0,408.4230041503906,0.5957150459289551
445,-800.0,False,True,False,0.0,0.11999999731779099,1,663.4140014648438,331.302734375,0.5953424572944641
446,-800.0,False,True,False,0.0,0.11999999731779099,1,0.0,423.2826843261719,0.5953424572944641
447,-800.0,False,True,False,0.0,0.11999999731779099,1,658.4295043945312,628.662841796875,0.594966471195221
448,-800.0,False,True,False,0.0,0.11999999731779099,1,0.0,417.9072265625,0.594966471195221
449,-800.0,False,True,False,0.0,0.11999999731779099,1,655.8157958984375,432.84747314453125,0.5945860743522644
450,-800.0,False,True,False,0.0,0.11999999731779099,1,0.0,539.0186767578125,0.5945860743522644
451,-800.0,False,True,False,0.0,0.11999999731779099,1,671.21484375,768.915771484375,0.594201922416687
452,-800.0,False,True,False,0.0,0.11999999731779099,1,0.0,428.1293029785156,0.594201922416687
453,-800.0,False,True,False,0.0,0.11999999731779099,1,655.6978759765625,403.79888916015625,0.5938165187835693
454,-800.0,False,True,False,0.0,0.11999999731779099,1,0.0,230.88543701171875,0.5938165187835693
455,-800.0,False,True,False,0.0,0.11999999731779099,1,660.6528930664062,632.4718017578125,0.5934362411499023
456,-800.0,False,True,False,0.0,0.11999999731779099,1,0.0,638.31494140625,0.5934362411499023
457,-800.0,False,True,False,0.0,0.11999999731779099,1,660.7538452148438,532.342041015625,0.5930584669113159
458,-800.0,False,True,False,0.0,0.11999999731779099,1,0.0,482.0211181640625,0.5930584669113159
459,-800.0,False,True,False,0.0,0.11999999731779099,1,659.5615844726562,603.6591796875,0.5926859974861145
460,-800.0,False,True,False,0.0,0.11999999731779099,1,0.0,204.47381591796875,0.5926859974861145
461,-800.0,False,True,False,0.0,0.11999999731779099,1,665.831787109375,434.59698486328125,0.5923205018043518
462,-800.0,False,True,False,0.0,0.11999999731779099,1,0.0,826.949951171875,0.5923205018043518
463,-800.0,False,True,False,0.0,0.11999999731779099,1,663.2820434570312,559.78662109375,0.5919546484947205
464,-800.0,False,True,False,0.0,0.11999999731779099,1,0.0,370.85601806640625,0.5919546484947205
465,-800.0,False,True,False,0.0,0.11999999731779099,1,664.1448974609375,809.9697265625,0.591593325138092
466,-800.0,False,True,False,0.0,0.11999999731779099,1,0.0,493.02880859375,0.591593325138092
467,-800.0,False,True,False,0.0,0.11999999731779099,1,655.8202514648438,493.146240234375,0.5912343263626099
468,-800.0,False,True,False,0.0,0.11999999731779099,1,0.0,493.236083984375,0.5912343263626099
469,-800.0,False,True,False,0.0,0.11999999731779099,1,658.033935546875,678.01171875,0.5908740162849426
470,-800.0,False,True,False,0.0,0.11999999731779099,1,0.0,553.6217041015625,0.5908740162849426
471,-800.0,False,True,False,0.0,0.11999999731779099,1,658.1349487304688,635.5935668945312,0.5905150771141052
472,-800.0,False,True,False,0.0,0.11999999731779099,1,0.0,382.87237548828125,0.5905150771141052
473,-800.0,False,True,False,0.0,0.11999999731779099,1,655.7847900390625,612.3734130859375,0.5901561975479126
474,-800.0,False,True,False,0.0,0.11999999731779099,1,0.0,248.14598083496094,0.5901561975479126
475,-800.0,False,True,False,0.0,0.11999999731779099,1,666.82470703125,474.24169921875,0.5897948741912842
476,-800.0,False,True,False,0.0,0.11999999731779099,1,0.0,475.7499694824219,0.5897948741912842
477,-800.0,False,True,False,0.0,0.11999999731779099,1,651.939208984375,387.437744140625,0.5894307494163513
478,-800.0,False,True,False,0.0,0.11999999731779099,1,0.0,181.14617919921875,0.5894307494163513
479,-800.0,False,True,False,0.0,0.11999999731779099,1,655.8443603515625,271.9559326171875,0.589063823223114
480,-800.0,False,True,False,0.0,0.11999999731779099,1,0.0,273.305908203125,0.589063823223114
481,-800.0,False,True,False,0.0,0.11999999731779099,1,660.9003295898438,628.1080322265625,0.5886927247047424
482,-800.0,False,True,False,0.0,0.11999999731779099,1,0.0,452.22784423828125,0.5886927247047424
483,-800.0,False,True,False,0.0,0.11999999731779099,1,663.0078125,367.6352844238281,0.5883198380470276
484,-800.0,False,True,False,0.0,0.11999999731779099,1,0.0,595.5283203125,0.5883198380470276
485,-800.0,False,True,False,0.0,0.11999999731779099,1,650.37158203125,507.66552734375,0.5879483819007874
486,-800.0,False,True,False,0.0,0.11999999731779099,1,0.0,446.52923583984375,0.5879483819007874
487,-800.0,False,True,False,0.0,0.11999999731779099,1,663.7293701171875,677.7044067382812,0.5875773429870605
488,-800.0,False,True,False,0.0,0.11999999731779099,1,0.0,371.00506591796875,0.5875773429870605
489,-800.0,False,True,False,0.0,0.11999999731779099,1,653.4246826171875,197.85467529296875,0.587206244468689
490,-840.0026659652306,False,True,False,0.040205490354762,0.11999999731779099,9,0.0,645.5733032226562,0.5857592225074768
491,-800.0,False,True,False,0.0,0.11999999731779099,1,669.5175170898438,646.26904296875,0.5854059457778931
492,-800.0,False,True,False,0.0,0.11999999731779099,1,0.0,184.62054443359375,0.5854059457778931
493,-800.0,False,True,False,0.0,0.11999999731779099,1,649.2137451171875,582.1542358398438,0.5850553512573242
494,-800.0,False,True,False,0.0,0.11999999731779099,1,0.0,362.4549560546875,0.5850553512573242
495,-800.0,False,True,False,0.0,0.11999999731779099,1,653.9407958984375,502.0068359375,0.5847094058990479
496,-800.0,False,True,False,0.0,0.11999999731779099,1,0.0,364.10760498046875,0.5847094058990479
497,-800.0,False,True,False,0.0,0.11999999731779099,1,659.4818115234375,675.0852661132812,0.5843644142150879
498,-800.0,False,True,False,0.0,0.11999999731779099,1,0.0,374.6302490234375,0.5843644142150879
499,-800.0,False,True,False,0.0,0.11999999731779099,1,648.9132690429688,508.0865783691406,0.5840157270431519
500,-800.0,False,True,False,0.0,0.11999999731779099,1,0.0,460.78167724609375,0.5840157270431519
501,-800.0,False,True,False,0.0,0.11999999731779099,1,659.200927734375,317.3594970703125,0.5836690068244934
502,-800.0,False,True,False,0.0,0.11999999731779099,1,0.0,527.1404418945312,0.5836690068244934
503,-800.0,False,True,False,0.0,0.11999999731779099,1,649.422607421875,143.79779052734375,0.5833205580711365
504,-800.0,False,True,False,0.0,0.11999999731779099,1,0.0,553.7373046875,0.5833205580711365
505,-800.0,False,True,False,0.0,0.11999999731779099,1,652.0436401367188,577.9637451171875,0.5829684138298035
506,-800.0,False,True,False,0.0,0.11999999731779099,1,0.0,430.8392333984375,0.5829684138298035
507,-800.0,False,True,False,0.0,0.11999999731779099,1,664.3323974609375,195.52651977539062,0.5826138257980347
508,-800.0,False,True,False,0.0,0.11999999731779099,1,0.0,436.283935546875,0.5826138257980347
509,-800.0,False,True,False,0.0,0.11999999731779099,1,650.4955444335938,368.27783203125,0.582254946231842
510,-800.0,False,True,False,0.0,0.11999999731779099,1,0.0,275.5932922363281,0.582254946231842
511,-800.0,False,True,False,0.0,0.11999999731779099,1,659.816650390625,243.29818725585938,0.5818964242935181
512,-800.0,False,True,False,0.0,0.11999999731779099,1,0.0,783.7159423828125,0.5818964242935181
513,-800.0,False,True,False,0.0,0.11999999731779099,1,661.3538208007812,494.48065185546875,0.5815351009368896
514,-800.0,False,True,False,0.0,0.11999999731779099,1,0.0,731.871826171875,0.5815351009368896
515,-800.0,False,True,False,0.0,0.11999999731779099,1,669.4855346679688,385.83514404296875,0.581171989440918
516,-800.0,False,True,False,0.0,0.11999999731779099,1,0.0,497.5361022949219,0.581171989440918
517,-800.0,False,True,False,0.0,0.11999999731779099,1,652.4561767578125,597.2618408203125,0.5808152556419373
518,-800.0,False,True,False,0.0,0.11999999731779099,1,0.0,492.73687744140625,0.5808152556419373
519,-800.0,False,True,False,0.0,0.11999999731779099,1,668.060546875,289.8377685546875,0.5804615616798401
520,-800.0,False,True,False,0.0,0.11999999731779099,1,0.0,364.8121643066406,0.5804615616798401
521,-800.0,False,True,False,0.0,0.11999999731779099,1,674.6827392578125,435.2177734375,0.5801136493682861
522,-800.0,False,True,False,0.0,0.11999999731779099,1,0.0,366.4236755371094,0.5801136493682861
523,-800.0,False,True,False,0.0,0.11999999731779099,1,657.96435546875,542.3975830078125,0.5797682404518127
524,-800.0,False,True,False,0.0,0.11999999731779099,1,0.0,337.23419189453125,0.5797682404518127
525,-800.0,False,True,False,0.0,0.11999999731779099,1,662.3814697265625,665.672607421875,0.5794288516044617
526,-800.0,False,True,False,0.0,0.11999999731779099,1,0.0,533.3253173828125,0.5794288516044617
527,-800.0,False,True,False,0.0,0.11999999731779099,1,656.2515869140625,425.1331787109375,0.5790924429893494
528,-800.0,False,True,False,0.0,0.11999999731779099,1,0.0,389.6684265136719,0.5790924429893494
529,-800.0,False,True,False,0.0,0.11999999731779099,1,666.070068359375,527.838623046875,0.5787563920021057
530,-800.0,False,True,False,0.0,0.11999999731779099,1,0.0,464.6382141113281,0.5787563920021057
531,-800.0,False,True,False,0.0,0.11999999731779099,1,666.5745239257812,541.5224609375,0.578414797782898
532,-800.0,False,True,False,0.0,0.11999999731779099,1,0.0,216.42803955078125,0.578414797782898
533,-800.0,False,True,False,0.0,0.11999999731779099,1,658.5604858398438,668.4860229492188,0.5780722498893738
534,-800.0,False,True,False,0.0,0.11999999731779099,1,0.0,278.0406799316406,0.5780722498893738
535,-800.0,False,True,False,0.0,0.11999999731779099,1,657.001220703125,396.3206787109375,0.5777307152748108
536,-800.0,False,True,False,0.0,0.11999999731779099,1,0.0,478.40814208984375,0.5777307152748108
537,-800.0,False,True,False,0.0,0.11999999731779099,1,664.2759399414062,407.1666259765625,0.5773884057998657
538,-800.0,False,True,False,0.0,0.11999999731779099,1,0.0,690.3046875,0.5773884057998657
539,-800.0,False,True,False,0.0,0.11999999731779099,1,654.5667724609375,333.9184875488281,0.5770468711853027
540,-800.0,False,True,False,0.0,0.11999999731779099,1,0.0,615.087646484375,0.5770468711853027
541,-800.0,False,True,False,0.0,0.11999999731779099,1,654.1583862304688,481.72998046875,0.5767050981521606
542,-800.0,False,True,False,0.0,0.11999999731779099,1,0.0,321.2921142578125,0.5767050981521606
543,-800.0,False,True,False,0.0,0.11999999731779099,1,662.64013671875,379.066162109375,0.5763587355613708
544,-800.0,False,True,False,0.0,0.11999999731779099,1,0.0,319.3267822265625,0.5763587355613708
545,-800.0,False,True,False,0.0,0.11999999731779099,1,660.9109497070312,635.5857543945312,0.5760117769241333
546,-800.0,False,True,False,0.0,0.11999999731779099,1,0.0,243.3378448486328,0.5760117769241333
547,-800.0,False,True,False,0.0,0.11999999731779099,1,657.6755981445312,456.2024230957031,0.5756625533103943
548,-800.0,False,True,False,0.0,0.11999999731779099,1,0.0,376.08673095703125,0.5756625533103943
549,-800.0,False,True,False,0.0,0.11999999731779099,1,657.4478149414062,363.73248291015625,0.5753099322319031
550,-800.0,False,True,False,0.0,0.11999999731779099,1,0.0,415.9250183105469,0.5753099322319031
551,-800.0,False,True,False,0.0,0.11999999731779099,1,659.5379638671875,622.5735473632812,0.5749563574790955
552,-800.0,False,True,False,0.0,0.11999999731779099,1,0.0,518.6033935546875,0.5749563574790955
553,-800.0,False,True,False,0.0,0.11999999731779099,1,662.5359497070312,284.3480529785156,0.5746030211448669
554,-800.0,False,True,False,0.0,0.11999999731779099,1,0.0,517.6333618164062,0.5746030211448669
555,-800.0,False,True,False,0.0,0.11999999731779099,1,659.8272705078125,459.9986267089844,0.5742551684379578
556,-800.0,False,True,False,0.0,0.11999999731779099,1,0.0,273.08721923828125,0.5742551684379578
557,-800.0,False,True,False,0.0,0.11999999731779099,1,653.1458740234375,285.9730224609375,0.5739121437072754
558,-800.0,False,True,False,0.0,0.11999999731779099,1,0.0,395.788818359375,0.5739121437072754
559,-800.0,False,True,False,0.0,0.11999999731779099,1,668.6663208007812,323.58868408203125,0.5735690593719482
560,-800.0,False,True,False,0.0,0.11999999731779099,1,0.0,517.9056396484375,0.5735690593719482
561,-800.0,False,True,False,0.0,0.11999999731779099,1,656.2918090820312,338.3681640625,0.5732313394546509
562,-800.0,False,True,False,0.0,0.11999999731779099,1,0.0,389.00457763671875,0.5732313394546509
563,-800.0,False,True,False,0.0,0.11999999731779099,1,668.32470703125,463.3610534667969,0.5728887319564819
564,-800.0,False,True,False,0.0,0.11999999731779099,1,0.0,306.3780212402344,0.5728887319564819
565,-800.0,False,True,False,0.0,0.11999999731779099,1,663.6568603515625,495.628173828125,0.5725478529930115
566,-800.0,False,True,False,0.0,0.11999999731779099,1,0.0,308.9386291503906,0.5725478529930115
567,-800.0,False,True,False,0.0,0.11999999731779099,1,664.0005493164062,378.87335205078125,0.5722097754478455
568,-800.0,False,True,False,0.0,0.11999999731779099,1,0.0,417.494384765625,0.5722097754478455
569,-800.0,False,True,False,0.0,0.11999999731779099,1,670.5189819335938,368.1531677246094,0.5718746781349182
570,-800.0,False,True,False,0.0,0.11999999731779099,1,0.0,585.6932983398438,0.5718746781349182
571,-800.0,False,True,False,0.0,0.11999999731779099,1,646.5430297851562,322.80804443359375,0.5715367794036865
572,-800.0,False,True,False,0.0,0.11999999731779099,1,0.0,302.0581359863281,0.5715367794036865
573,-800.0,False,True,False,0.0,0.11999999731779099,1,659.2847900390625,607.840087890625,0.5712000131607056
574,-800.0,False,True,False,0.0,0.11999999731779099,1,0.0,242.71377563476562,0.5712000131607056
575,-800.0,False,True,False,0.0,0.11999999731779099,1,650.4679565429688,273.86773681640625,0.5708595514297485
576,-800.0,False,True,False,0.0,0.11999999731779099,1,0.0,556.4112548828125,0.5708595514297485
577,-800.0,False,True,False,0.0,0.11999999731779099,1,644.9598388671875,350.5084228515625,0.5705182552337646
578,-854.8811500976515,False,True,False,0.018514157116487334,0.11999999731779099,12,653.5205688476562,358.9222717285156,0.5684645175933838
579,-800.0,False,True,False,0.0,0.11999999731779099,1,0.0,307.026611328125,0.5684645175933838
580,-800.0,False,True,False,0.0,0.11999999731779099,1,650.977294921875,316.3201599121094,0.5681272149085999
581,-800.0,False,True,False,0.0,0.11999999731779099,1,0.0,310.0498352050781,0.5681272149085999
582,-800.0,False,True,False,0.0,0.11999999731779099,1,654.4695434570312,447.3742980957031,0.5677943825721741
583,-800.0,False,True,False,0.0,0.11999999731779099,1,0.0,465.0452575683594,0.5677943825721741
584,-800.0,False,True,False,0.0,0.11999999731779099,1,648.4170532226562,170.67742919921875,0.5674647688865662
585,-800.0,False,True,False,0.0,0.11999999731779099,1,0.0,467.88726806640625,0.5674647688865662
586,-800.0,False,True,False,0.0,0.11999999731779099,1,654.4812622070312,515.0892333984375,0.5671414732933044
587,-800.0,False,True,False,0.0,0.11999999731779099,1,0.0,555.863037109375,0.5671414732933044
588,-800.0,False,True,False,0.0,0.11999999731779099,1,650.0946655273438,155.66551208496094,0.5668208599090576
589,-800.0,False,True,False,0.0,0.11999999731779099,1,0.0,187.91854858398438,0.5668208599090576
590,-800.0,False,True,False,0.0,0.11999999731779099,1,655.064697265625,626.0836791992188,0.5664971470832825
591,-800.0,False,True,False,0.0,0.11999999731779099,1,0.0,317.91357421875,0.5664971470832825
592,-800.0,False,True,False,0.0,0.11999999731779099,1,653.6168212890625,285.059814453125,0.566175103187561
593,-800.0,False,True,False,0.0,0.11999999731779099,1,0.0,557.0853271484375,0.566175103187561
594,-800.0,False,True,False,0.0,0.11999999731779099,1,642.618408203125,633.3008422851562,0.5658482909202576
595,-800.0,False,True,False,0.0,0.11999999731779099,1,0.0,394.43695068359375,0.5658482909202576
596,-800.0,False,True,False,0.0,0.11999999731779099,1,651.668701171875,356.42333984375,0.5655159950256348
597,-800.0,False,True,False,0.0,0.11999999731779099,1,0.0,506.22247314453125,0.5655159950256348
598,-800.0,False,True,False,0.0,0.11999999731779099,1,651.8489990234375,555.0284423828125,0.5651769042015076
599,-800.0,False,True,False,0.0,0.11999999731779099,1,0.0,215.40386962890625,0.5651769042015076
600,-800.0,False,True,False,0.0,0.11999999731779099,1,659.273193359375,298.4874267578125,0.5648322105407715
601,-800.0,False,True,False,0.0,0.11999999731779099,1,0.0,378.4576416015625,0.5648322105407715
602,-800.0,False,True,False,0.0,0.11999999731779099,1,647.78173828125,452.6804504394531,0.5644810795783997
603,-800.0,False,True,False,0.0,0.11999999731779099,1,0.0,601.8565673828125,0.5644810795783997
604,-800.0,False,True,False,0.0,0.11999999731779099,1,653.5567626953125,652.6524047851562,0.564123809337616
605,-800.0,False,True,False,0.0,0.11999999731779099,1,0.0,426.92120361328125,0.564123809337616
606,-800.0,False,True,False,0.0,0.11999999731779099,1,639.5770263671875,525.614501953125,0.5637645125389099
607,-800.0,False,True,False,0.0,0.11999999731779099,1,0.0,818.1240234375,0.5637645125389099
608,-800.0,False,True,False,0.0,0.11999999731779099,1,650.8068237304688,319.5619812011719,0.5634084939956665
609,-800.0,False,True,False,0.0,0.11999999731779099,1,0.0,897.580078125,0.5634084939956665
610,-800.0,False,True,False,0.0,0.11999999731779099,1,653.8392944335938,533.1846923828125,0.5630579590797424
611,-800.0,False,True,False,0.0,0.11999999731779099,1,0.0,241.0377197265625,0.5630579590797424
612,-800.0,False,True,False,0.0,0.11999999731779099,1,637.2640380859375,361.6986083984375,0.5627161264419556
613,-800.0,False,True,False,0.0,0.11999999731779099,1,0.0,318.7963562011719,0.5627161264419556
614,-800.0,False,True,False,0.0,0.11999999731779099,1,652.4949340820312,435.2261962890625,0.5623793601989746
615,-800.0,False,True,False,0.0,0.11999999731779099,1,0.0,546.106689453125,0.5623793601989746
616,-800.0,False,True,False,0.0,0.11999999731779099,1,638.5617065429688,478.9493408203125,0.562046229839325
617,-800.0,False,True,False,0.0,0.11999999731779099,1,0.0,227.19509887695312,0.562046229839325
618,-800.0,False,True,False,0.0,0.11999999731779099,1,645.5468139648438,452.555908203125,0.5617201924324036
619,-800.0,False,True,False,0.0,0.11999999731779099,1,0.0,260.3580017089844,0.5617201924324036
620,-800.0,False,True,False,0.0,0.11999999731779099,1,647.7186889648438,625.958984375,0.5613958835601807
621,-800.0,False,True,False,0.0,0.11999999731779099,1,0.0,358.85321044921875,0.5613958835601807
622,-800.0,False,True,False,0.0,0.11999999731779099,1,653.258544921875,685.65234375,0.5610702633857727
623,-800.0,False,True,False,0.0,0.11999999731779099,1,0.0,343.29461669921875,0.5610702633857727
624,-800.0,False,True,False,0.0,0.11999999731779099,1,655.4202270507812,159.35159301757812,0.5607417821884155
625,-800.0,False,True,False,0.0,0.11999999731779099,1,0.0,332.19866943359375,0.5607417821884155
626,-800.0,False,True,False,0.0,0.11999999731779099,1,643.7011108398438,401.32415771484375,0.5604074597358704
627,-800.0,False,True,False,0.0,0.11999999731779099,1,0.0,487.2938232421875,0.5604074597358704
628,-800.0,False,True,False,0.0,0.11999999731779099,1,661.0811157226562,412.4085693359375,0.5600670576095581
629,-800.0,False,True,False,0.0,0.11999999731779099,1,0.0,509.238525390625,0.5600670576095581
630,-800.0,False,True,False,0.0,0.11999999731779099,1,652.1104736328125,490.0504150390625,0.5597192049026489
631,-800.0,False,True,False,0.0,0.11999999731779099,1,0.0,508.16937255859375,0.5597192049026489
632,-800.0,False,True,False,0.0,0.11999999731779099,1,661.2444458007812,313.9441833496094,0.559370756149292
633,-800.0,False,True,False,0.0,0.11999999731779099,1,0.0,510.54541015625,0.559370756149292
634,-800.0,False,True,False,0.0,0.11999999731779099,1,660.9193115234375,276.88006591796875,0.5590220093727112
635,-800.0,False,True,False,0.0,0.11999999731779099,1,0.0,193.35263061523438,0.5590220093727112
636,-800.0,False,True,False,0.0,0.11999999731779099,1,661.380859375,392.4175720214844,0.558671772480011
637,-800.0,False,True,False,0.0,0.11999999731779099,1,0.0,790.9292602539062,0.558671772480011
638,-800.0,False,True,False,0.0,0.11999999731779099,1,661.02294921875,312.3299560546875,0.5583221316337585
639,-800.0,False,True,False,0.0,0.11999999731779099,1,0.0,431.73419189453125,0.5583221316337585
640,-800.0,False,True,False,0.0,0.11999999731779099,1,656.5984497070312,316.78485107421875,0.5579735040664673
641,-800.0,False,True,False,0.0,0.11999999731779099,1,0.0,506.545166015625,0.5579735040664673
642,-800.0,False,True,False,0.0,0.11999999731779099,1,662.7454833984375,533.6762084960938,0.5576289296150208
643,-800.0,False,True,False,0.0,0.11999999731779099,1,0.0,387.5899658203125,0.5576289296150208
644,-865.119540133621,False,True,False,0.011475343802717605,0.11999999731779099,14,0.0,518.4609375,0.5552737712860107
645,-800.0,False,True,False,0.0,0.11999999731779099,1,655.766845703125,206.87252807617188,0.5549418926239014
646,-800.0,False,True,False,0.0,0.11999999731779099,1,0.0,385.0975646972656,0.5549418926239014
647,-800.0,False,True,False,0.0,0.11999999731779099,1,651.8370361328125,1109.195556640625,0.5546066761016846
648,-800.0,False,True,False,0.0,0.11999999731779099,1,0.0,511.316162109375,0.5546066761016846
649,-800.0,False,True,False,0.0,0.11999999731779099,1,658.2723388671875,205.93777465820312,0.554271399974823
650,-800.0,False,True,False,0.0,0.11999999731779099,1,0.0,443.740234375,0.554271399974823
651,-800.0,False,True,False,0.0,0.11999999731779099,1,650.9363403320312,486.98492431640625,0.5539358258247375
652,-800.0,False,True,False,0.0,0.11999999731779099,1,0.0,209.074462890625,0.5539358258247375
653,-800.0,False,True,False,0.0,0.11999999731779099,1,655.3728637695312,543.3837890625,0.5536019206047058
654,-800.0,False,True,False,0.0,0.11999999731779099,1,0.0,474.68212890625,0.5536019206047058
655,-800.0,False,True,False,0.0,0.11999999731779099,1,653.26806640625,331.33343505859375,0.5532698035240173
656,-800.0,False,True,False,0.0,0.11999999731779099,1,0.0,301.23919677734375,0.5532698035240173
657,-800.0,False,True,False,0.0,0.11999999731779099,1,651.1444091796875,141.5111083984375,0.5529353618621826
658,-800.0,False,True,False,0.0,0.11999999731779099,1,0.0,505.15625,0.5529353618621826
659,-800.0,False,True,False,0.0,0.11999999731779099,1,657.9453735351562,274.921630859375,0.5526033043861389
660,-800.0,False,True,False,0.0,0.11999999731779099,1,0.0,478.4248046875,0.5526033043861389
661,-800.0,False,True,False,0.0,0.11999999731779099,1,657.833251953125,253.39266967773438,0.5522728562355042
662,-800.0,False,True,False,0.0,0.11999999731779099,1,0.0,624.7651977539062,0.5522728562355042
663,-800.0,False,True,False,0.0,0.11999999731779099,1,651.05322265625,625.9102172851562,0.5519344806671143
664,-800.0,False,True,False,0.0,0.11999999731779099,1,0.0,394.4980163574219,0.5519344806671143
665,-800.0,False,True,False,0.0,0.11999999731779099,1,652.2197265625,460.1031494140625,0.5515937209129333
666,-800.0,False,True,False,0.0,0.11999999731779099,1,0.0,309.9329833984375,0.5515937209129333
667,-800.0,False,True,False,0.0,0.11999999731779099,1,653.24853515625,495.623779296875,0.551251232624054
668,-800.0,False,True,False,0.0,0.11999999731779099,1,0.0,218.24893188476562,0.551251232624054
669,-800.0,False,True,False,0.0,0.11999999731779099,1,653.2999267578125,316.36761474609375,0.5509086847305298
670,-800.0,False,True,False,0.0,0.11999999731779099,1,0.0,406.68280029296875,0.5509086847305298
671,-800.0,False,True,False,0.0,0.11999999731779099,1,658.2142333984375,586.1727294921875,0.550569474697113
672,-800.0,False,True,False,0.0,0.11999999731779099,1,0.0,409.9438781738281,0.550569474697113
673,-800.0,False,True,False,0.0,0.11999999731779099,1,641.1051025390625,485.9951171875,0.5502352714538574
674,-800.0,False,True,False,0.0,0.11999999731779099,1,0.0,240.66448974609375,0.5502352714538574
675,-800.0,False,True,False,0.0,0.11999999731779099,1,654.85009765625,159.67807006835938,0.5499042868614197
676,-800.0,False,True,False,0.0,0.11999999731779099,1,0.0,274.62371826171875,0.5499042868614197
677,-800.0,False,True,False,0.0,0.11999999731779099,1,651.7681274414062,253.6654052734375,0.5495766997337341
678,-800.0,False,True,False,0.0,0.11999999731779099,1,0.0,471.31103515625,0.5495766997337341
679,-800.0,False,True,False,0.0,0.11999999731779099,1,650.1956176757812,397.13311767578125,0.5492467284202576
680,-800.0,False,True,False,0.0,0.11999999731779099,1,0.0,376.68896484375,0.5492467284202576
681,-800.0,False,True,False,0.0,0.11999999731779099,1,661.84912109375,451.06536865234375,0.5489205121994019
682,-800.0,False,True,False,0.0,0.11999999731779099,1,0.0,231.9515380859375,0.5489205121994019
683,-800.0,False,True,False,0.0,0.11999999731779099,1,657.395751953125,302.34490966796875,0.5485952496528625
684,-800.0,False,True,False,0.0,0.11999999731779099,1,0.0,371.39764404296875,0.5485952496528625
685,-800.0,False,True,False,0.0,0.11999999731779099,1,652.9843139648438,675.0068359375,0.5482689738273621
686,-800.0,False,True,False,0.0,0.11999999731779099,1,0.0,176.08547973632812,0.5482689738273621
687,-800.0,False,True,False,0.0,0.11999999731779099,1,650.4968872070312,483.9284362792969,0.5479425191879272
688,-800.0,False,True,False,0.0,0.11999999731779099,1,0.0,410.29638671875,0.5479425191879272
689,-800.0,False,True,False,0.0,0.11999999731779099,1,643.1763916015625,338.87811279296875,0.5476181507110596
690,-800.0,False,True,False,0.0,0.11999999731779099,1,0.0,243.95986938476562,0.5476181507110596
691,-800.0,False,True,False,0.0,0.11999999731779099,1,660.4017333984375,378.0728759765625,0.547298014163971
692,-800.0,False,True,False,0.0,0.11999999731779099,1,0.0,686.9884033203125,0.547298014163971
693,-800.0,False,True,False,0.0,0.11999999731779099,1,653.473876953125,394.02911376953125,0.5469720959663391
694,-800.0,False,True,False,0.0,0.11999999731779099,1,0.0,505.1407470703125,0.5469720959663391
695,-800.0,False,True,False,0.0,0.11999999731779099,1,659.8534545898438,367.44525146484375,0.5466442704200745
696,-800.0,False,True,False,0.0,0.11999999731779099,1,0.0,431.8463134765625,0.5466442704200745
697,-800.0,False,True,False,0.0,0.11999999731779099,1,650.8523559570312,766.1728515625,0.5463165044784546
698,-800.0,False,True,False,0.0,0.11999999731779099,1,0.0,226.67816162109375,0.5463165044784546
699,-800.0,False,True,False,0.0,0.11999999731779099,1,655.037353515625,409.6676940917969,0.545988142490387
700,-800.0,False,True,False,0.0,0.11999999731779099,1,0.0,265.4527893066406,0.545988142490387
701,-800.0,False,True,False,0.0,0.11999999731779099,1,663.6849365234375,223.5126953125,0.5456583499908447
702,-800.0,False,True,False,0.0,0.11999999731779099,1,0.0,205.9368133544922,0.5456583499908447
703,-800.0,False,True,False,0.0,0.11999999731779099,1,650.1378784179688,463.9892272949219,0.5453287363052368
704,-800.0,False,True,False,0.0,0.11999999731779099,1,0.0,433.6873474121094,0.5453287363052368
705,-800.0,False,True,False,0.0,0.11999999731779099,1,657.1864624023438,497.947998046875,0.5449967980384827
706,-800.0,False,True,False,0.0,0.11999999731779099,1,0.0,404.16156005859375,0.5449967980384827
707,-800.0,False,True,False,0.0,0.11999999731779099,1,656.056396484375,364.0018615722656,0.5446639657020569
708,-800.0,False,True,False,0.0,0.11999999731779099,1,0.0,560.957275390625,0.5446639657020569
709,-800.0,False,True,False,0.0,0.11999999731779099,1,667.1468505859375,737.78076171875,0.5443313717842102
710,-800.0,False,True,False,0.0,0.11999999731779099,1,0.0,464.7733154296875,0.5443313717842102
711,-800.0,False,True,False,0.0,0.11999999731779099,1,661.841796875,381.12164306640625,0.5440041422843933
712,-800.0,False,True,False,0.0,0.11999999731779099,1,0.0,419.59356689453125,0.5440041422843933
713,-800.0,False,True,False,0.0,0.11999999731779099,1,650.2591552734375,386.0966796875,0.5436793565750122
714,-800.0,False,True,False,0.0,0.11999999731779099,1,0.0,386.32403564453125,0.5436793565750122
715,-800.0,False,True,False,0.0,0.11999999731779099,1,655.1287231445312,598.0951538085938,0.5433567762374878
716,-800.0,False,True,False,0.0,0.11999999731779099,1,0.0,399.14630126953125,0.5433567762374878
717,-800.0,False,True,False,0.0,0.11999999731779099,1,642.7265014648438,275.23284912109375,0.5430297255516052
718,-800.0,False,True,False,0.0,0.11999999731779099,1,0.0,316.08447265625,0.5430297255516052
719,-800.0,False,True,False,0.0,0.11999999731779099,1,657.282958984375,439.2429504394531,0.5427048206329346
720,-800.0,False,True,False,0.0,0.11999999731779099,1,0.0,413.6744384765625,0.5427048206329346
721,-800.0,False,True,False,0.0,0.11999999731779099,1,649.7215576171875,417.000732421875,0.5423771142959595
722,-800.0,False,True,False,0.0,0.11999999731779099,1,0.0,322.16094970703125,0.5423771142959595
723,-800.0,False,True,False,0.0,0.11999999731779099,1,657.3212280273438,283.4666748046875,0.5420516133308411
724,-800.0,False,True,False,0.0,0.11999999731779099,1,0.0,827.2724609375,0.5420516133308411
725,-800.0,False,True,False,0.0,0.11999999731779099,1,649.8800659179688,807.4298095703125,0.5417277216911316
726,-800.0,False,True,False,0.0,0.11999999731779099,1,0.0,493.77947998046875,0.5417277216911316
727,-800.0,False,True,False,0.0,0.11999999731779099,1,658.3624267578125,339.72552490234375,0.5414028167724609
728,-800.0,False,True,False,0.0,0.11999999731779099,1,0.0,300.8315124511719,0.5414028167724609
729,-800.0,False,True,False,0.0,0.11999999731779099,1,652.0730590820312,265.2770690917969,0.5410774350166321
730,-800.0,False,True,False,0.0,0.11999999731779099,1,0.0,339.2931823730469,0.5410774350166321
731,-800.0,False,True,False,0.0,0.11999999731779099,1,644.5631103515625,597.29296875,0.540749728679657
732,-800.0,False,True,False,0.0,0.11999999731779099,1,0.0,370.50335693359375,0.540749728679657
733,-800.0,False,True,False,0.0,0.11999999731779099,1,654.5518188476562,425.3833923339844,0.5404218435287476
734,-800.0,False,True,False,0.0,0.11999999731779099,1,0.0,233.25851440429688,0.5404218435287476
735,-800.0,False,True,False,0.0,0.11999999731779099,1,655.5726318359375,366.4495849609375,0.5400921702384949
736,-800.0,False,True,False,0.0,0.11999999731779099,1,0.0,688.5557861328125,0.5400921702384949
737,-800.0,False,True,False,0.0,0.11999999731779099,1,652.32763671875,706.4847412109375,0.5397635102272034
738,-800.0,False,True,False,0.0,0.11999999731779099,1,0.0,602.7560424804688,0.5397635102272034
739,-800.0,False,True,False,0.0,0.11999999731779099,1,659.4129028320312,345.5848388671875,0.5394319891929626
740,-800.0,False,True,False,0.0,0.11999999731779099,1,0.0,574.3682861328125,0.5394319891929626
741,-800.0,False,True,False,0.0,0.11999999731779099,1,649.6920166015625,424.6949462890625,0.5390986204147339
742,-800.0,False,True,False,0.0,0.11999999731779099,1,0.0,720.5755004882812,0.5390986204147339
743,-800.0,False,True,False,0.0,0.11999999731779099,1,663.6194458007812,472.1983642578125,0.5387687087059021
744,-800.0,False,True,False,0.0,0.11999999731779099,1,0.0,495.063720703125,0.5387687087059021
745,-800.0,False,True,False,0.0,0.11999999731779099,1,637.0632934570312,450.484130859375,0.5384438037872314
746,-800.0,False,True,False,0.0,0.11999999731779099,1,0.0,543.2380981445312,0.5384438037872314
747,-800.0,False,True,False,0.0,0.11999999731779099,1,670.6328735351562,240.73048400878906,0.5381207466125488
748,-800.0,False,True,False,0.0,0.11999999731779099,1,0.0,469.10308837890625,0.5381207466125488
749,-800.0,False,True,False,0.0,0.11999999731779099,1,644.9807739257812,561.74072265625,0.537799060344696
750,-800.0,False,True,False,0.0,0.11999999731779099,1,0.0,401.82672119140625,0.537799060344696
751,-800.0,False,True,False,0.0,0.11999999731779099,1,654.4248046875,238.3246612548828,0.5374733805656433
752,-800.0,False,True,False,0.0,0.11999999731779099,1,0.0,568.9647216796875,0.5374733805656433
753,-800.0,False,True,False,0.0,0.11999999731779099,1,647.1931762695312,482.79754638671875,0.5371405482292175
754,-800.0,False,True,False,0.0,0.11999999731779099,1,0.0,188.5203857421875,0.5371405482292175
755,-800.0,False,True,False,0.0,0.11999999731779099,1,641.384521484375,336.77935791015625,0.5368083119392395
756,-800.0,False,True,False,0.0,0.11999999731779099,1,0.0,240.63296508789062,0.5368083119392395
757,-800.0,False,True,False,0.0,0.11999999731779099,1,653.9103393554688,279.97674560546875,0.5364723801612854
758,-800.0,False,True,False,0.0,0.11999999731779099,1,0.0,419.677734375,0.5364723801612854
759,-800.0,False,True,False,0.0,0.11999999731779099,1,645.7997436523438,1045.4599609375,0.5361343622207642
760,-800.0,False,True,False,0.0,0.11999999731779099,1,0.0,261.439697265625,0.5361343622207642
761,-800.0,False,True,False,0.0,0.11999999731779099,1,651.9323120117188,472.6220703125,0.535792887210846
762,-800.0,False,True,False,0.0,0.11999999731779099,1,0.0,610.6995849609375,0.535792887210846
763,-800.0,False,True,False,0.0,0.11999999731779099,1,658.1447143554688,510.5548095703125,0.535449206829071
764,-800.0,False,True,False,0.0,0.11999999731779099,1,0.0,489.642333984375,0.535449206829071
765,-800.0,False,True,False,0.0,0.11999999731779099,1,647.7470092773438,433.2889404296875,0.5351016521453857
766,-800.0,False,True,False,0.0,0.11999999731779099,1,0.0,530.9180908203125,0.5351016521453857
767,-800.0,False,True,False,0.0,0.11999999731779099,1,652.216064453125,476.46923828125,0.5347491502761841
768,-800.0,False,True,False,0.0,0.11999999731779099,1,0.0,432.35125732421875,0.5347491502761841
769,-800.0,False,True,False,0.0,0.11999999731779099,1,661.5426025390625,203.66384887695312,0.534395694732666
770,-800.0,False,True,False,0.0,0.11999999731779099,1,0.0,208.0662841796875,0.534395694732666
771,-800.0,False,True,False,0.0,0.11999999731779099,1,652.5256958007812,380.04901123046875,0.5340419411659241
772,-800.0,False,True,False,0.0,0.11999999731779099,1,0.0,612.3242797851562,0.5340419411659241
773,-800.0,False,True,False,0.0,0.11999999731779099,1,653.1796875,411.15753173828125,0.5336883068084717
774,-800.0,False,True,False,0.0,0.11999999731779099,1,0.0,352.8055419921875,0.5336883068084717
775,-800.0,False,True,False,0.0,0.11999999731779099,1,658.8286743164062,345.9278564453125,0.5333377122879028
776,-800.0,False,True,False,0.0,0.11999999731779099,1,0.0,454.387451171875,0.5333377122879028
777,-800.0,False,True,False,0.0,0.11999999731779099,1,646.6300659179688,573.9503173828125,0.5329937934875488
778,-800.0,False,True,False,0.0,0.11999999731779099,1,0.0,327.43804931640625,0.5329937934875488
779,-800.0,False,True,False,0.0,0.11999999731779099,1,662.2566528320312,683.9274291992188,0.5326518416404724
780,-800.0,False,True,False,0.0,0.11999999731779099,1,0.0,537.100830078125,0.5326518416404724
781,-800.0,False,True,False,0.0,0.11999999731779099,1,648.8680419921875,267.3756408691406,0.5323114991188049
782,-800.0,False,True,False,0.0,0.11999999731779099,1,0.0,688.0372314453125,0.5323114991188049
783,-800.0,False,True,False,0.0,0.11999999731779099,1,659.7640380859375,379.15826416015625,0.531966507434845
784,-800.0,False,True,False,0.0,0.11999999731779099,1,0.0,465.8145446777344,0.531966507434845
785,-800.0,False,True,False,0.0,0.11999999731779099,1,656.4057006835938,333.34375,0.5316233038902283
786,-800.0,False,True,False,0.0,0.11999999731779099,1,0.0,582.0888671875,0.5316233038902283
787,-800.0,False,True,False,0.0,0.11999999731779099,1,662.1961669921875,330.01751708984375,0.5312816500663757
788,-800.0,False,True,False,0.0,0.11999999731779099,1,0.0,174.80996704101562,0.5312816500663757
789,-800.0,False,True,False,0.0,0.11999999731779099,1,661.5762329101562,402.1259765625,0.5309392213821411
790,-800.0,False,True,False,0.0,0.11999999731779099,1,0.0,675.85400390625,0.5309392213821411
791,-800.0,False,True,False,0.0,0.11999999731779099,1,663.62646484375,479.95208740234375,0.5305970311164856
792,-800.0,False,True,False,0.0,0.11999999731779099,1,0.0,548.2256469726562,0.5305970311164856
793,-800.0,False,True,False,0.0,0.11999999731779099,1,656.4320068359375,401.9888610839844,0.5302545428276062
794,-800.0,False,True,False,0.0,0.11999999731779099,1,0.0,155.1793670654297,0.5302545428276062
795,-800.0,False,True,False,0.0,0.11999999731779099,1,652.4951171875,410.5128173828125,0.5299111008644104
796,-800.0,False,True,False,0.0,0.11999999731779099,1,0.0,457.0902099609375,0.5299111008644104
797,-800.0,False,True,False,0.0,0.11999999731779099,1,664.0068969726562,532.1881103515625,0.529568076133728
798,-800.0,False,True,False,0.0,0.11999999731779099,1,0.0,386.1215515136719,0.529568076133728
799,-800.0,False,True,False,0.0,0.11999999731779099,1,651.5621337890625,381.5355224609375,0.5292216539382935
800,-800.0,False,True,False,0.0,0.11999999731779099,1,0.0,417.19366455078125,0.5292216539382935
801,-800.0,False,True,False,0.0,0.11999999731779099,1,654.704833984375,287.4116516113281,0.5288753509521484
802,-800.0,False,True,False,0.0,0.11999999731779099,1,0.0,348.01824951171875,0.5288753509521484
803,-800.0,False,True,False,0.0,0.11999999731779099,1,662.1967163085938,400.28387451171875,0.5285282731056213
804,-800.0,False,True,False,0.0,0.11999999731779099,1,0.0,319.6904296875,0.5285282731056213
805,-800.0,False,True,False,0.0,0.11999999731779099,1,649.0054931640625,558.3306884765625,0.5281766057014465
806,-800.0,False,True,False,0.0,0.11999999731779099,1,0.0,335.53680419921875,0.5281766057014465
807,-800.0,False,True,False,0.0,0.11999999731779099,1,662.5781860351562,369.636962890625,0.5278273224830627
808,-800.0,False,True,False,0.0,0.11999999731779099,1,0.0,501.39801025390625,0.5278273224830627
809,-800.0,False,True,False,0.0,0.11999999731779099,1,648.6324462890625,306.9156494140625,0.5274765491485596
810,-800.0,False,True,False,0.0,0.11999999731779099,1,0.0,531.543212890625,0.5274765491485596
811,-800.0,False,True,False,0.0,0.11999999731779099,1,657.9714965820312,351.07476806640625,0.527129590511322
812,-800.0,False,True,False,0.0,0.11999999731779099,1,0.0,735.4661254882812,0.527129590511322
813,-800.0,False,True,False,0.0,0.11999999731779099,1,648.7908325195312,401.8365783691406,0.5267857313156128
814,-800.0,False,True,False,0.0,0.11999999731779099,1,0.0,424.50830078125,0.5267857313156128
815,-800.0,False,True,False,0.0,0.11999999731779099,1,657.720947265625,253.12908935546875,0.5264421105384827
816,-800.0,False,True,False,0.0,0.11999999731779099,1,0.0,268.0725402832031,0.5264421105384827
817,-800.0,False,True,False,0.0,0.11999999731779099,1,657.3312377929688,261.1461181640625,0.5260945558547974
818,-800.0,False,True,False,0.0,0.11999999731779099,1,0.0,229.67022705078125,0.5260945558547974
819,-800.0,False,True,False,0.0,0.11999999731779099,1,660.3720092773438,537.83203125,0.5257524847984314
820,-800.0,False,True,False,0.0,0.11999999731779099,1,0.0,194.76531982421875,0.5257524847984314
821,-800.0,False,True,False,0.0,0.11999999731779099,1,656.4776611328125,911.7259521484375,0.5254092216491699
822,-800.0,False,True,False,0.0,0.11999999731779099,1,0.0,303.09295654296875,0.5254092216491699
823,-800.0,False,True,False,0.0,0.11999999731779099,1,653.4029541015625,457.85516357421875,0.5250691175460815
824,-800.0,False,True,False,0.0,0.11999999731779099,1,0.0,245.15655517578125,0.5250691175460815
825,-800.0,False,True,False,0.0,0.11999999731779099,1,665.996337890625,563.3138427734375,0.524728536605835
826,-800.0,False,True,False,0.0,0.11999999731779099,1,0.0,467.45123291015625,0.524728536605835
827,-800.0,False,True,False,0.0,0.11999999731779099,1,645.8252563476562,428.0937805175781,0.5243828296661377
828,-800.0,False,True,False,0.0,0.11999999731779099,1,0.0,557.4871826171875,0.5243828296661377
829,-800.0,False,True,False,0.0,0.11999999731779099,1,666.857177734375,481.80023193359375,0.5240344405174255
830,-800.0,False,True,False,0.0,0.11999999731779099,1,0.0,369.51348876953125,0.5240344405174255
831,-800.0,False,True,False,0.0,0.11999999731779099,1,655.0484008789062,356.22991943359375,0.5236855745315552
832,-800.0,False,True,False,0.0,0.11999999731779099,1,0.0,648.663818359375,0.5236855745315552
833,-800.0,False,True,False,0.0,0.11999999731779099,1,654.5901489257812,419.78631591796875,0.5233372449874878
834,-800.0,False,True,False,0.0,0.11999999731779099,1,0.0,145.22801208496094,0.5233372449874878
835,-800.0,False,True,False,0.0,0.11999999731779099,1,664.5804443359375,436.7138671875,0.5229922533035278
836,-800.0,False,True,False,0.0,0.11999999731779099,1,0.0,168.88795471191406,0.5229922533035278
837,-800.0,False,True,False,0.0,0.11999999731779099,1,647.3965454101562,493.5631103515625,0.5226469039916992
838,-800.0,False,True,False,0.0,0.11999999731779099,1,0.0,737.2466430664062,0.5226469039916992
839,-800.0,False,True,False,0.0,0.11999999731779099,1,660.6302490234375,476.7913818359375,0.5223058462142944
840,-800.0,False,True,False,0.0,0.11999999731779099,1,0.0,552.89306640625,0.5223058462142944
841,-800.0,False,True,False,0.0,0.11999999731779099,1,654.919677734375,439.97314453125,0.5219656229019165
842,-800.0,False,True,False,0.0,0.11999999731779099,1,0.0,548.5303955078125,0.5219656229019165
843,-800.0,False,True,False,0.0,0.11999999731779099,1,662.9475708007812,267.318359375,0.5216307044029236
844,-800.0,False,True,False,0.0,0.11999999731779099,1,0.0,491.1062927246094,0.5216307044029236
845,-800.0,False,True,False,0.0,0.11999999731779099,1,668.8817749023438,443.08941650390625,0.5212957262992859
846,-800.0,False,True,False,0.0,0.11999999731779099,1,0.0,498.43096923828125,0.5212957262992859
847,-800.0,False,True,False,0.0,0.11999999731779099,1,657.40478515625,493.5385437011719,0.520958662033081
848,-800.0,False,True,False,0.0,0.11999999731779099,1,0.0,461.98028564453125,0.520958662033081
849,-800.0,False,True,False,0.0,0.11999999731779099,1,659.154052734375,249.9050750732422,0.5206202268600464
850,-800.0,False,True,False,0.0,0.11999999731779099,1,0.0,187.19012451171875,0.5206202268600464
851,-800.0,False,True,False,0.0,0.11999999731779099,1,655.7982788085938,326.50921630859375,0.5202783346176147
852,-800.0,False,True,False,0.0,0.11999999731779099,1,0.0,629.0853271484375,0.5202783346176147
853,-800.0,False,True,False,0.0,0.11999999731779099,1,663.1143798828125,450.79681396484375,0.5199365615844727
854,-800.0,False,True,False,0.0,0.11999999731779099,1,0.0,276.7581481933594,0.5199365615844727
855,-800.0,False,True,False,0.0,0.11999999731779099,1,661.8766479492188,466.08197021484375,0.5195915102958679
856,-800.0,False,True,False,0.0,0.11999999731779099,1,0.0,472.935302734375,0.5195915102958679
857,-800.0,False,True,False,0.0,0.11999999731779099,1,661.2811889648438,303.16314697265625,0.5192366242408752
858,-800.0,False,True,False,0.0,0.11999999731779099,1,0.0,503.6426086425781,0.5192366242408752
859,-800.0,False,True,False,0.0,0.11999999731779099,1,668.7222900390625,319.87744140625,0.5188815593719482
860,-800.0,False,True,False,0.0,0.11999999731779099,1,0.0,272.17529296875,0.5188815593719482
861,-800.0,False,True,False,0.0,0.11999999731779099,1,663.60986328125,202.0384521484375,0.5185260772705078
862,-800.0,False,True,False,0.0,0.11999999731779099,1,0.0,601.931396484375,0.5185260772705078
863,-800.0,False,True,False,0.0,0.11999999731779099,1,658.4260864257812,343.5106201171875,0.5181687474250793
864,-800.0,False,True,False,0.0,0.11999999731779099,1,0.0,376.11651611328125,0.5181687474250793
865,-800.0,False,True,False,0.0,0.11999999731779099,1,669.3396606445312,321.1266174316406,0.5178129076957703
866,-800.0,False,True,False,0.0,0.11999999731779099,1,0.0,287.3741760253906,0.5178129076957703
867,-800.0,False,True,False,0.0,0.11999999731779099,1,655.4667358398438,345.1918029785156,0.5174572467803955
868,-800.0,False,True,False,0.0,0.11999999731779099,1,0.0,198.17530822753906,0.5174572467803955
869,-800.0,False,True,False,0.0,0.11999999731779099,1,665.1765747070312,340.965087890625,0.5170972943305969
870,-800.0,False,True,False,0.0,0.11999999731779099,1,0.0,456.5560302734375,0.5170972943305969
871,-800.0,False,True,False,0.0,0.11999999731779099,1,659.3429565429688,198.79019165039062,0.5167402029037476
872,-800.0,False,True,False,0.0,0.11999999731779099,1,0.0,500.88433837890625,0.5167402029037476
873,-800.0,False,True,False,0.0,0.11999999731779099,1,658.9286499023438,487.5971984863281,0.5163830518722534
874,-800.0,False,True,False,0.0,0.11999999731779099,1,0.0,288.66387939453125,0.5163830518722534
875,-800.0,False,True,False,0.0,0.11999999731779099,1,674.740966796875,283.7186584472656,0.5160266757011414
876,-800.0,False,True,False,0.0,0.11999999731779099,1,0.0,292.3182373046875,0.5160266757011414
877,-800.0,False,True,False,0.0,0.11999999731779099,1,655.4533081054688,493.27069091796875,0.5156702995300293
878,-800.0,False,True,False,0.0,0.11999999731779099,1,0.0,446.3734436035156,0.5156702995300293
879,-800.0,False,True,False,0.0,0.11999999731779099,1,662.0902099609375,420.0186767578125,0.515315592288971
880,-800.0,False,True,False,0.0,0.11999999731779099,1,0.0,453.3664855957031,0.515315592288971
881,-800.0,False,True,False,0.0,0.11999999731779099,1,662.7476806640625,591.5193481445312,0.5149637460708618
882,-800.0,False,True,False,0.0,0.11999999731779099,1,0.0,198.2371826171875,0.5149637460708618
883,-800.0,False,True,False,0.0,0.11999999731779099,1,656.4512329101562,498.1533203125,0.5146139860153198
884,-800.0,False,True,False,0.0,0.11999999731779099,1,0.0,154.24974060058594,0.5146139860153198
885,-800.0,False,True,False,0.0,0.11999999731779099,1,665.1437377929688,485.66241455078125,0.5142650604248047
886,-800.0,False,True,False,0.0,0.11999999731779099,1,0.0,346.32989501953125,0.5142650604248047
887,-800.0,False,True,False,0.0,0.11999999731779099,1,657.757080078125,505.37298583984375,0.5139145255088806
888,-800.0,False,True,False,0.0,0.11999999731779099,1,0.0,588.3936767578125,0.5139145255088806
889,-800.0,False,True,False,0.0,0.11999999731779099,1,664.2776489257812,505.52825927734375,0.5135623216629028
890,-800.0,False,True,False,0.0,0.11999999731779099,1,0.0,242.25564575195312,0.5135623216629028
891,-800.0,False,True,False,0.0,0.11999999731779099,1,664.80859375,435.71630859375,0.5132134556770325
892,-800.0,False,True,False,0.0,0.11999999731779099,1,0.0,495.5867004394531,0.5132134556770325
893,-800.0,False,True,False,0.0,0.11999999731779099,1,674.5769653320312,502.4463195800781,0.5128663182258606
894,-800.0,False,True,False,0.0,0.11999999731779099,1,0.0,268.0382080078125,0.5128663182258606
895,-800.0,False,True,False,0.0,0.11999999731779099,1,667.3319702148438,470.7437744140625,0.5125161409378052
896,-800.0,False,True,False,0.0,0.11999999731779099,1,0.0,539.8120727539062,0.5125161409378052
897,-800.0,False,True,False,0.0,0.11999999731779099,1,664.4745483398438,697.7305908203125,0.5121663212776184
898,-800.0,False,True,False,0.0,0.11999999731779099,1,0.0,579.6676635742188,0.5121663212776184
899,-800.0,False,True,False,0.0,0.11999999731779099,1,664.9009399414062,334.435546875,0.5118160247802734
900,-800.0,False,True,False,0.0,0.11999999731779099,1,0.0,388.205322265625,0.5118160247802734
901,-800.0,False,True,False,0.0,0.11999999731779099,1,665.1754150390625,146.91551208496094,0.5114660263061523
902,-800.0,False,True,False,0.0,0.11999999731779099,1,0.0,477.7391662597656,0.5114660263061523
903,-800.0,False,True,False,0.0,0.11999999731779099,1,666.4982299804688,410.6064453125,0.5111152529716492
904,-800.0,False,True,False,0.0,0.11999999731779099,1,0.0,164.1291046142578,0.5111152529716492
905,-800.0,False,True,False,0.0,0.11999999731779099,1,661.4065551757812,415.21453857421875,0.5107641816139221
906,-800.0,False,True,False,0.0,0.11999999731779099,1,0.0,466.94281005859375,0.5107641816139221
907,-800.0,False,True,False,0.0,0.11999999731779099,1,662.8448486328125,241.24142456054688,0.5104126334190369
908,-800.0,False,True,False,0.0,0.11999999731779099,1,0.0,313.409912109375,0.5104126334190369
909,-800.0,False,True,False,0.0,0.11999999731779099,1,672.1259155273438,195.4053955078125,0.5100610852241516
910,-800.0,False,True,False,0.0,0.11999999731779099,1,0.0,317.0104675292969,0.5100610852241516
911,-800.0,False,True,False,0.0,0.11999999731779099,1,659.2413940429688,455.22625732421875,0.5097078680992126
912,-800.0,False,True,False,0.0,0.11999999731779099,1,0.0,517.3338012695312,0.5097078680992126
913,-800.0,False,True,False,0.0,0.11999999731779099,1,669.4459228515625,313.9085388183594,0.509358286857605
914,-800.0,False,True,False,0.0,0.11999999731779099,1,0.0,339.9866943359375,0.509358286857605
915,-800.0,False,True,False,0.0,0.11999999731779099,1,674.5125122070312,405.05657958984375,0.5090070962905884
916,-800.0,False,True,False,0.0,0.11999999731779099,1,0.0,409.782470703125,0.5090070962905884
917,-800.0,False,True,False,0.0,0.11999999731779099,1,666.07080078125,228.24383544921875,0.5086594820022583
918,-800.0,False,True,False,0.0,0.11999999731779099,1,0.0,233.16554260253906,0.5086594820022583
919,-800.0,False,True,False,0.0,0.11999999731779099,1,654.0684204101562,224.5100860595703,0.5083168745040894
920,-800.0,False,True,False,0.0,0.11999999731779099,1,0.0,455.78839111328125,0.5083168745040894
921,-800.0,False,True,False,0.0,0.11999999731779099,1,656.81689453125,496.523193359375,0.5079740881919861
922,-800.0,False,True,False,0.0,0.11999999731779099,1,0.0,470.1864013671875,0.5079740881919861
923,-800.0,False,True,False,0.0,0.11999999731779099,1,658.6820068359375,508.27166748046875,0.5076351761817932
924,-800.0,False,True,False,0.0,0.11999999731779099,1,0.0,453.97723388671875,0.5076351761817932
925,-800.0,False,True,False,0.0,0.11999999731779099,1,659.3756103515625,506.17474365234375,0.5072986483573914
926,-800.0,False,True,False,0.0,0.11999999731779099,1,0.0,533.0018310546875,0.5072986483573914
927,-800.0,False,True,False,0.0,0.11999999731779099,1,663.548095703125,220.32350158691406,0.5069610476493835
928,-800.0,False,True,False,0.0,0.11999999731779099,1,0.0,214.63711547851562,0.5069610476493835
929,-800.0,False,True,False,0.0,0.11999999731779099,1,659.2631225585938,346.33599853515625,0.5066248774528503
930,-800.0,False,True,False,0.0,0.11999999731779099,1,0.0,346.792236328125,0.5066248774528503
931,-800.0,False,True,False,0.0,0.11999999731779099,1,659.2882080078125,391.9265441894531,0.5062903165817261
932,-800.0,False,True,False,0.0,0.11999999731779099,1,0.0,489.4073486328125,0.5062903165817261
933,-800.0,False,True,False,0.0,0.11999999731779099,1,658.1968994140625,594.487060546875,0.505957841873169
934,-800.0,False,True,False,0.0,0.11999999731779099,1,0.0,384.4939880371094,0.505957841873169
935,-800.0,False,True,False,0.0,0.11999999731779099,1,667.1057739257812,596.1202392578125,0.5056241154670715
936,-800.0,False,True,False,0.0,0.11999999731779099,1,0.0,595.7573852539062,0.5056241154670715
937,-800.0,False,True,False,0.0,0.11999999731779099,1,665.87744140625,496.41351318359375,0.505287230014801
938,-800.0,False,True,False,0.0,0.11999999731779099,1,0.0,372.3253173828125,0.505287230014801
939,-800.0,False,True,False,0.0,0.11999999731779099,1,667.3526611328125,297.88232421875,0.504951536655426
940,-800.0,False,True,False,0.0,0.11999999731779099,1,0.0,253.17340087890625,0.504951536655426
941,-800.0,False,True,False,0.0,0.11999999731779099,1,662.0443725585938,407.861572265625,0.5046209692955017
942,-800.0,False,True,False,0.0,0.11999999731779099,1,0.0,366.0311279296875,0.5046209692955017
943,-800.0,False,True,False,0.0,0.11999999731779099,1,667.3507690429688,291.256591796875,0.5042931437492371
944,-820.0175117415065,False,True,False,0.0015581203455035896,0.11999999731779099,5,0.0,261.96710205078125,0.5036287307739258
945,-800.0,False,True,False,0.0,0.11999999731779099,1,656.1255493164062,237.92999267578125,0.5032979846000671
946,-800.0,False,True,False,0.0,0.11999999731779099,1,0.0,418.7156982421875,0.5032979846000671
947,-800.0,False,True,False,0.0,0.11999999731779099,1,674.12158203125,441.03173828125,0.5029664039611816
948,-800.0,False,True,False,0.0,0.11999999731779099,1,0.0,666.9116821289062,0.5029664039611816
949,-800.0,False,True,False,0.0,0.11999999731779099,1,666.0870361328125,417.75531005859375,0.5026395320892334
950,-800.0,False,True,False,0.0,0.11999999731779099,1,0.0,353.865478515625,0.5026395320892334
951,-800.0,False,True,False,0.0,0.11999999731779099,1,660.2418823242188,657.7579345703125,0.5023185014724731
952,-800.0,False,True,False,0.0,0.11999999731779099,1,0.0,395.13848876953125,0.5023185014724731
953,-800.0,False,True,False,0.0,0.11999999731779099,1,660.14208984375,521.4121704101562,0.5019946694374084
954,-800.0,False,True,False,0.0,0.11999999731779099,1,0.0,900.748046875,0.5019946694374084
955,-800.0,False,True,False,0.0,0.11999999731779099,1,669.5745239257812,433.562255859375,0.5016724467277527
956,-800.0,False,True,False,0.0,0.11999999731779099,1,0.0,376.28692626953125,0.5016724467277527
957,-800.0,False,True,False,0.0,0.11999999731779099,1,650.5625,67.30663299560547,0.5013499855995178
958,-800.0,False,True,False,0.0,0.11999999731779099,1,0.0,117.73397827148438,0.5013499855995178
959,-800.0,False,True,False,0.0,0.11999999731779099,1,665.8096923828125,584.6727294921875,0.5010297298431396
960,-800.0,False,True,False,0.0,0.11999999731779099,1,0.0,159.49563598632812,0.5010297298431396
961,-800.0,False,True,False,0.0,0.11999999731779099,1,670.1763916015625,475.88287353515625,0.5007119178771973
962,-800.0,False,True,False,0.0,0.11999999731779099,1,0.0,483.677734375,0.5007119178771973
963,-800.0,False,True,False,0.0,0.11999999731779099,1,655.7140502929688,730.7999267578125,0.5003955960273743
964,-800.0,False,True,False,0.0,0.11999999731779099,1,0.0,289.57818603515625,0.5003955960273743
965,-800.0,False,True,False,0.0,0.11999999731779099,1,670.8640747070312,514.5032348632812,0.5000790953636169
966,-800.0,False,True,False,0.0,0.11999999731779099,1,0.0,433.9322509765625,0.5000790953636169
967,-800.0,False,True,False,0.0,0.11999999731779099,1,647.4779052734375,424.38873291015625,0.49976497888565063
968,-800.0,False,True,False,0.0,0.11999999731779099,1,0.0,346.629638671875,0.49976497888565063
969,-800.0,False,True,False,0.0,0.11999999731779099,1,658.8936767578125,491.44500732421875,0.49944964051246643
970,-800.0,False,True,False,0.0,0.11999999731779099,1,0.0,444.9689636230469,0.49944964051246643
971,-800.0,False,True,False,0.0,0.11999999731779099,1,654.9756469726562,202.1086883544922,0.4991305470466614
972,-800.0,False,True,False,0.0,0.11999999731779099,1,0.0,285.44683837890625,0.4991305470466614
973,-800.0,False,True,False,0.0,0.11999999731779099,1,656.71533203125,298.5947570800781,0.4988105297088623
974,-800.0,False,True,False,0.0,0.11999999731779099,1,0.0,202.2230682373047,0.4988105297088623
975,-800.0,False,True,False,0.0,0.11999999731779099,1,660.1673583984375,215.98406982421875,0.4984920024871826
976,-800.0,False,True,False,0.0,0.11999999731779099,1,0.0,347.4051208496094,0.4984920024871826
977,-800.0,False,True,False,0.0,0.11999999731779099,1,666.1426391601562,256.8557434082031,0.49817368388175964
978,-800.0,False,True,False,0.0,0.11999999731779099,1,0.0,815.2271728515625,0.49817368388175964
979,-800.0,False,True,False,0.0,0.11999999731779099,1,653.508544921875,339.13604736328125,0.49786028265953064
980,-800.0,False,True,False,0.0,0.11999999731779099,1,0.0,413.3050842285156,0.49786028265953064
981,-800.0,False,True,False,0.0,0.11999999731779099,1,669.429931640625,257.8454284667969,0.4975524842739105
982,-800.0,False,True,False,0.0,0.11999999731779099,1,0.0,435.10760498046875,0.4975524842739105
983,-800.0,False,True,False,0.0,0.11999999731779099,1,658.3721313476562,289.93536376953125,0.49724504351615906
984,-800.0,False,True,False,0.0,0.11999999731779099,1,0.0,198.90029907226562,0.49724504351615906
985,-800.0,False,True,False,0.0,0.11999999731779099,1,663.3450927734375,248.82266235351562,0.49694034457206726
986,-800.0,False,True,False,0.0,0.11999999731779099,1,0.0,220.5338897705078,0.49694034457206726
987,-800.0,False,True,False,0.0,0.11999999731779099,1,659.1832275390625,390.92620849609375,0.4966370761394501
988,-800.0,False,True,False,0.0,0.11999999731779099,1,0.0,440.81585693359375,0.4966370761394501
989,-800.0,False,True,False,0.0,0.11999999731779099,1,662.9827270507812,152.83859252929688,0.49633413553237915
990,-800.0,False,True,False,0.0,0.11999999731779099,1,0.0,167.23928833007812,0.49633413553237915
991,-800.0,False,True,False,0.0,0.11999999731779099,1,661.4827270507812,343.2389221191406,0.4960334300994873
992,-800.0,False,True,False,0.0,0.11999999731779099,1,0.0,254.78567504882812,0.4960334300994873
993,-800.0,False,True,False,0.0,0.11999999731779099,1,662.4410400390625,215.79922485351562,0.49572858214378357
994,-800.0,False,True,False,0.0,0.11999999731779099,1,0.0,299.3209228515625,0.49572858214378357
995,-800.0,False,True,False,0.0,0.11999999731779099,1,660.0755615234375,492.8939208984375,0.4954228103160858
996,-800.0,False,True,False,0.0,0.11999999731779099,1,0.0,449.9139404296875,0.4954228103160858
997,-800.0,False,True,False,0.0,0.11999999731779099,1,657.9865112304688,173.79299926757812,0.49511608481407166
998,-800.0,False,True,False,0.0,0.11999999731779099,1,0.0,122.2740478515625,0.49511608481407166
999,-800.0,False,True,False,0.0,0.11999999731779099,1,656.3527221679688,694.8139038085938,0.49480652809143066
1000,-800.0,False,True,False,0.0,0.11999999731779099,1,0.0,205.23178100585938,0.49480652809143066
1001,-800.0,False,True,False,0.0,0.11999999731779099,1,656.5200805664062,363.90301513671875,0.49449917674064636
1002,-800.0,False,True,False,0.0,0.11999999731779099,1,0.0,339.54669189453125,0.49449917674064636
1003,-800.0,False,True,False,0.0,0.11999999731779099,1,657.9729614257812,229.22021484375,0.49419349431991577
1004,-800.0,False,True,False,0.0,0.11999999731779099,1,0.0,213.10809326171875,0.49419349431991577
1005,-800.0,False,True,False,0.0,0.11999999731779099,1,658.1154174804688,239.62928771972656,0.4938860237598419
1006,-800.0,False,True,False,0.0,0.11999999731779099,1,0.0,705.9644775390625,0.4938860237598419
1007,-800.0,False,True,False,0.0,0.11999999731779099,1,651.6997680664062,265.15673828125,0.4935765266418457
1008,-800.0,False,True,False,0.0,0.11999999731779099,1,0.0,125.10630798339844,0.4935765266418457
1009,-800.0,False,True,False,0.0,0.11999999731779099,1,660.7831420898438,431.509765625,0.4932672679424286
1010,-800.0,False,True,False,0.0,0.11999999731779099,1,0.0,289.47991943359375,0.4932672679424286
1011,-800.0,False,True,False,0.0,0.11999999731779099,1,663.6408081054688,370.69122314453125,0.49295344948768616
1012,-800.0,False,True,False,0.0,0.11999999731779099,1,0.0,507.659912109375,0.49295344948768616
1013,-800.0,False,True,False,0.0,0.11999999731779099,1,655.9255981445312,423.09625244140625,0.492641419172287
1014,-800.0,False,True,False,0.0,0.11999999731779099,1,0.0,134.48080444335938,0.492641419172287
1015,-800.0,False,True,False,0.0,0.11999999731779099,1,669.0093994140625,468.12847900390625,0.4923282563686371
1016,-800.0,False,True,False,0.0,0.11999999731779099,1,0.0,419.30535888671875,0.4923282563686371
1017,-800.0,False,True,False,0.0,0.11999999731779099,1,653.7979125976562,170.12005615234375,0.4920161962509155
1018,-800.0,False,True,False,0.0,0.11999999731779099,1,0.0,371.3934326171875,0.4920161962509155
1019,-800.0,False,True,False,0.0,0.11999999731779099,1,668.6016235351562,325.67340087890625,0.4917020797729492
1020,-800.0,False,True,False,0.0,0.11999999731779099,1,0.0,325.41119384765625,0.4917020797729492
1021,-800.0,False,True,False,0.0,0.11999999731779099,1,663.818603515625,203.55044555664062,0.4913906455039978
1022,-800.0,False,True,False,0.0,0.11999999731779099,1,0.0,164.2779998779297,0.4913906455039978
1023,-800.0,False,True,False,0.0,0.11999999731779099,1,663.9490356445312,270.3448181152344,0.4910815954208374
1024,-800.0,False,True,False,0.0,0.11999999731779099,1,0.0,414.10235595703125,0.4910815954208374
1025,-800.0,False,True,False,0.0,0.11999999731779099,1,663.631591796875,206.88015747070312,0.4907739460468292
1026,-800.0,False,True,False,0.0,0.11999999731779099,1,0.0,210.5228271484375,0.4907739460468292
1027,-800.0,False,True,False,0.0,0.11999999731779099,1,655.5448608398438,514.07275390625,0.49046581983566284
1028,-800.0,False,True,False,0.0,0.11999999731779099,1,0.0,523.5189208984375,0.49046581983566284
1029,-800.0,False,True,False,0.0,0.11999999731779099,1,656.183349609375,246.32818603515625,0.4901582598686218
1030,-800.0,False,True,False,0.0,0.11999999731779099,1,0.0,395.9364013671875,0.4901582598686218
1031,-800.0,False,True,False,0.0,0.11999999731779099,1,664.17529296875,470.64544677734375,0.4898530840873718
1032,-800.0,False,True,False,0.0,0.11999999731779099,1,0.0,283.3703308105469,0.4898530840873718
1033,-800.0,False,True,False,0.0,0.11999999731779099,1,661.7234497070312,510.33367919921875,0.4895459711551666
1034,-800.0,False,True,False,0.0,0.11999999731779099,1,0.0,408.6993408203125,0.4895459711551666
1035,-800.0,False,True,False,0.0,0.11999999731779099,1,657.692138671875,422.467041015625,0.4892325699329376
1036,-800.0,False,True,False,0.0,0.11999999731779099,1,0.0,173.37197875976562,0.4892325699329376
1037,-800.0,False,True,False,0.0,0.11999999731779099,1,653.7693481445312,329.99810791015625,0.4889162480831146
1038,-800.0,False,True,False,0.0,0.11999999731779099,1,0.0,355.9420166015625,0.4889162480831146
1039,-800.0,False,True,False,0.0,0.11999999731779099,1,662.4265747070312,217.49642944335938,0.48859551548957825
1040,-800.0,False,True,False,0.0,0.11999999731779099,1,0.0,338.3070068359375,0.48859551548957825
1041,-800.0,False,True,False,0.0,0.11999999731779099,1,668.3602905273438,134.42425537109375,0.4882694184780121
1042,-800.0,False,True,False,0.0,0.11999999731779099,1,0.0,276.9676513671875,0.4882694184780121
1043,-800.0,False,True,False,0.0,0.11999999731779099,1,662.5061645507812,341.13751220703125,0.48794472217559814
1044,-800.0,False,True,False,0.0,0.11999999731779099,1,0.0,307.6715087890625,0.48794472217559814
1045,-800.0,False,True,False,0.0,0.11999999731779099,1,661.3406982421875,199.85989379882812,0.48761990666389465
1046,-800.0,False,True,False,0.0,0.11999999731779099,1,0.0,672.152099609375,0.48761990666389465
1047,-800.0,False,True,False,0.0,0.11999999731779099,1,672.3941650390625,214.28268432617188,0.48729363083839417
1048,-800.0,False,True,False,0.0,0.11999999731779099,1,0.0,512.5730590820312,0.48729363083839417
1049,-800.0,False,True,False,0.0,0.11999999731779099,1,656.9512329101562,284.3690185546875,0.4869728982448578
1050,-800.0,False,True,False,0.0,0.11999999731779099,1,0.0,455.8848876953125,0.4869728982448578
1051,-800.0,False,True,False,0.0,0.11999999731779099,1,661.2111206054688,272.03729248046875,0.4866531491279602
1052,-800.0,False,True,False,0.0,0.11999999731779099,1,0.0,140.83511352539062,0.4866531491279602
1053,-800.0,False,True,False,0.0,0.11999999731779099,1,662.5211791992188,150.6309814453125,0.48633527755737305
1054,-800.0,False,True,False,0.0,0.11999999731779099,1,0.0,308.4688720703125,0.48633527755737305
1055,-800.0,False,True,False,0.0,0.11999999731779099,1,655.7360229492188,173.87454223632812,0.4860180914402008
1056,-800.0,False,True,False,0.0,0.11999999731779099,1,0.0,236.89569091796875,0.4860180914402008
1057,-800.0,False,True,False,0.0,0.11999999731779099,1,661.9586181640625,256.64361572265625,0.48570409417152405
1058,-800.0,False,True,False,0.0,0.11999999731779099,1,0.0,366.0503234863281,0.48570409417152405
1059,-800.0,False,True,False,0.0,0.11999999731779099,1,661.4718627929688,223.39013671875,0.48538997769355774
1060,-800.0,False,True,False,0.0,0.11999999731779099,1,0.0,152.78208923339844,0.48538997769355774
1061,-800.0,False,True,False,0.0,0.11999999731779099,1,655.1959228515625,397.07403564453125,0.4850783944129944
1062,-800.0,False,True,False,0.0,0.11999999731779099,1,0.0,501.3360595703125,0.4850783944129944
1063,-800.0,False,True,False,0.0,0.11999999731779099,1,669.4188232421875,194.6368408203125,0.48476314544677734
1064,-800.0,False,True,False,0.0,0.11999999731779099,1,0.0,294.70452880859375,0.48476314544677734
1065,-800.0,False,True,False,0.0,0.11999999731779099,1,660.990478515625,346.73638916015625,0.4844452440738678
1066,-800.0,False,True,False,0.0,0.11999999731779099,1,0.0,684.80322265625,0.4844452440738678
1067,-800.0,False,True,False,0.0,0.11999999731779099,1,658.3115844726562,420.84130859375,0.4841230809688568
1068,-800.0,False,True,False,0.0,0.11999999731779099,1,0.0,312.517333984375,0.4841230809688568
1069,-800.0,False,True,False,0.0,0.11999999731779099,1,656.2218627929688,610.4627685546875,0.4837994873523712
1070,-800.0,False,True,False,0.0,0.11999999731779099,1,0.0,308.96881103515625,0.4837994873523712
1071,-800.0,False,True,False,0.0,0.11999999731779099,1,661.88427734375,305.66845703125,0.48347365856170654
1072,-800.0,False,True,False,0.0,0.11999999731779099,1,0.0,492.40191650390625,0.48347365856170654
1073,-800.0,False,True,False,0.0,0.11999999731779099,1,672.6867065429688,356.9287109375,0.48314905166625977
1074,-800.0,False,True,False,0.0,0.11999999731779099,1,0.0,411.5565185546875,0.48314905166625977
1075,-800.0,False,True,False,0.0,0.11999999731779099,1,650.7921142578125,208.48593139648438,0.4828222393989563
1076,-800.0,False,True,False,0.0,0.11999999731779099,1,0.0,200.8793182373047,0.4828222393989563
1077,-800.0,False,True,False,0.0,0.11999999731779099,1,665.816162109375,529.8773193359375,0.48249343037605286
1078,-800.0,False,True,False,0.0,0.11999999731779099,1,0.0,244.57870483398438,0.48249343037605286
1079,-800.0,False,True,False,0.0,0.11999999731779099,1,659.0557861328125,233.44024658203125,0.4821661710739136
1080,-800.0,False,True,False,0.0,0.11999999731779099,1,0.0,174.4979248046875,0.4821661710739136
1081,-800.0,False,True,False,0.0,0.11999999731779099,1,660.337646484375,470.63037109375,0.4818393588066101
1082,-800.0,False,True,False,0.0,0.11999999731779099,1,0.0,177.4090576171875,0.4818393588066101
1083,-800.0,False,True,False,0.0,0.11999999731779099,1,664.077880859375,425.59893798828125,0.48151248693466187
1084,-800.0,False,True,False,0.0,0.11999999731779099,1,0.0,258.7239990234375,0.48151248693466187
1085,-800.0,False,True,False,0.0,0.11999999731779099,1,659.1925048828125,375.23046875,0.4811845123767853
1086,-800.0,False,True,False,0.0,0.11999999731779099,1,0.0,431.54400634765625,0.4811845123767853
1087,-800.0,False,True,False,0.0,0.11999999731779099,1,660.5387573242188,312.3978271484375,0.4808609187602997
1088,-800.0,False,True,False,0.0,0.11999999731779099,1,0.0,148.59219360351562,0.4808609187602997
1089,-800.0,False,True,False,0.0,0.11999999731779099,1,662.8953857421875,281.02398681640625,0.4805389940738678
1090,-800.0,False,True,False,0.0,0.11999999731779099,1,0.0,199.59979248046875,0.4805389940738678
1091,-800.0,False,True,False,0.0,0.11999999731779099,1,660.6654663085938,96.28842163085938,0.4802193343639374
1092,-800.0,False,True,False,0.0,0.11999999731779099,1,0.0,602.2294921875,0.4802193343639374
1093,-800.0,False,True,False,0.0,0.11999999731779099,1,667.7371826171875,349.7922668457031,0.47990158200263977
1094,-800.0,False,True,False,0.0,0.11999999731779099,1,0.0,385.3429870605469,0.47990158200263977
1095,-800.0,False,True,False,0.0,0.11999999731779099,1,652.933349609375,348.81817626953125,0.4795807898044586
1096,-800.0,False,True,False,0.0,0.11999999731779099,1,0.0,244.498779296875,0.4795807898044586
1097,-800.0,False,True,False,0.0,0.11999999731779099,1,656.1015014648438,351.088623046875,0.4792582392692566
1098,-800.0,False,True,False,0.0,0.11999999731779099,1,0.0,299.54315185546875,0.4792582392692566
1099,-800.0,False,True,False,0.0,0.11999999731779099,1,663.8870239257812,377.804443359375,0.47893407940864563
1100,-800.0,False,True,False,0.0,0.11999999731779099,1,0.0,481.22393798828125,0.47893407940864563
1101,-800.0,False,True,False,0.0,0.11999999731779099,1,664.9816284179688,604.6777954101562,0.47860729694366455
1102,-800.0,False,True,False,0.0,0.11999999731779099,1,0.0,304.54150390625,0.47860729694366455
1103,-800.0,False,True,False,0.0,0.11999999731779099,1,670.5362548828125,451.27081298828125,0.47827792167663574
1104,-800.0,False,True,False,0.0,0.11999999731779099,1,0.0,138.0160369873047,0.47827792167663574
1105,-800.0,False,True,False,0.0,0.11999999731779099,1,662.6434326171875,497.051513671875,0.4779459536075592
1106,-800.0,False,True,False,0.0,0.11999999731779099,1,0.0,94.00713348388672,0.4779459536075592
1107,-800.0,False,True,False,0.0,0.11999999731779099,1,661.4522094726562,470.0529479980469,0.47761306166648865
1108,-800.0,False,True,False,0.0,0.11999999731779099,1,0.0,305.760986328125,0.47761306166648865
1109,-800.0,False,True,False,0.0,0.11999999731779099,1,665.949951171875,408.48175048828125,0.4772736430168152
1110,-800.0,False,True,False,0.0,0.11999999731779099,1,0.0,213.73931884765625,0.4772736430168152
1111,-800.0,False,True,False,0.0,0.11999999731779099,1,658.7887573242188,657.5692749023438,0.4769330620765686
1112,-800.0,False,True,False,0.0,0.11999999731779099,1,0.0,168.16246032714844,0.4769330620765686
1113,-800.0,False,True,False,0.0,0.11999999731779099,1,657.767578125,245.81854248046875,0.4765967130661011
1114,-800.0,False,True,False,0.0,0.11999999731779099,1,0.0,358.07928466796875,0.4765967130661011
1115,-800.0,False,True,False,0.0,0.11999999731779099,1,661.0784301757812,305.39483642578125,0.4762592613697052
1116,-800.0,False,True,False,0.0,0.11999999731779099,1,0.0,265.5592041015625,0.4762592613697052
1117,-800.0,False,True,False,0.0,0.11999999731779099,1,660.7288208007812,188.3099365234375,0.4759189784526825
1118,-800.0,False,True,False,0.0,0.11999999731779099,1,0.0,289.80413818359375,0.4759189784526825
1119,-800.0,False,True,False,0.0,0.11999999731779099,1,662.1782836914062,377.3992614746094,0.4755760133266449
1120,-800.0,False,True,False,0.0,0.11999999731779099,1,0.0,101.80416107177734,0.4755760133266449
1121,-800.0,False,True,False,0.0,0.11999999731779099,1,655.87890625,230.3721466064453,0.47523802518844604
1122,-800.0,False,True,False,0.0,0.11999999731779099,1,0.0,270.9654846191406,0.47523802518844604
1123,-800.0,False,True,False,0.0,0.11999999731779099,1,661.7670288085938,628.1302490234375,0.4749029278755188
1124,-800.0,False,True,False,0.0,0.11999999731779099,1,0.0,265.19818115234375,0.4749029278755188
1125,-800.0,False,True,False,0.0,0.11999999731779099,1,663.4632568359375,168.02545166015625,0.47456789016723633
1126,-800.0,False,True,False,0.0,0.11999999731779099,1,0.0,405.85272216796875,0.47456789016723633
1127,-800.0,False,True,False,0.0,0.11999999731779099,1,663.085693359375,264.3202209472656,0.47423145174980164
1128,-800.0,False,True,False,0.0,0.11999999731779099,1,0.0,431.6253967285156,0.47423145174980164
1129,-800.0,False,True,False,0.0,0.11999999731779099,1,658.9656372070312,388.9344787597656,0.47389793395996094
1130,-800.0,False,True,False,0.0,0.11999999731779099,1,0.0,263.7762145996094,0.47389793395996094
1131,-800.0,False,True,False,0.0,0.11999999731779099,1,651.156982421875,430.65740966796875,0.47356513142585754
1132,-800.0,False,True,False,0.0,0.11999999731779099,1,0.0,522.4689331054688,0.47356513142585754
1133,-800.0,False,True,False,0.0,0.11999999731779099,1,668.229248046875,697.3897705078125,0.47323372960090637
1134,-800.0,False,True,False,0.0,0.11999999731779099,1,0.0,477.39312744140625,0.47323372960090637
1135,-800.0,False,True,False,0.0,0.11999999731779099,1,656.9218139648438,342.37060546875,0.4729003310203552
1136,-800.0,False,True,False,0.0,0.11999999731779099,1,0.0,456.089111328125,0.4729003310203552
1137,-800.0,False,True,False,0.0,0.11999999731779099,1,675.4862670898438,201.09564208984375,0.4725654125213623
1138,-800.0,False,True,False,0.0,0.11999999731779099,1,0.0,671.2860107421875,0.4725654125213623
1139,-800.0,False,True,False,0.0,0.11999999731779099,1,647.6394653320312,217.37640380859375,0.4722357392311096
1140,-800.0,False,True,False,0.0,0.11999999731779099,1,0.0,441.7058410644531,0.4722357392311096
1141,-800.0,False,True,False,0.0,0.11999999731779099,1,665.776611328125,287.84814453125,0.47190698981285095
1142,-800.0,False,True,False,0.0,0.11999999731779099,1,0.0,260.90728759765625,0.47190698981285095
1143,-800.0,False,True,False,0.0,0.11999999731779099,1,660.0458374023438,373.07977294921875,0.47157901525497437
1144,-800.0,False,True,False,0.0,0.11999999731779099,1,0.0,679.0286865234375,0.47157901525497437
1145,-800.0,False,True,False,0.0,0.11999999731779099,1,663.6782836914062,143.05999755859375,0.47125089168548584
1146,-800.0,False,True,False,0.0,0.11999999731779099,1,0.0,382.19207763671875,0.47125089168548584
1147,-800.0,False,True,False,0.0,0.11999999731779099,1,672.7764282226562,374.95684814453125,0.47092193365097046
1148,-800.0,False,True,False,0.0,0.11999999731779099,1,0.0,244.53457641601562,0.47092193365097046
1149,-800.0,False,True,False,0.0,0.11999999731779099,1,657.47314453125,327.532958984375,0.4705924093723297
1150,-800.0,False,True,False,0.0,0.11999999731779099,1,0.0,354.80322265625,0.4705924093723297
1151,-800.0,False,True,False,0.0,0.11999999731779099,1,665.5209350585938,321.21502685546875,0.4702630043029785
1152,-800.0,False,True,False,0.0,0.11999999731779099,1,0.0,351.3643798828125,0.4702630043029785
1153,-800.0,False,True,False,0.0,0.11999999731779099,1,665.6397705078125,273.9067687988281,0.4699294865131378
1154,-800.0,False,True,False,0.0,0.11999999731779099,1,0.0,241.7313690185547,0.4699294865131378
1155,-800.0,False,True,False,0.0,0.11999999731779099,1,665.1578979492188,267.8663635253906,0.469593346118927
1156,-800.0,False,True,False,0.0,0.11999999731779099,1,0.0,165.58712768554688,0.469593346118927
1157,-800.0,False,True,False,0.0,0.11999999731779099,1,666.2879028320312,181.83303833007812,0.4692557752132416
1158,-800.0,False,True,False,0.0,0.11999999731779099,1,0.0,227.791015625,0.4692557752132416
1159,-800.0,False,True,False,0.0,0.11999999731779099,1,663.304443359375,459.89739990234375,0.4689183235168457
1160,-800.0,False,True,False,0.0,0.11999999731779099,1,0.0,591.744384765625,0.4689183235168457
1161,-800.0,False,True,False,0.0,0.11999999731779099,1,666.61572265625,471.47625732421875,0.4685800075531006
1162,-800.0,False,True,False,0.0,0.11999999731779099,1,0.0,289.0780029296875,0.4685800075531006
1163,-800.0,False,True,False,0.0,0.11999999731779099,1,681.07275390625,180.11468505859375,0.46823975443840027
1164,-800.0,False,True,False,0.0,0.11999999731779099,1,0.0,204.0538330078125,0.46823975443840027
1165,-800.0,False,True,False,0.0,0.11999999731779099,1,662.74951171875,282.1856994628906,0.4678993821144104
1166,-800.0,False,True,False,0.0,0.11999999731779099,1,0.0,334.11419677734375,0.4678993821144104
1167,-800.0,False,True,False,0.0,0.11999999731779099,1,665.3663330078125,426.463623046875,0.4675602912902832
1168,-800.0,False,True,False,0.0,0.11999999731779099,1,0.0,255.2001190185547,0.4675602912902832
1169,-800.0,False,True,False,0.0,0.11999999731779099,1,677.9506225585938,394.0594482421875,0.46722739934921265
1170,-800.0,False,True,False,0.0,0.11999999731779099,1,0.0,431.59368896484375,0.46722739934921265
1171,-800.0,False,True,False,0.0,0.11999999731779099,1,663.9198608398438,128.87738037109375,0.4669008255004883
1172,-800.0,False,True,False,0.0,0.11999999731779099,1,0.0,447.4044189453125,0.4669008255004883
1173,-800.0,False,True,False,0.0,0.11999999731779099,1,674.9692993164062,418.61187744140625,0.4665756821632385
1174,-800.0,False,True,False,0.0,0.11999999731779099,1,0.0,251.02178955078125,0.4665756821632385
1175,-800.0,False,True,False,0.0,0.11999999731779099,1,667.5906372070312,311.861083984375,0.4662543833255768
1176,-800.0,False,True,False,0.0,0.11999999731779099,1,0.0,195.5867919921875,0.4662543833255768
1177,-800.0,False,True,False,0.0,0.11999999731779099,1,663.0928955078125,328.3692321777344,0.465932697057724
1178,-800.0,False,True,False,0.0,0.11999999731779099,1,0.0,390.00933837890625,0.465932697057724
1179,-800.0,False,True,False,0.0,0.11999999731779099,1,672.9533081054688,278.9749755859375,0.46560993790626526
1180,-800.0,False,True,False,0.0,0.11999999731779099,1,0.0,246.65621948242188,0.46560993790626526
1181,-800.0,False,True,False,0.0,0.11999999731779099,1,658.3763427734375,472.71649169921875,0.4652864933013916
1182,-800.0,False,True,False,0.0,0.11999999731779099,1,0.0,468.6553955078125,0.4652864933013916
1183,-800.0,False,True,False,0.0,0.11999999731779099,1,668.5850219726562,209.27691650390625,0.4649636745452881
1184,-800.0,False,True,False,0.0,0.11999999731779099,1,0.0,249.24978637695312,0.4649636745452881
1185,-800.0,False,True,False,0.0,0.11999999731779099,1,675.584228515625,456.6050109863281,0.4646425247192383
1186,-800.0,False,True,False,0.0,0.11999999731779099,1,0.0,351.7765808105469,0.4646425247192383
1187,-800.0,False,True,False,0.0,0.11999999731779099,1,668.1698608398438,293.0518493652344,0.4643206298351288
1188,-800.0,False,True,False,0.0,0.11999999731779099,1,0.0,363.0732421875,0.4643206298351288
1189,-800.0,False,True,False,0.0,0.11999999731779099,1,665.8263549804688,430.6803283691406,0.4639979302883148
1190,-800.0,False,True,False,0.0,0.11999999731779099,1,0.0,481.72979736328125,0.4639979302883148
1191,-800.0,False,True,False,0.0,0.11999999731779099,1,666.835205078125,244.73724365234375,0.4636739194393158
1192,-800.0,False,True,False,0.0,0.11999999731779099,1,0.0,599.8453369140625,0.4636739194393158
1193,-800.0,False,True,False,0.0,0.11999999731779099,1,660.6696166992188,403.0282287597656,0.4633502662181854
1194,-800.0,False,True,False,0.0,0.11999999731779099,1,0.0,699.0673828125,0.4633502662181854
1195,-800.0,False,True,False,0.0,0.11999999731779099,1,670.0738525390625,263.044921875,0.46302714943885803
1196,-800.0,False,True,False,0.0,0.11999999731779099,1,0.0,328.6771240234375,0.46302714943885803
1197,-800.0,False,True,False,0.0,0.11999999731779099,1,669.572509765625,263.21990966796875,0.46270158886909485
1198,-800.0,False,True,False,0.0,0.11999999731779099,1,0.0,202.9512939453125,0.46270158886909485
1199,-800.0,False,True,False,0.0,0.11999999731779099,1,668.8453369140625,205.95115661621094,0.46237629652023315
