episode,stage_index,stage_name,goal_x,goal_y,goal_yaw,goal_mode,local_goal_dx,local_goal_dy,local_goal_dyaw,start_x,start_y,start_yaw,episode_reward,success,collision,timeout,path_length,min_obstacle_distance,initial_DG,final_DG,min_DG,goal_progress,close_obstacle_steps,narrow_gap_steps,left_min_obstacle_distance,right_min_obstacle_distance,obstacle_exposure_met,rolling_obstacle_exposure_rate,eval_success_rate,eval_collision_rate,steps,rolling_success_rate,rolling_collision_rate,rolling_avg_steps,rolling_avg_reward,stage_status,actor_loss,critic_loss,alpha
0,0,hard_forward_08,-0.9999312129101697,-0.4999974507373056,2.2122666237300112e-06,random_local_offset,1.0,0.0,0.0,-2.0,-0.5,0.0,1021.500985463281,True,False,False,0.6631086374392329,0.42856645584106445,1.0,0.3454625062566827,0.3454625062566827,0.6545374937433173,2,0,0.42856645584106445,3.5,True,1.0,,,81,1.0,0.0,81.0,1021.500985463281,running,,,
1,0,hard_forward_08,-0.9999312133894774,-0.49999741902048744,2.244627935688061e-06,random_local_offset,1.0,0.0,0.0,-1.9,0.55,0.0,1019.4509248075722,True,False,False,0.7041241068306152,0.41512179374694824,1.0,0.3449964040740174,0.3449964040740174,0.6550035959259826,17,0,0.49087536334991455,3.5,True,1.0,,,74,1.0,0.0,77.5,1020.4759551354266,running,-565.1497192382812,2714.90185546875,0.18994595110416412
2,0,hard_forward_08,-0.9999333374313701,-0.49999739100249885,2.398026315612606e-06,random_local_offset,1.0,0.0,0.0,-2.0,-0.5,0.0,1020.0648299093111,True,False,False,0.6666668344586313,0.4461930990219116,1.0,0.3438841846408221,0.3438841846408221,0.656115815359178,4,0,0.4461930990219116,3.5,True,1.0,,,70,1.0,0.0,75.0,1020.3389133933882,running,-578.1387329101562,200.84710693359375,0.18842720985412598
3,0,hard_forward_08,-0.9999312375074515,-0.49999748013419704,2.1815238294711313e-06,random_local_offset,1.0,0.0,0.0,-1.9,-1.55,0.0,1020.7543003730347,True,False,False,0.6684141863281605,0.38614243268966675,1.0,0.3407498757028747,0.3407498757028747,0.6592501242971254,15,0,0.38614243268966675,3.5,True,1.0,,,67,1.0,0.0,73.0,1020.4427601382998,running,0.0,97.93679809570312,0.19116084277629852
4,0,hard_forward_08,-0.9999312347495163,-0.4999974791128999,2.185828054780747e-06,random_local_offset,1.0,0.0,0.0,-1.9,-1.55,0.0,1019.6192325001114,True,False,False,0.6809976300062212,0.3661844730377197,1.0,0.3436377329944133,0.3436377329944133,0.6563622670055866,17,0,0.3661844730377197,3.5,True,1.0,,,71,1.0,0.0,72.6,1020.2780546106621,running,-572.8199462890625,95.41690826416016,0.18933826684951782
5,0,hard_forward_08,-0.9999333392142769,-0.4999974709821341,2.3196905353023726e-06,random_local_offset,1.0,0.0,0.0,-1.9,-1.55,0.0,1019.0767605630778,True,False,False,0.6952097290525968,0.39577391743659973,1.0,0.348145734399844,0.348145734399844,0.651854265600156,18,0,0.39577391743659973,3.5,True,1.0,,,71,1.0,0.0,72.33333333333333,1020.0778389360648,running,0.0,125.04417419433594,0.18858300149440765
6,0,hard_forward_08,-1.1999298454050915,-0.4999978854875207,2.44805580991063e-06,random_local_offset,0.8,0.0,0.0,-1.9,0.55,0.0,1016.290118667874,True,False,False,0.4700952360558094,0.4871179461479187,0.8,0.3418834443716124,0.3418834443716124,0.45811655562838766,0,0,0.5124344229698181,3.5,False,0.8571428571428571,,,47,1.0,0.0,68.71428571428571,1019.536736040609,running,-585.1035766601562,167.31752014160156,0.18715541064739227
7,0,hard_forward_08,-0.9999311937543275,-0.4999974291173444,2.2353049228119004e-06,random_local_offset,1.0,0.0,0.0,-1.9,0.55,0.0,1018.2979611350221,True,False,False,0.7065476353985233,0.4168493449687958,1.0,0.3497221148343782,0.3497221148343782,0.6502778851656218,18,0,0.4276449382305145,3.5,True,0.875,,,71,1.0,0.0,69.0,1019.3818891774106,running,0.0,185.3723907470703,0.1844191551208496
8,0,hard_forward_08,-1.199931314695006,-0.49999785622212,2.1841743022797004e-06,random_local_offset,0.8,0.0,0.0,-1.9,-1.55,0.0,1016.3255462860562,True,False,False,0.48051557666975714,0.47674205899238586,0.8,0.34273874410252997,0.34273874410252997,0.4572612558974701,0,0,0.49047186970710754,3.5,False,0.7777777777777778,,,49,1.0,0.0,66.77777777777777,1019.0422955228156,running,-581.236328125,116.89338684082031,0.18109193444252014
9,0,hard_forward_08,-0.9999313222578877,-0.499997530151981,2.0745721568508325e-06,random_local_offset,1.0,0.0,0.0,-2.0,-0.5,0.0,1019.1971827716293,True,False,False,0.7047932180945293,0.3758450150489807,1.0,0.34266401684679604,0.34266401684679604,0.657335983153204,21,0,0.39131999015808105,3.5,True,0.8,,,72,1.0,0.0,67.3,1019.0577842476971,running,-591.662353515625,77.29879760742188,0.17664597928524017
10,0,hard_forward_08,-1.1999312838118779,-0.49999792190719416,2.107396273326216e-06,random_local_offset,0.8,0.0,0.0,-1.9,-1.55,0.0,1014.2721408226142,True,False,False,0.5074609579021234,0.4527207314968109,0.8000000000000002,0.349099007496058,0.349099007496058,0.45090099250394217,2,0,0.4527207314968109,3.5,True,0.8181818181818182,,,51,1.0,0.0,65.81818181818181,1018.6227257545077,running,0.0,61.45203399658203,0.17497622966766357
11,0,hard_forward_08,-1.199931236714626,-0.49999791095838797,2.1822076368176238e-06,random_local_offset,0.8,0.0,0.0,-1.9,0.55,0.0,1015.5870716548234,True,False,False,0.48024334736090796,0.4840192496776581,0.8000000000000002,0.33996835677385623,0.33996835677385623,0.4600316432261439,0,0,0.5005131959915161,3.5,False,0.75,,,48,1.0,0.0,64.33333333333333,1018.369754579534,running,0.0,55.49198913574219,0.17358142137527466
12,0,hard_forward_08,-1.199932667698541,-0.4999979143689754,2.5027422555541877e-06,random_local_offset,0.8,0.0,0.0,-1.9,-1.55,0.0,1015.3422058023142,True,False,False,0.4727173234794101,0.48119235038757324,0.7999999999999999,0.34358415594984215,0.34358415594984215,0.4564158440501578,0,0,0.488280713558197,3.5,False,0.6923076923076923,,,46,1.0,0.0,62.92307692307692,1018.1368662120555,running,0.0,67.56344604492188,0.17097140848636627
13,0,hard_forward_08,-0.9999300991851001,-0.49999732017359605,2.337843501730513e-06,random_local_offset,1.0,0.0,0.0,-2.0,-0.5,0.0,1018.3820411660204,True,False,False,0.6968926056735298,0.3527738153934479,1.0,0.3475364746272663,0.3475364746272663,0.6524635253727338,22,0,0.36477282643318176,3.5,True,0.7142857142857143,,,67,1.0,0.0,63.214285714285715,1018.1543787087672,running,-603.8593139648438,54.9588623046875,0.16783557832241058
14,0,hard_forward_08,-0.9999300167731535,-0.49999737022257146,2.4441417695476757e-06,random_local_offset,1.0,0.0,0.0,-2.0,-0.5,0.0,1018.4958919793105,True,False,False,0.685653227344384,0.3377044200897217,1.0,0.349811456587958,0.349811456587958,0.650188543412042,17,0,0.35048985481262207,3.5,True,0.7333333333333333,,,64,1.0,0.0,63.266666666666666,1018.1771462601367,running,-616.47998046875,96.20848846435547,0.16503749787807465
15,0,hard_forward_08,-1.1999312840811323,-0.4999978754929346,2.1666276869563434e-06,random_local_offset,0.8,0.0,0.0,-1.9,0.55,0.0,1015.4473796810936,True,False,False,0.4854454053606771,0.4817180633544922,0.8000000000000002,0.34204606546368305,0.34204606546368305,0.4579539345363171,0,0,0.4870589077472687,3.5,False,0.6875,,,46,1.0,0.0,62.1875,1018.0065358489466,running,-598.3742065429688,72.48296356201172,0.16147927939891815
16,0,hard_forward_08,-0.9999371028304161,-0.4999973596117905,2.2052318438691702e-06,random_local_offset,1.0,0.0,0.0,-1.9,0.55,0.0,1018.1625774732886,True,False,False,0.7190518724707248,0.2873140573501587,1.0,0.3449146912000578,0.3449146912000578,0.6550853087999422,22,0,0.2873140573501587,3.5,True,0.7058823529411765,,,72,1.0,0.0,62.76470588235294,1018.0157147680254,running,-597.2136840820312,43.685020446777344,0.1577460616827011
17,0,hard_forward_08,-1.1999312035116985,-0.4999978356513844,2.2834823395454933e-06,random_local_offset,0.8,0.0,0.0,-1.9,-1.55,0.0,1014.5843908039734,True,False,False,0.48043091238545405,0.47924116253852844,0.8,0.3493081887028858,0.3493081887028858,0.4506918112971142,0,0,0.47924116253852844,3.5,False,0.6666666666666666,,,47,1.0,0.0,61.888888888888886,1017.8250856589116,running,0.0,75.82647705078125,0.15699878334999084
18,0,hard_forward_08,-0.9999311976613195,-0.4999974498547834,2.21308277771683e-06,random_local_offset,1.0,0.0,0.0,-1.9,0.55,0.0,1017.8695111854513,True,False,False,0.6938835790112695,0.290475070476532,1.0,0.34781038291592475,0.34781038291592475,0.6521896170840753,19,0,0.290475070476532,3.5,True,0.6842105263157895,,,66,1.0,0.0,62.10526315789474,1017.8274238445189,running,0.0,67.97280883789062,0.15537142753601074
19,0,hard_forward_08,-0.9999312002729692,-0.49999738287433243,2.2815949729789823e-06,random_local_offset,1.0,0.0,0.0,-1.9,-1.55,0.0,1017.1002413955566,True,False,False,0.725974672732143,0.2705557346343994,1.0,0.34712702053666583,0.34712702053666583,0.6528729794633341,22,0,0.2705557346343994,3.5,True,0.7,,,70,1.0,0.0,62.5,1017.7910647220708,running,0.0,51.987335205078125,0.15406391024589539
20,0,hard_forward_08,-0.9999312182863609,-0.499997481282661,2.1795662940700477e-06,random_local_offset,1.0,0.0,0.0,-1.9,-1.55,0.0,1018.2872947685058,True,False,False,0.6942514364335318,0.2938961684703827,1.0,0.3436706692537045,0.3436706692537045,0.6563293307462955,18,0,0.2938961684703827,3.5,True,0.7142857142857143,,,67,1.0,0.0,62.714285714285715,1017.8146947242819,running,-607.827392578125,59.39385223388672,0.15253587067127228
21,0,hard_forward_08,-1.1999312135017963,-0.4999979214577545,2.163374636086478e-06,random_local_offset,0.8,0.0,0.0,-1.9,-1.55,0.0,1015.7326995160137,True,False,False,0.473209797696503,0.4823562800884247,0.8,0.34678468572080556,0.34678468572080556,0.4532153142791945,0,0,0.5085859894752502,3.5,False,0.6818181818181818,,,49,1.0,0.0,62.09090909090909,1017.7200585784517,running,0.0,32.0600700378418,0.15173906087875366
22,0,hard_forward_08,-0.9999333378527737,-0.4999973912963849,2.4022570927098154e-06,random_local_offset,1.0,0.0,0.0,-2.0,-0.5,0.0,1018.5927524727962,True,False,False,0.6884817018296582,0.31285402178764343,1.0,0.3479797980330115,0.3479797980330115,0.6520202019669885,19,0,0.31285402178764343,3.5,True,0.6956521739130435,,,67,1.0,0.0,62.30434782608695,1017.7580017912493,running,-633.9238891601562,72.85415649414062,0.14974865317344666
23,0,hard_forward_08,-1.1999311890951665,-0.49999787509953186,2.231507083276076e-06,random_local_offset,0.8,0.0,0.0,-2.0,-0.5,0.0,1014.9551128013753,True,False,False,0.47205059525435067,0.4873729944229126,0.7999999999999999,0.348555711781217,0.348555711781217,0.4514442882187829,0,0,0.5159730911254883,3.5,False,0.6666666666666666,,,44,1.0,0.0,61.541666666666664,1017.6412147500045,running,-596.8684692382812,67.95668029785156,0.14985042810440063
24,0,hard_forward_08,-1.1999313192291763,-0.49999788195048384,2.1608751838525067e-06,random_local_offset,0.8,0.0,0.0,-1.9,-1.55,0.0,1015.174324014136,True,False,False,0.4808237190902365,0.48016661405563354,0.8000000000000002,0.34617020508486757,0.34617020508486757,0.4538297949151326,0,0,0.48016661405563354,3.5,False,0.64,,,47,1.0,0.0,60.96,1017.5425391205697,running,0.0,45.61346435546875,0.1490851491689682
25,0,hard_forward_08,-0.9999312207433501,-0.49999751322994196,2.1518292355999007e-06,random_local_offset,1.0,0.0,0.0,-1.9,-1.55,0.0,1018.6584818379774,True,False,False,0.6939838493570692,0.3064969480037689,1.0,0.3426305398681034,0.3426305398681034,0.6573694601318967,19,0,0.3207590579986572,3.5,True,0.64,,,67,1.0,0.0,60.4,1017.4288389755576,running,-599.369384765625,94.23194885253906,0.14776203036308289
26,0,hard_forward_08,-0.9999381795433001,-0.49999750319627684,2.0950363479803416e-06,random_local_offset,1.0,0.0,0.0,-1.9,-1.55,0.0,1018.227386489363,True,False,False,0.693165041310429,0.3149445652961731,1.0,0.3446897935269127,0.3446897935269127,0.6553102064730874,17,0,0.33059513568878174,3.5,True,0.64,,,65,1.0,0.0,60.04,1017.3798974428291,running,0.0,34.65504455566406,0.14618992805480957
27,0,hard_forward_08,-1.1999312053882218,-0.4999979132809357,2.184778457104762e-06,random_local_offset,0.8,0.0,0.0,-1.9,0.55,0.0,1015.1782888642937,True,False,False,0.487775398022971,0.4695989191532135,0.7999999999999999,0.34136754423130483,0.34136754423130483,0.4586324557686951,0,0,0.4695989191532135,3.5,False,0.6,,,46,1.0,0.0,59.08,1017.1844358010285,running,0.0,38.48628234863281,0.1466027796268463
28,0,hard_forward_08,-0.9999380253543344,-0.49999756732843903,2.2368589734113394e-06,random_local_offset,1.0,0.0,0.0,-1.9,0.55,0.0,1017.7247815393773,True,False,False,0.7163467846415432,0.276760458946228,1.0,0.34470400101638426,0.34470400101638426,0.6552959989836158,23,0,0.276760458946228,3.5,True,0.6,,,69,1.0,0.0,59.16,1017.0632550476822,running,-602.4889526367188,163.0461883544922,0.14722776412963867
29,0,hard_forward_08,-1.1999312305596441,-0.4999979248396282,2.162718686524375e-06,random_local_offset,0.8,0.0,0.0,-1.9,0.55,0.0,1014.4607713865281,True,False,False,0.4992665233933307,0.451581209897995,0.8,0.3440788783347796,0.3440788783347796,0.4559211216652204,2,0,0.451581209897995,3.5,True,0.6,,,47,1.0,0.0,58.2,1016.856916603139,running,0.0,29.84811019897461,0.14797896146774292
30,0,hard_forward_08,-1.1999312060232228,-0.49999787359695824,2.2213324495508705e-06,random_local_offset,0.8,0.0,0.0,-1.9,0.55,0.0,1015.0177524220431,True,False,False,0.4903891011729071,0.48013731837272644,0.8,0.34340178873498206,0.34340178873498206,0.456598211265018,0,0,0.48013731837272644,3.5,False,0.56,,,48,1.0,0.0,57.28,1016.6945562774974,running,0.0,40.70996856689453,0.14826810359954834
31,0,hard_forward_08,-1.1999312245788871,-0.4999979070760127,2.1903498057532987e-06,random_local_offset,0.8,0.0,0.0,-1.9,-1.55,0.0,1015.5359322690217,True,False,False,0.48891242220760306,0.4835614264011383,0.7999999999999999,0.3411708483323804,0.3411708483323804,0.4588291516676195,0,0,0.4835614264011383,3.5,False,0.56,,,47,1.0,0.0,57.28,1016.6643888215434,running,-626.264892578125,66.7847900390625,0.14779438078403473
32,0,hard_forward_08,-1.1999311891641773,-0.4999978676507099,2.2390009731316574e-06,random_local_offset,0.8,0.0,0.0,-2.0,-0.5,0.0,1015.4465506753083,True,False,False,0.49564083926812624,0.4639087915420532,0.8,0.34018246280904646,0.34018246280904646,0.4598175371909536,0,0,0.4639087915420532,3.5,False,0.52,,,49,1.0,0.0,56.4,1016.5503324031547,running,0.0,27.129005432128906,0.14851480722427368
33,0,hard_forward_08,-1.1999313192916548,-0.4999978838990447,2.510352350118478e-06,random_local_offset,0.8,0.0,0.0,-1.9,-1.55,0.0,1014.3412905973533,True,False,False,0.4945822001478413,0.45508646965026855,0.7999999999999999,0.34876738478612435,0.34876738478612435,0.4512326152138756,1,0,0.45508646965026855,3.5,False,0.52,,,48,1.0,0.0,56.36,1016.4709621756067,running,0.0,32.9131965637207,0.14915844798088074
34,0,hard_forward_08,-0.9999313014341027,-0.4999974955211373,2.1154630546943725e-06,random_local_offset,1.0,0.0,0.0,-1.9,-1.55,0.0,1017.5352178869033,True,False,False,0.7109746991556086,0.2697356641292572,1.0,0.3446437155110915,0.3446437155110915,0.6553562844889085,19,0,0.2697356641292572,3.5,True,0.52,,,67,1.0,0.0,56.16,1016.4044835802175,running,-600.0872802734375,29.82814598083496,0.14829862117767334
35,0,hard_forward_08,-1.199931198334025,-0.4999978381539036,2.2749662064498137e-06,random_local_offset,0.8,0.0,0.0,-1.9,-1.55,0.0,1015.4654805974857,True,False,False,0.48408707938760376,0.4751940965652466,0.8000000000000002,0.34291242315397724,0.34291242315397724,0.4570875768460229,0,0,0.49656206369400024,3.5,False,0.48,,,47,1.0,0.0,56.0,1016.4522171712125,running,0.0,91.71304321289062,0.14869338274002075
36,0,hard_forward_08,-0.999931232146872,-0.49999747638584924,2.1798967336968027e-06,random_local_offset,1.0,0.0,0.0,-1.9,-1.55,0.0,1017.6925315609816,True,False,False,0.7023296899847452,0.2737915515899658,1.0,0.3467922086201116,0.3467922086201116,0.6532077913798884,17,0,0.2887705862522125,3.5,True,0.52,,,64,1.0,0.0,56.64,1016.5364355674589,running,0.0,158.59080505371094,0.14890192449092865
37,0,hard_forward_08,-0.9999308384594678,-0.4999973913465889,2.454145686495028e-06,random_local_offset,1.0,0.0,0.0,-1.9,-1.55,0.0,1017.9029366937875,True,False,False,0.7055987130546386,0.2827689051628113,1.0,0.3457914821780678,0.3457914821780678,0.6542085178219321,21,0,0.3005260229110718,3.5,True,0.56,,,67,1.0,0.0,57.48,1016.6388648031176,running,-594.994384765625,37.102352142333984,0.14891432225704193
38,0,hard_forward_08,-0.9999312240697168,-0.4999975190864774,2.147657856083713e-06,random_local_offset,1.0,0.0,0.0,-2.0,-0.5,0.0,1018.4628995610445,True,False,False,0.679265759953726,0.31405097246170044,1.0,0.34434560843293144,0.34434560843293144,0.6556543915670685,14,0,0.3160203695297241,3.5,True,0.56,,,62,1.0,0.0,57.28,1016.6420991389185,running,-627.0685424804688,33.98699188232422,0.14836789667606354
39,0,hard_forward_08,-1.1999311860617277,-0.4999978608074602,2.2446023289214533e-06,random_local_offset,0.8,0.0,0.0,-1.9,-1.55,0.0,1016.4126053057363,True,False,False,0.47243040329031816,0.4920669198036194,0.8,0.3420762883715966,0.3420762883715966,0.45792371162840345,0,0,0.4947061538696289,3.5,False,0.52,,,46,1.0,0.0,56.56,1016.5587676719756,running,-615.9176025390625,67.04002380371094,0.14813707768917084
40,0,hard_forward_08,-0.9999333819607916,-0.4999974909437938,2.3070324221211738e-06,random_local_offset,1.0,0.0,0.0,-2.0,-0.5,0.0,1018.250531661014,True,False,False,0.6767283980958816,0.3296300172805786,1.0,0.349224941468528,0.349224941468528,0.650775058531472,16,0,0.3296300172805786,3.5,True,0.56,,,62,1.0,0.0,57.2,1016.6708937511727,running,-595.1318969726562,24.07513427734375,0.14785049855709076
41,0,hard_forward_08,-1.1999313117664543,-0.4999978658212161,2.1798983399403214e-06,random_local_offset,0.8,0.0,0.0,-2.0,-0.5,0.0,1015.8271911343065,True,False,False,0.4822567273522721,0.48160871863365173,0.8000000000000002,0.34176245131380234,0.34176245131380234,0.4582375486861978,0,0,0.5010090470314026,3.5,False,0.52,,,45,1.0,0.0,56.12,1016.5774782976133,running,0.0,97.5142593383789,0.14771656692028046
42,0,hard_forward_08,-1.1999302469434623,-0.49999789359433094,2.408702233507852e-06,random_local_offset,0.8,0.0,0.0,-1.9,0.55,0.0,1015.2880160301642,True,False,False,0.46970204519803904,0.484578937292099,0.8000000000000002,0.3462711781529706,0.3462711781529706,0.45372882184702956,0,0,0.5050749182701111,3.5,False,0.52,,,43,1.0,0.0,55.96,1016.605623306661,running,-619.68603515625,19.15523338317871,0.14752958714962006
43,0,hard_forward_08,-0.9999312158530005,-0.4999974401981559,2.2173961694474673e-06,random_local_offset,1.0,0.0,0.0,-1.9,-1.55,0.0,1018.235101085208,True,False,False,0.7136502727276518,0.28969606757164,1.0,0.34098571104718284,0.34098571104718284,0.6590142889528172,18,0,0.28969606757164,3.5,True,0.52,,,64,1.0,0.0,55.88,1016.6202469026512,running,-628.7011108398438,30.92256736755371,0.14743947982788086
44,0,hard_forward_08,-0.9999312247791835,-0.49999750262148973,2.1551242302071588e-06,random_local_offset,1.0,0.0,0.0,-2.0,-0.5,0.0,1018.2343218412947,True,False,False,0.7205613040037864,0.30132102966308594,1.0,0.34505744622717077,0.34505744622717077,0.6549425537728293,18,0,0.30132102966308594,3.5,True,0.52,,,64,1.0,0.0,55.64,1016.6656101204807,running,-567.427734375,34.06987762451172,0.14721108973026276
45,0,hard_forward_08,-0.9999334490477656,-0.499997539068655,2.2552491674458516e-06,random_local_offset,1.0,0.0,0.0,-1.9,0.55,0.0,1018.2540275939082,True,False,False,0.7146912096121023,0.3083311915397644,1.0,0.3419986848052084,0.3419986848052084,0.6580013151947917,22,0,0.32677891850471497,3.5,True,0.52,,,66,1.0,0.0,55.6,1016.664279433497,running,-639.932861328125,30.995235443115234,0.14754988253116608
46,0,hard_forward_08,-1.1999333406796935,-0.4999979363699612,2.318810555390789e-06,random_local_offset,0.8,0.0,0.0,-1.9,-1.55,0.0,1015.5536560933092,True,False,False,0.45849230698943344,0.4886810779571533,0.8,0.3497943631286395,0.3497943631286395,0.45020563687136056,0,0,0.5217577219009399,3.5,False,0.52,,,42,1.0,0.0,55.32,1016.6571176965887,running,-598.8966674804688,26.57648468017578,0.14810633659362793
47,0,hard_forward_08,-1.199931215501973,-0.49999786784423456,2.2376013051471105e-06,random_local_offset,0.8,0.0,0.0,-1.9,0.55,0.0,1016.2712783418764,True,False,False,0.46396148637795476,0.4832436740398407,0.8000000000000002,0.34375068468960207,0.34375068468960207,0.4562493153103981,0,0,0.5224488377571106,3.5,False,0.48,,,45,1.0,0.0,54.44,1016.5642587313519,running,0.0,26.933399200439453,0.1496652066707611
48,0,hard_forward_08,-1.1999369350671119,-0.49999793945557175,2.138650008805971e-06,random_local_offset,0.8,0.0,0.0,-1.9,0.55,0.0,1015.9346559865821,True,False,False,0.46867947129763704,0.4909743666648865,0.7999999999999999,0.3435591900863851,0.3435591900863851,0.45644080991361485,0,0,0.5191587805747986,3.5,False,0.48,,,43,1.0,0.0,54.4,1016.6034404587604,running,-646.1988525390625,59.64887237548828,0.15031693875789642
49,0,hard_forward_08,-0.9999313495947413,-0.49999736984176923,2.4505967722304167e-06,random_local_offset,1.0,0.0,0.0,-1.9,0.55,0.0,1018.8151206469638,True,False,False,0.6926134283461355,0.2985534071922302,1.0,0.33916207480332355,0.33916207480332355,0.6608379251966765,16,0,0.2990358769893646,3.5,True,0.52,1.0,0.0,65,1.0,0.0,55.12,1016.749072324073,promoted,0.0,36.97434997558594,0.15099896490573883
50,1,hard_diagonal_turns,-1.2499303556477024,-0.8499979830720015,2.4993939561074968e-06,random_local_offset,0.75,-0.35,0.0,0.55,1.75,-1.57,1014.3678955551292,True,False,False,0.5292368694061929,0.4847676753997803,0.8276472678623423,0.34967525711873937,0.34967525711873937,0.47797201074360296,0,0,0.5428710579872131,3.5,False,0.0,,,50,1.0,0.0,50.0,1014.3678955551292,running,0.0,67.77555084228516,0.15028516948223114
51,1,hard_diagonal_turns,-1.2499304432284843,-0.8499979983951547,2.222237150775195e-06,random_local_offset,0.75,-0.35,0.0,-1.9,-1.55,0.0,1014.9101144919274,True,False,False,0.5198494279504821,0.49183788895606995,0.8276472678623424,0.3451362800412661,0.3451362800412661,0.4825109878210763,0,0,0.5979734063148499,3.5,False,0.0,,,48,1.0,0.0,49.0,1014.6390050235283,running,0.0,66.33167266845703,0.14997398853302002
52,1,hard_diagonal_turns,-1.099930244706487,-0.9499976899762685,2.1856931815884467e-06,random_local_offset,0.9,-0.45,0.0,-1.8,-0.5,0.0,1017.4761932631051,True,False,False,0.7292476399770614,0.3363521695137024,1.0062305898749053,0.3436851212738364,0.3436851212738364,0.662545468601069,9,0,0.5319684743881226,3.5,True,0.3333333333333333,,,66,1.0,0.0,54.666666666666664,1015.5847344367206,running,0.0,602.3082885742188,0.15104015171527863
53,1,hard_diagonal_turns,-1.099932343173132,-0.9499977624119438,2.257688545985805e-06,random_local_offset,0.9,-0.45,0.0,-1.8,-0.5,0.0,1017.5570369205088,True,False,False,0.724383652354746,0.352666437625885,1.0062305898749053,0.34378911827514647,0.34378911827514647,0.6624414715997589,8,0,0.5359362959861755,3.5,True,0.5,,,66,1.0,0.0,57.5,1016.0778100576676,running,0.0,43.894126892089844,0.151125967502594
54,1,hard_diagonal_turns,-1.2499324928876918,-0.8499979819697774,2.410343753586398e-06,random_local_offset,0.75,-0.35,0.0,-0.55,1.75,-1.57,1014.6051150194954,True,False,False,0.5183522071809884,0.4875664710998535,0.8276472678623424,0.3495460842332509,0.3495460842332509,0.47810118362909154,0,0,0.5802783966064453,3.5,False,0.4,,,51,1.0,0.0,56.2,1015.7832710500331,running,-631.6130981445312,87.3065185546875,0.15118928253650665
55,1,hard_diagonal_turns,-1.0999296857784102,-0.9499976076313992,2.42562580731267e-06,random_local_offset,0.9,-0.45,0.0,-1.8,-0.5,0.0,1017.6243158764531,True,False,False,0.7249805250428072,0.36393365263938904,1.0062305898749053,0.3485551049598312,0.3485551049598312,0.6576754849150741,7,0,0.5312916040420532,3.5,True,0.5,,,66,1.0,0.0,57.833333333333336,1016.0901118544365,running,-615.8562622070312,128.82208251953125,0.15112514793872833
56,1,hard_diagonal_turns,-1.0999302510429323,-0.949997700076349,2.1691086687311277e-06,random_local_offset,0.9,-0.45,0.0,0.55,1.75,-1.57,1017.2511377970502,True,False,False,0.7346686358803114,0.36921846866607666,1.0062305898749053,0.34530240725713207,0.34530240725713207,0.6609281826177733,6,0,0.5166462063789368,3.5,True,0.5714285714285714,,,68,1.0,0.0,59.285714285714285,1016.2559727033813,running,-601.8621826171875,40.73169708251953,0.1518743485212326
57,1,hard_diagonal_turns,-1.0999303873204127,-0.9499977464054925,2.070298498681509e-06,random_local_offset,0.9,-0.45,0.0,-1.8,-0.5,0.0,1017.4843073767082,True,False,False,0.7390769986086889,0.3533654808998108,1.0062305898749053,0.34485016413857816,0.34485016413857816,0.6613804257363272,9,0,0.3839057981967926,3.5,True,0.625,,,69,1.0,0.0,60.5,1016.4095145375471,running,0.0,120.17019653320312,0.15162064135074615
58,1,hard_diagonal_turns,-1.2499305437600896,-0.8499979973857048,2.150547444759789e-06,random_local_offset,0.75,-0.35,0.0,-1.9,0.55,0.0,1015.0057154009037,True,False,False,0.515318259407766,0.48664358258247375,0.8276472678623424,0.349216209116238,0.349216209116238,0.4784310587461044,0,0,0.5618124008178711,3.5,False,0.5555555555555556,,,50,1.0,0.0,59.333333333333336,1016.2535368556978,running,0.0,80.15859985351562,0.1503787785768509
59,1,hard_diagonal_turns,-1.099930222258597,-0.9499976925174773,2.1930307859455295e-06,random_local_offset,0.9,-0.45,0.0,-0.55,-1.75,1.57,1017.975168545296,True,False,False,0.7060088026836318,0.37385669350624084,1.0062305898749055,0.347985660619926,0.347985660619926,0.6582449292549796,9,0,0.5524095296859741,3.5,True,0.6,,,65,1.0,0.0,59.9,1016.4257000246577,running,-645.1820678710938,407.4274597167969,0.1502724289894104
60,1,hard_diagonal_turns,-1.0999323243667194,-0.9499977047571824,2.3194514463850013e-06,random_local_offset,0.9,-0.45,0.0,-1.9,0.55,0.0,1017.768997282372,True,False,False,0.737606501585502,0.34408286213874817,1.006230589874905,0.3430956024235688,0.3430956024235688,0.6631349874513364,9,0,0.5373006463050842,3.5,True,0.6363636363636364,,,69,1.0,0.0,60.72727272727273,1016.5478179571771,running,0.0,84.68942260742188,0.15039722621440887
61,1,hard_diagonal_turns,-1.2499314394911345,-0.1499983049097997,2.6822834132164737e-06,random_local_offset,0.75,0.35,0.0,-1.9,-1.55,0.0,1017.1695403496444,True,False,False,0.49389394408928866,0.4369214177131653,0.8276472678623424,0.34156192872878305,0.34156192872878305,0.4860853391335594,1,0,0.4369214177131653,3.5,False,0.5833333333333334,,,47,1.0,0.0,59.583333333333336,1016.5996281565494,running,-603.6347045898438,23.02558708190918,0.15152089297771454
62,1,hard_diagonal_turns,-1.2499325448366414,-0.8499980270843759,2.343169193767039e-06,random_local_offset,0.75,-0.35,0.0,-2.0,-0.5,0.0,1014.5195390943758,True,False,False,0.5237223203631441,0.4826412796974182,0.8276472678623426,0.34885185140777364,0.34885185140777364,0.4787954164545689,0,0,0.5539087653160095,3.5,False,0.5384615384615384,,,49,1.0,0.0,58.76923076923077,1016.439621305613,running,0.0,32.132972717285156,0.1514013558626175
63,1,hard_diagonal_turns,-1.24993253989379,-0.8499980346173104,2.347513603731645e-06,random_local_offset,0.75,-0.35,0.0,1.65,-0.55,3.14,1015.9046301297183,True,False,False,0.5034898444122967,0.4922880530357361,0.8276472678623424,0.3470169542973646,0.3470169542973646,0.4806303135649778,0,0,0.633744478225708,3.5,False,0.5,,,49,1.0,0.0,58.07142857142857,1016.4014076501919,running,-587.8809204101562,32.81243896484375,0.15204398334026337
64,1,hard_diagonal_turns,-1.0999344175802608,-0.04999770859386443,2.314100172714384e-06,random_local_offset,0.9,0.45,0.0,1.65,-0.55,3.14,1020.4839855471771,True,False,False,0.672360567848045,0.26056715846061707,1.0062305898749053,0.34239378372678403,0.34239378372678403,0.6638368061481212,16,0,0.2937544286251068,3.5,True,0.5333333333333333,,,64,1.0,0.0,58.46666666666667,1016.6735795099909,running,-594.840087890625,23.607961654663086,0.1512427181005478
65,1,hard_diagonal_turns,-1.0999323361185485,-0.9499977444695923,2.2681769597127237e-06,random_local_offset,0.9,-0.45,0.0,1.65,-0.55,3.14,1018.2244080005615,True,False,False,0.7151704277482734,0.35641250014305115,1.0062305898749053,0.3476470387630419,0.3476470387630419,0.6585835511118634,7,0,0.537945568561554,3.5,True,0.5625,,,68,1.0,0.0,59.0625,1016.7705062906516,running,-619.5401611328125,42.8598518371582,0.14918152987957
66,1,hard_diagonal_turns,-1.2499317475388694,-0.14999800937772173,2.3410776925565086e-06,random_local_offset,0.75,0.35,0.0,-1.9,-1.55,0.0,1017.0286340609415,True,False,False,0.4910545916324362,0.4560646712779999,0.8276472678623424,0.34583072921081726,0.34583072921081726,0.4818165386515252,0,0,0.47135689854621887,3.5,False,0.5294117647058824,,,48,1.0,0.0,58.411764705882355,1016.7856902771392,running,-571.6868286132812,61.66419219970703,0.14876239001750946
67,1,hard_diagonal_turns,-1.0999303091632426,-0.9499976262644179,2.194714967559332e-06,random_local_offset,0.9,-0.45,0.0,-1.8,-0.5,0.0,1018.3408104625983,True,False,False,0.7201771649752218,0.34946081042289734,1.0062305898749053,0.34125686768689273,0.34125686768689273,0.6649737221880125,9,0,0.5001233816146851,3.5,True,0.5555555555555556,,,70,1.0,0.0,59.05555555555556,1016.8720858429982,running,-634.81787109375,45.159523010253906,0.14842620491981506
68,1,hard_diagonal_turns,-1.0999301740789145,-0.94999761866492,2.2629627419492216e-06,random_local_offset,0.9,-0.45,0.0,-2.0,-0.5,0.0,1018.5292741160283,True,False,False,0.7223752974954819,0.3644753694534302,1.0062305898749053,0.3376208725164009,0.3376208725164009,0.6686097173585044,9,0,0.4887913763523102,3.5,True,0.5789473684210527,,,69,1.0,0.0,59.578947368421055,1016.9593062784207,running,0.0,56.117469787597656,0.14938676357269287
69,1,hard_diagonal_turns,-1.0999289156986145,-0.9499977672278352,2.6828847263335214e-06,random_local_offset,0.9,-0.45,0.0,-2.0,-0.5,0.0,1018.3129853945132,True,False,False,0.71985015652418,0.34416598081588745,1.0062305898749053,0.34179324613905443,0.34179324613905443,0.6644373437358508,9,0,0.3641614615917206,3.5,True,0.6,,,69,1.0,0.0,60.05,1017.0269902342254,running,-596.9598388671875,36.822265625,0.1503334641456604
70,1,hard_diagonal_turns,-1.0999322271066263,-0.049997670477237854,2.2221855633894195e-06,random_local_offset,0.9,0.45,0.0,-0.55,1.75,-1.57,1020.4240654468067,True,False,False,0.675747613963917,0.2577347755432129,1.0062305898749053,0.34181978842693045,0.34181978842693045,0.6644108014479748,18,0,0.27991724014282227,3.5,True,0.6190476190476191,,,66,1.0,0.0,60.333333333333336,1017.1887557205389,running,-607.3594360351562,33.54574966430664,0.15114380419254303
71,1,hard_diagonal_turns,-1.2499325430001733,-0.8499980410990313,2.3342658754209214e-06,random_local_offset,0.75,-0.35,0.0,-0.55,1.75,-1.57,1015.2640872455303,True,False,False,0.5342177216744902,0.48812004923820496,0.8276472678623424,0.340921062851966,0.340921062851966,0.48672620501037644,0,0,0.5576133728027344,3.5,False,0.5909090909090909,,,50,1.0,0.0,59.86363636363637,1017.1012707898567,running,-595.8640747070312,34.514007568359375,0.15169547498226166
72,1,hard_diagonal_turns,-1.249930444585263,-0.8499980305055674,2.179481545891171e-06,random_local_offset,0.75,-0.35,0.0,0.55,1.75,-1.57,1016.1863462159388,True,False,False,0.5088205655869851,0.48812782764434814,0.8276472678623422,0.3405782405139098,0.3405782405139098,0.48706902734843244,0,0,0.594338059425354,3.5,False,0.5652173913043478,,,50,1.0,0.0,59.43478260869565,1017.0614914605559,running,-607.1356201171875,52.878257751464844,0.15150809288024902
73,1,hard_diagonal_turns,-1.249930429870224,-0.8499980067184675,2.2036407204440065e-06,random_local_offset,0.75,-0.35,0.0,1.65,-0.55,3.14,1015.0466987842167,True,False,False,0.5134476400065078,0.4885513186454773,0.8276472678623426,0.34716351280372015,0.34716351280372015,0.4804837550586224,0,0,0.5721965432167053,3.5,False,0.5416666666666666,,,48,1.0,0.0,58.958333333333336,1016.9775417657083,running,-608.7456665039062,63.891265869140625,0.15094122290611267
74,1,hard_diagonal_turns,-1.2499317600363522,-0.1499980823284925,2.251496178473736e-06,random_local_offset,0.75,0.35,0.0,-1.9,0.55,0.0,1017.052361962855,True,False,False,0.49412602625478574,0.4372812509536743,0.8276472678623423,0.3420821395953026,0.3420821395953026,0.48556512826703974,1,0,0.46397390961647034,3.5,False,0.52,,,49,1.0,0.0,58.56,1016.9805345735942,running,0.0,46.38239669799805,0.1510777324438095
75,1,hard_diagonal_turns,-1.249930883854004,-0.14999818770090528,2.4870660395579974e-06,random_local_offset,0.75,0.35,0.0,1.65,0.55,3.14,1016.9870173433504,True,False,False,0.49424787865541997,0.44583356380462646,0.8276472678623423,0.3432312988212002,0.3432312988212002,0.48441596904114215,0,0,0.4516763985157013,3.5,False,0.52,,,49,1.0,0.0,58.52,1017.085299445123,running,-588.4893798828125,46.09784698486328,0.15243840217590332
76,1,hard_diagonal_turns,-1.2499319839024658,-0.1499980198020392,2.1829230624934673e-06,random_local_offset,0.75,0.35,0.0,-0.55,-1.75,1.57,1016.0071715669785,True,False,False,0.4964297301714199,0.45619869232177734,0.8276472678623426,0.34799576223572953,0.34799576223572953,0.479651505626613,0,0,0.5206224322319031,3.5,False,0.52,,,47,1.0,0.0,58.48,1017.1291817281252,running,0.0,31.055194854736328,0.15264931321144104
77,1,hard_diagonal_turns,-1.099932224139258,-0.04999765093018421,2.289321455108895e-06,random_local_offset,0.9,0.45,0.0,-0.55,-1.75,1.57,1020.4829205406174,True,False,False,0.675210831504483,0.2764189839363098,1.0062305898749055,0.3408001953013394,0.3408001953013394,0.6654303945735661,17,0,0.3006398677825928,3.5,True,0.52,,,63,1.0,0.0,58.36,1017.2494508192256,running,-613.8330078125,90.17440032958984,0.1550344079732895
78,1,hard_diagonal_turns,-1.0999322322270149,-0.04999762608545705,2.263140171897838e-06,random_local_offset,0.9,0.45,0.0,-1.8,-0.5,0.0,1020.0670259501813,True,False,False,0.6762566127155109,0.2691361606121063,1.006230589874905,0.343872264859398,0.343872264859398,0.6623583250155072,17,0,0.27591583132743835,3.5,True,0.52,,,65,1.0,0.0,58.32,1017.3498503804126,running,0.0,28.820894241333008,0.1553460657596588
79,1,hard_diagonal_turns,-1.2499319689048214,-0.14999806059628656,2.136497313115639e-06,random_local_offset,0.75,0.35,0.0,-1.9,-1.55,0.0,1016.743357837888,True,False,False,0.48603870204353355,0.45324623584747314,0.8276472678623424,0.34763023881926436,0.34763023881926436,0.4800170290430781,0,0,0.47199445962905884,3.5,False,0.52,,,48,1.0,0.0,58.2,1017.4353800931481,running,0.0,31.680103302001953,0.15594002604484558
80,1,hard_diagonal_turns,-1.2499325524075198,-0.8499980519519879,2.3240863619468616e-06,random_local_offset,0.75,-0.35,0.0,-1.9,0.55,0.0,1015.5449472170314,True,False,False,0.5088357799087507,0.4890563488006592,0.8276472678623424,0.3457753718302988,0.3457753718302988,0.4818718960320436,0,0,0.6269817352294922,3.5,False,0.48,,,49,1.0,0.0,57.52,1017.3522053467715,running,-664.2807006835938,118.18206024169922,0.15529502928256989
81,1,hard_diagonal_turns,-1.249931981746401,-0.1499980038794974,2.195563372135943e-06,random_local_offset,0.75,0.35,0.0,-2.0,-0.3,0.0,1017.2351911624991,True,False,False,0.489193208709586,0.444659024477005,0.8276472678623423,0.3453410588183801,0.3453410588183801,0.4823062090439622,0,0,0.4940031170845032,3.5,False,0.44,,,48,1.0,0.0,56.72,1017.3515674813893,running,-614.9281005859375,218.9899139404297,0.15475748479366302
82,1,hard_diagonal_turns,-1.2499296511125302,-0.8499980725137588,2.2767972450395548e-06,random_local_offset,0.75,-0.35,0.0,-1.9,0.55,0.0,1015.8744082560756,True,False,False,0.49937910197149826,0.4863347113132477,0.8276472678623424,0.3467475773653905,0.3467475773653905,0.4808996904969519,0,0,0.6297674775123596,3.5,False,0.4,,,47,1.0,0.0,55.84,1017.2871715165642,running,0.0,328.1771545410156,0.15440596640110016
83,1,hard_diagonal_turns,-1.0999319635893146,-0.9499976746507597,2.4328209575217925e-06,random_local_offset,0.9,-0.45,0.0,0.55,1.75,-1.57,1019.1024545696554,True,False,False,0.6906290038281008,0.33181697130203247,1.0062305898749055,0.34417397100369235,0.34417397100369235,0.6620566188712131,11,0,0.4928640127182007,3.5,True,0.44,,,66,1.0,0.0,56.48,1017.4510410833142,running,0.0,29.023103713989258,0.15419912338256836
84,1,hard_diagonal_turns,-1.0999301805335564,-0.9499976498193369,2.23500547946423e-06,random_local_offset,0.9,-0.45,0.0,0.55,-1.75,1.57,1018.5351559821388,True,False,False,0.6904352291966342,0.33444684743881226,1.0062305898749053,0.3484010376102065,0.3484010376102065,0.6578295522646989,9,0,0.363696426153183,3.5,True,0.44,,,65,1.0,0.0,56.48,1017.4734405807878,running,-628.1913452148438,54.36802673339844,0.15360018610954285
85,1,hard_diagonal_turns,-1.2499341490106375,-0.1499981009960481,2.256537697947394e-06,random_local_offset,0.75,0.35,0.0,0.55,1.75,-1.57,1016.9898341293758,True,False,False,0.49328896528582833,0.4278969466686249,0.8276472678623424,0.3423004952741972,0.3423004952741972,0.48534677258814524,1,0,0.5848104953765869,3.5,False,0.4,,,47,1.0,0.0,55.6,1017.4422740546681,running,0.0,31.223838806152344,0.1538357138633728
86,1,hard_diagonal_turns,-1.0999302038596428,-0.9499976547331372,2.2356610180166377e-06,random_local_offset,0.9,-0.45,0.0,1.65,-0.55,3.14,1019.0989205467771,True,False,False,0.6952706829495117,0.34037619829177856,1.0062305898749053,0.34358428095356586,0.34358428095356586,0.6626463089213395,10,0,0.42585164308547974,3.5,True,0.44,,,68,1.0,0.0,56.44,1017.5194492625533,running,0.0,111.85592651367188,0.15352949500083923
87,1,hard_diagonal_turns,-1.2499304508186186,-0.849998013522869,2.1976572006769406e-06,random_local_offset,0.75,-0.35,0.0,1.65,-0.55,3.14,1016.0946759542497,True,False,False,0.49786919784138256,0.4811355173587799,0.8276472678623427,0.3471515477600133,0.3471515477600133,0.4804957201023294,0,0,0.6450837254524231,3.5,False,0.44,,,49,1.0,0.0,56.44,1017.5824547369483,running,-622.4668579101562,17.19921112060547,0.15234442055225372
88,1,hard_diagonal_turns,-1.24993415142843,-0.14999809384558993,2.260143817636099e-06,random_local_offset,0.75,0.35,0.0,-1.8,-0.5,0.0,1016.9215188915041,True,False,False,0.49355980641105657,0.44591689109802246,0.8276472678623424,0.34346423295587175,0.34346423295587175,0.4841830349064707,0,0,0.4614070653915405,3.5,False,0.44,,,47,1.0,0.0,56.36,1017.6231302874198,running,0.0,28.879825592041016,0.15167805552482605
89,1,hard_diagonal_turns,-1.099930895869107,-0.04999768088105927,2.307023062985981e-06,random_local_offset,0.9,0.45,0.0,1.65,-0.55,3.14,1020.0831374538034,True,False,False,0.6755443371342849,0.2763162851333618,1.0062305898749053,0.34354720409689105,0.34354720409689105,0.6626833857780143,17,0,0.2881578505039215,3.5,True,0.44,,,64,1.0,0.0,56.36,1017.6070963636848,running,0.0,29.717025756835938,0.15077732503414154
90,1,hard_diagonal_turns,-1.0999290794775818,-0.9499977328049738,2.3648142468740677e-06,random_local_offset,0.9,-0.45,0.0,0.55,-1.75,1.57,1018.4881629405633,True,False,False,0.6897522656971703,0.35562828183174133,1.0062305898749053,0.3498379910591066,0.3498379910591066,0.6563925988157987,9,0,0.38126054406166077,3.5,True,0.44,,,65,1.0,0.0,56.24,1017.6176465612849,running,-567.1500854492188,71.3421630859375,0.15072187781333923
91,1,hard_diagonal_turns,-1.0999322326051204,-0.049997596200368644,2.289553530745817e-06,random_local_offset,0.9,0.45,0.0,1.65,0.55,3.14,1020.6621306691362,True,False,False,0.6757009813310894,0.26928725838661194,1.0062305898749053,0.34203426688314453,0.34203426688314453,0.6641963229917608,19,0,0.27107295393943787,3.5,True,0.48,,,66,1.0,0.0,56.96,1017.7629864256127,running,-586.4371337890625,27.504608154296875,0.1498919129371643
92,1,hard_diagonal_turns,-1.0999343863766997,-0.04999772552119436,2.3039113056389656e-06,random_local_offset,0.9,0.45,0.0,-2.0,-0.5,0.0,1020.1705579101599,True,False,False,0.6737602392685289,0.2696775197982788,1.0062305898749053,0.34535018513145016,0.34535018513145016,0.6608804047434551,17,0,0.2696775197982788,3.5,True,0.48,,,66,1.0,0.0,56.8,1017.8361763235149,running,-627.0234375,102.46344757080078,0.14812542498111725
93,1,hard_diagonal_turns,-1.099930224486362,-0.9499976761954054,2.1940903413770113e-06,random_local_offset,0.9,-0.45,0.0,-1.9,0.55,0.0,1019.7287093542782,True,False,False,0.692865855063119,0.3472846448421478,1.0062305898749053,0.3409570276005165,0.3409570276005165,0.6652735622743888,10,0,0.5263615250587463,3.5,True,0.48,,,67,1.0,0.0,56.72,1017.8841537330451,running,0.0,40.176612854003906,0.14723321795463562
94,1,hard_diagonal_turns,-1.0999343745026935,-0.049997748754269156,2.273303307595501e-06,random_local_offset,0.9,0.45,0.0,-2.0,-0.3,0.0,1020.1248436670838,True,False,False,0.672750658115425,0.26829496026039124,1.0062305898749053,0.3477406762813797,0.3477406762813797,0.6584899135935256,20,0,0.27356335520744324,3.5,True,0.48,,,65,1.0,0.0,56.56,1017.9566280639476,running,-606.9558715820312,29.191898345947266,0.14803776144981384
95,1,hard_diagonal_turns,-1.0999302569698666,-0.9499977202289285,2.1622100680126965e-06,random_local_offset,0.9,-0.45,0.0,0.55,-1.75,1.57,1019.9156221465657,True,False,False,0.6812735583226892,0.33305710554122925,1.0062305898749053,0.34094721674999956,0.34094721674999956,0.6652833731249057,11,0,0.5775517821311951,3.5,True,0.48,,,65,1.0,0.0,56.52,1017.9362903319383,running,0.0,32.21791076660156,0.1478118896484375
96,1,hard_diagonal_turns,-1.2499376410017904,-0.8499978564990777,2.1428289274922643e-06,random_local_offset,0.75,-0.35,0.0,-0.55,1.75,-1.57,1016.3457752625773,True,False,False,0.5006624140174906,0.4892560541629791,0.8276472678623427,0.3416037398418214,0.3416037398418214,0.48604352802052125,0,0,0.630107581615448,3.5,False,0.48,,,48,1.0,0.0,56.44,1017.97955785262,running,0.0,28.197044372558594,0.14775988459587097
97,1,hard_diagonal_turns,-1.0999322642719027,-0.04999765384523697,2.1703982912591873e-06,random_local_offset,0.9,0.45,0.0,-1.9,-1.55,0.0,1020.113771116392,True,False,False,0.6750603305464372,0.2548679709434509,1.0062305898749053,0.3422931129029806,0.3422931129029806,0.6639374769719247,15,0,0.2548679709434509,3.5,True,0.52,,,62,1.0,0.0,56.92,1018.1366548486383,running,0.0,59.387794494628906,0.14627127349376678
98,1,hard_diagonal_turns,-1.099932207698329,-0.049997667524858125,2.2224663522368264e-06,random_local_offset,0.9,0.45,0.0,-2.0,-0.3,0.0,1019.8297597346848,True,False,False,0.6673152974963326,0.2627420425415039,1.0062305898749053,0.34879381676886234,0.34879381676886234,0.657436773106043,15,0,0.27584022283554077,3.5,True,0.56,,,64,1.0,0.0,57.56,1018.3279772866571,running,0.0,41.038055419921875,0.14437615871429443
99,1,hard_diagonal_turns,-1.249930499537229,-0.8499980235347542,2.1875932170197184e-06,random_local_offset,0.75,-0.35,0.0,-0.55,1.75,-1.57,1016.7643919737317,True,False,False,0.49071305264732107,0.4834955930709839,0.8276472678623424,0.34787612921783767,0.34787612921783767,0.47977113864450477,0,0,0.6267825961112976,3.5,False,0.56,,,48,1.0,0.0,57.52,1018.3164584870921,running,0.0,99.95581817626953,0.14373821020126343
100,1,hard_diagonal_turns,-1.099932220516106,-0.04999768550540795,2.193007232500571e-06,random_local_offset,0.9,0.45,0.0,0.55,-1.75,1.57,1019.3597799013417,True,False,False,0.6738880649349555,0.2788006365299225,1.0062305898749053,0.3495013302992696,0.3495013302992696,0.6567292595756358,16,0,0.2788006365299225,3.5,True,0.6,,,64,1.0,0.0,58.12,1018.4113689894116,running,0.0,35.355037689208984,0.14173108339309692
101,1,hard_diagonal_turns,-1.0999302373082052,-0.9499976860293251,2.183179415153918e-06,random_local_offset,0.9,-0.45,0.0,-0.55,1.75,-1.57,1018.5534336397591,True,False,False,0.6849064945683844,0.32059159874916077,1.0062305898749053,0.348140903109743,0.348140903109743,0.6580896867651623,10,0,0.3968011438846588,3.5,True,0.64,,,64,1.0,0.0,58.8,1018.5132194723228,running,0.0,21.391963958740234,0.14184364676475525
102,1,hard_diagonal_turns,-1.0999344000671298,-0.049997692721046816,2.3323293031388886e-06,random_local_offset,0.9,0.45,0.0,-1.8,-0.5,0.0,1020.3807709444579,True,False,False,0.6734344713883387,0.26814815402030945,1.0062305898749053,0.3411463149079752,0.3411463149079752,0.6650842749669301,16,0,0.28480294346809387,3.5,True,0.64,,,63,1.0,0.0,58.8,1018.5091334884763,running,-587.587646484375,14.616937637329102,0.14148756861686707
103,1,hard_diagonal_turns,-1.099930187270024,-0.9499976350601497,2.2479757007412816e-06,random_local_offset,0.9,-0.45,0.0,-1.8,-0.5,0.0,1018.7954426056929,True,False,False,0.6763566804433316,0.34979382157325745,1.0062305898749055,0.34997649850460666,0.34997649850460666,0.6562540913702989,8,0,0.456636518239975,3.5,True,0.64,,,63,1.0,0.0,58.72,1018.458270154697,running,0.0,12.786702156066895,0.14081329107284546
104,1,hard_diagonal_turns,-1.0999316662235243,-0.04999771527372365,2.5065664610955005e-06,random_local_offset,0.9,0.45,0.0,-1.9,-1.55,0.0,1019.3574050900689,True,False,False,0.6712886659477171,0.2791333794593811,1.0062305898749053,0.3493044411860293,0.3493044411860293,0.656926148688876,15,0,0.31151604652404785,3.5,True,0.68,,,63,1.0,0.0,59.32,1018.562832044784,running,-626.3499755859375,22.614736557006836,0.13983452320098877
105,1,hard_diagonal_turns,-1.0999301863010733,-0.9499976511142589,2.2280639536933756e-06,random_local_offset,0.9,-0.45,0.0,-0.55,1.75,-1.57,1018.8343049558986,True,False,False,0.6988334207252762,0.3277689218521118,1.0062305898749053,0.3408298013633612,0.3408298013633612,0.665400788511544,10,0,0.38642242550849915,3.5,True,0.72,,,66,1.0,0.0,60.0,1018.6944063543388,running,-650.2335815429688,14.475214004516602,0.13802091777324677
106,1,hard_diagonal_turns,-1.0999323116531523,-0.9499977291778259,2.296127156362037e-06,random_local_offset,0.9,-0.45,0.0,-2.0,-0.5,0.0,1019.6685982680625,True,False,False,0.6886559183626271,0.3299078941345215,1.0062305898749053,0.34310399005110537,0.34310399005110537,0.6631265998238,10,0,0.37621554732322693,3.5,True,0.76,,,69,1.0,0.0,60.84,1018.791742638561,running,0.0,32.87035369873047,0.13662584125995636
107,1,hard_diagonal_turns,-1.0999321988278106,-0.049997642624955874,2.2467467362799763e-06,random_local_offset,0.9,0.45,0.0,1.65,0.55,3.14,1020.6308816262988,True,False,False,0.6756910221217631,0.27356988191604614,1.0062305898749053,0.34153820701827475,0.34153820701827475,0.6646923828566306,17,0,0.2756595015525818,3.5,True,0.8,,,66,1.0,0.0,61.6,1018.9820015733701,running,0.0,31.28968620300293,0.13660754263401031
108,1,hard_diagonal_turns,-1.0999386094833854,-0.04999767827423324,2.0479342795894492e-06,random_local_offset,0.9,0.45,0.0,-0.55,1.75,-1.57,1020.4464945626519,True,False,False,0.6743041257077015,0.2705124318599701,1.0062305898749055,0.34384387845007197,0.34384387845007197,0.6623867114248336,17,0,0.3729889690876007,3.5,True,0.8,,,67,1.0,0.0,61.64,1019.0357631730898,running,-600.308349609375,22.91633415222168,0.13486582040786743
109,1,hard_diagonal_turns,-1.099932181996566,-0.04999772159031912,2.158821290342674e-06,random_local_offset,0.9,0.45,0.0,-2.0,-0.3,0.0,1019.8768515065245,True,False,False,0.6713795258340183,0.2715083062648773,1.0062305898749055,0.345779609957423,0.345779609957423,0.6604509799174825,17,0,0.2715083062648773,3.5,True,0.8,1.0,0.0,64,1.0,0.0,61.6,1019.0894309940654,promoted,-603.578369140625,1094.1414794921875,0.1336285024881363
110,2,hard_narrow_gap_forward,-1.1999312009653014,-0.4999978989550321,2.2032469365389695e-06,random_local_offset,0.8,0.0,0.0,-0.55,1.75,-1.57,1016.4337328038558,True,False,False,0.4615430831797038,0.4763636887073517,0.7999999999999999,0.343447538763584,0.343447538763584,0.4565524612364159,0,0,0.5461424589157104,3.5,False,0.0,,,44,1.0,0.0,44.0,1016.4337328038558,running,-613.8104248046875,64.61903381347656,0.13394038379192352
111,2,hard_narrow_gap_forward,-1.1999312349470705,-0.4999979091978102,2.1871908432813707e-06,random_local_offset,0.8,0.0,0.0,-0.55,1.75,-1.57,1016.278261546546,True,False,False,0.45507552328281575,0.4850495755672455,0.8000000000000002,0.3481479004210973,0.3481479004210973,0.4518520995789029,0,0,0.5566096901893616,3.5,False,0.0,,,45,1.0,0.0,44.5,1016.3559971752009,running,0.0,17.353168487548828,0.13687944412231445
112,2,hard_narrow_gap_forward,-0.7999333394097052,-0.49999699893992544,2.3262078101472046e-06,random_local_offset,1.2,0.0,0.0,-0.55,1.75,-1.57,1022.681604792043,True,False,False,0.909067786240353,0.32236576080322266,1.2,0.3457475354344614,0.3457475354344614,0.8542524645655385,30,0,0.33254945278167725,3.5,False,0.0,,,89,1.0,0.0,59.333333333333336,1018.4645330474815,running,-588.04150390625,15.215411186218262,0.14264942705631256
113,2,hard_narrow_gap_forward,-0.9999312090334882,-0.4999973912584557,2.273699579762237e-06,random_local_offset,1.0,0.0,0.0,-0.55,-1.75,1.57,1020.2562246023807,True,False,False,0.6574661376689765,0.39245539903640747,1.0,0.3492701465545711,0.3492701465545711,0.6507298534454289,4,0,0.39245539903640747,3.5,False,0.0,,,63,1.0,0.0,60.25,1018.9124559362064,running,0.0,27.079978942871094,0.14433236420154572
114,2,hard_narrow_gap_forward,-1.1999312228782435,-0.4999978877818329,2.2203211642741603e-06,random_local_offset,0.8,0.0,0.0,-0.55,-1.75,1.57,1017.2460234723573,True,False,False,0.4637049167266795,0.47807592153549194,0.8,0.34121591036804555,0.34121591036804555,0.4587840896319545,0,0,0.5327432155609131,3.5,False,0.0,,,47,1.0,0.0,57.6,1018.5791694434365,running,-606.652587890625,26.054710388183594,0.14480474591255188
115,2,hard_narrow_gap_forward,-1.1999333333548374,-0.49999788016716923,2.3917614996034774e-06,random_local_offset,0.8,0.0,0.0,0.55,-1.75,1.57,1016.6700149389632,True,False,False,0.46061688357584135,0.48366960883140564,0.8,0.34302150232202755,0.34302150232202755,0.4569784976779725,0,0,0.5390471816062927,3.5,False,0.0,,,44,1.0,0.0,55.333333333333336,1018.2609770260243,running,-600.3890991210938,31.865997314453125,0.1445799618959427
116,2,hard_narrow_gap_forward,-1.199931221907128,-0.4999979517840524,2.1357856510560724e-06,random_local_offset,0.8,0.0,0.0,0.55,1.75,-1.57,1017.0811921438572,True,False,False,0.4614287727510684,0.48468273878097534,0.7999999999999999,0.3407621264521341,0.3407621264521341,0.4592378735478658,0,0,0.5492973327636719,3.5,False,0.0,,,44,1.0,0.0,53.714285714285715,1018.0924363285719,running,-642.7529296875,36.43263244628906,0.1439054012298584
117,2,hard_narrow_gap_forward,-0.9999313223761803,-0.49999735851772686,2.4488761747576334e-06,random_local_offset,1.0,0.0,0.0,0.55,-1.75,1.57,1019.3771274499154,True,False,False,0.6676487877781219,0.359357088804245,1.0,0.348511881560442,0.348511881560442,0.651488118439558,10,0,0.359357088804245,3.5,False,0.0,,,65,1.0,0.0,55.125,1018.2530227187399,running,0.0,26.024850845336914,0.14152343571186066
118,2,hard_narrow_gap_forward,-0.7999311981792181,-0.49999693241209,2.276746815881234e-06,random_local_offset,1.2,0.0,0.0,0.55,1.75,-1.57,989.88112478264,True,False,False,0.9159649646468475,0.2208004742860794,1.2,0.3472286562006741,0.3472286562006741,0.8527713437993258,36,0,0.24905870854854584,3.5,False,0.0,,,89,1.0,0.0,58.888888888888886,1015.1005896147287,running,-648.4998168945312,49.116546630859375,0.1381363421678543
119,2,hard_narrow_gap_forward,-1.1999311929484193,-0.49999787271513274,2.2446296462279563e-06,random_local_offset,0.8,0.0,0.0,-0.55,1.75,-1.57,1016.7489711431198,True,False,False,0.45839517665367036,0.48359355330467224,0.7999999999999999,0.3455638379563889,0.3455638379563889,0.45443616204361104,0,0,0.5332494378089905,3.5,False,0.0,,,44,1.0,0.0,57.4,1015.2654277675678,running,-622.7398071289062,25.242130279541016,0.13669119775295258
120,2,hard_narrow_gap_forward,-0.7999315647760714,-0.49999698890272604,2.6907595400203863e-06,random_local_offset,1.2,0.0,0.0,-0.55,1.75,-1.57,1018.6073765661436,True,False,False,0.8989893142955012,0.2489052265882492,1.2,0.3410211668222749,0.3410211668222749,0.858978833177725,31,0,0.26382920145988464,3.5,False,0.0,,,83,1.0,0.0,59.72727272727273,1015.5692412947111,running,0.0,22.548137664794922,0.1344028115272522
121,2,hard_narrow_gap_forward,-0.9999312204546555,-0.4999975144732983,2.152988262759842e-06,random_local_offset,1.0,0.0,0.0,-0.55,1.75,-1.57,1019.7688183081667,True,False,False,0.6761535614223577,0.3441571295261383,1.0,0.3401703833298526,0.3401703833298526,0.6598296166701474,9,0,0.3441571295261383,3.5,False,0.0,,,64,1.0,0.0,60.083333333333336,1015.9192060458323,running,0.0,18.272632598876953,0.13273662328720093
122,2,hard_narrow_gap_forward,-0.7999307581505537,-0.49999709145662896,2.385669398124384e-06,random_local_offset,1.2,0.0,0.0,0.55,-1.75,1.57,1022.5231767817742,True,False,False,0.87052911430638,0.26984360814094543,1.2,0.3467406036020377,0.3467406036020377,0.8532593963979622,27,0,0.2782282531261444,3.5,False,0.0,,,82,1.0,0.0,61.76923076923077,1016.427203794751,running,0.0,348.1104736328125,0.1309216022491455
123,2,hard_narrow_gap_forward,-0.7999312237329472,-0.4999969767295047,2.2344779917837205e-06,random_local_offset,1.2,0.0,0.0,-0.55,-1.75,1.57,1022.8090940983273,True,False,False,0.9408184696103156,0.32769155502319336,1.2,0.34777343657372367,0.34777343657372367,0.8522265634262762,30,0,0.37852922081947327,3.5,False,0.0,,,89,1.0,0.0,63.714285714285715,1016.8830531021493,running,-579.9668579101562,35.30577087402344,0.13339456915855408
124,2,hard_narrow_gap_forward,-0.9999312269214531,-0.4999974691948987,2.198022595089074e-06,random_local_offset,1.0,0.0,0.0,0.55,-1.75,1.57,1020.4329748229939,True,False,False,0.6667778012901561,0.44941380620002747,1.0,0.34096429825917646,0.34096429825917646,0.6590357017408235,0,0,0.44941380620002747,3.5,False,0.0,,,63,1.0,0.0,63.666666666666664,1017.1197145502057,running,0.0,76.10120391845703,0.13389427959918976
125,2,hard_narrow_gap_forward,-1.1999311964028587,-0.4999978872840087,2.222570104646068e-06,random_local_offset,0.8,0.0,0.0,0.55,1.75,-1.57,1016.5943986670793,True,False,False,0.4569376100093547,0.48391205072402954,0.8,0.34595447156490866,0.34595447156490866,0.4540455284350914,0,0,0.5566918849945068,3.5,False,0.0,,,44,1.0,0.0,62.4375,1017.0868823075102,running,0.0,26.74506378173828,0.13340850174427032
126,2,hard_narrow_gap_forward,-0.9999312371684375,-0.4999974726096363,2.1851235843902607e-06,random_local_offset,1.0,0.0,0.0,-0.55,1.75,-1.57,1019.9935469165578,True,False,False,0.6605706712390739,0.3903960883617401,1.0,0.3451938333800027,0.3451938333800027,0.6548061666199974,5,0,0.3903960883617401,3.5,False,0.0,,,62,1.0,0.0,62.411764705882355,1017.2578625786307,running,0.0,55.4912109375,0.1318967193365097
127,2,hard_narrow_gap_forward,-0.7999312339554452,-0.4999970459752103,2.1834171097164097e-06,random_local_offset,1.2,0.0,0.0,0.55,-1.75,1.57,1022.6202698948508,True,False,False,0.8807508622144589,0.28926533460617065,1.2,0.3417887427416499,0.3417887427416499,0.85821125725835,28,0,0.3023480176925659,3.5,False,0.0,,,82,1.0,0.0,63.5,1017.5557740961984,running,0.0,23.96736717224121,0.1297188252210617
128,2,hard_narrow_gap_forward,-0.7999313257117633,-0.49999706925755977,2.111181097877318e-06,random_local_offset,1.2,0.0,0.0,0.55,-1.75,1.57,1022.8031944517375,True,False,False,0.8697170457882303,0.27850228548049927,1.2,0.34524897629452656,0.34524897629452656,0.8547510237054734,27,0,0.2800827920436859,3.5,False,0.0,,,85,1.0,0.0,64.63157894736842,1017.8319541149111,running,-605.4888916015625,27.25777816772461,0.12687012553215027
129,2,hard_narrow_gap_forward,-1.1999310922428976,-0.499997947953966,2.4213045516055368e-06,random_local_offset,0.8,0.0,0.0,-0.55,-1.75,1.57,1017.0347364129808,True,False,False,0.46220181494564044,0.4883592128753662,0.8000000000000002,0.3407381840743017,0.3407381840743017,0.4592618159256985,0,0,0.5275337100028992,3.5,False,0.0,,,44,1.0,0.0,63.6,1017.7920932298146,running,-571.3621826171875,436.0980529785156,0.12436355650424957
130,2,hard_narrow_gap_forward,-0.9999312172513197,-0.49999745258979195,2.2139343396559294e-06,random_local_offset,1.0,0.0,0.0,0.55,-1.75,1.57,1019.4876051438579,True,False,False,0.6618328352161966,0.392822802066803,1.0,0.3470563307484906,0.3470563307484906,0.6529436692515094,7,0,0.392822802066803,3.5,False,0.0,,,61,1.0,0.0,63.476190476190474,1017.8728318923881,running,0.0,32.05075454711914,0.12236374616622925
131,2,hard_narrow_gap_forward,-0.7999310939312889,-0.49999694274258444,2.460023884993104e-06,random_local_offset,1.2,0.0,0.0,0.55,-1.75,1.57,1022.1147802313117,True,False,False,0.8752524470023079,0.2561059296131134,1.2,0.3458039667583434,0.3458039667583434,0.8541960332416565,26,0,0.2561059296131134,3.5,False,0.0,,,80,1.0,0.0,64.22727272727273,1018.0656477259756,running,0.0,39.58901596069336,0.11976739019155502
132,2,hard_narrow_gap_forward,-0.9999311834969803,-0.4999974216648551,2.239506419519853e-06,random_local_offset,1.0,0.0,0.0,-0.55,1.75,-1.57,1019.2834964467297,True,False,False,0.6693311362296654,0.36088088154792786,1.0,0.34577565784890724,0.34577565784890724,0.6542243421510927,6,0,0.36088088154792786,3.5,False,0.0,,,62,1.0,0.0,64.1304347826087,1018.1185976703563,running,0.0,16.911094665527344,0.11918830126523972
133,2,hard_narrow_gap_forward,-0.7999305410116444,-0.49999696294505935,2.1834994498096715e-06,random_local_offset,1.2,0.0,0.0,0.55,1.75,-1.57,1023.0806853500105,True,False,False,0.8656823227275166,0.2785744369029999,1.2,0.3462904088392115,0.3462904088392115,0.8537095911607884,26,0,0.2785744369029999,3.5,False,0.0,,,83,1.0,0.0,64.91666666666667,1018.3253513236751,running,-605.634765625,34.33094787597656,0.11789730191230774
134,2,hard_narrow_gap_forward,-0.9999312212858691,-0.49999747341653406,2.195365332445611e-06,random_local_offset,1.0,0.0,0.0,-0.55,-1.75,1.57,1019.9560121115851,True,False,False,0.6714663857152177,0.36479249596595764,1.0,0.34283360292074216,0.34283360292074216,0.6571663970792578,9,0,0.36479249596595764,3.5,False,0.0,,,64,1.0,0.0,64.88,1018.3905777551917,running,-593.0720825195312,24.598604202270508,0.11645787954330444
135,2,hard_narrow_gap_forward,-1.1999311860665491,-0.49999786745106206,2.241933112917216e-06,random_local_offset,0.8,0.0,0.0,0.55,1.75,-1.57,1016.1718207081091,True,False,False,0.4533362037810176,0.4866110682487488,0.7999999999999999,0.3496991092877031,0.3496991092877031,0.45030089071229684,0,0,0.548992395401001,3.5,False,0.0,,,42,1.0,0.0,64.8,1018.3801012713616,running,-595.6165771484375,29.296730041503906,0.11548125743865967
136,2,hard_narrow_gap_forward,-0.79993059262782,-0.4999970286929742,2.6229404198398697e-06,random_local_offset,1.2,0.0,0.0,-0.55,-1.75,1.57,1022.6540827969576,True,False,False,0.8754035820094667,0.264483243227005,1.2,0.34558748394565353,0.34558748394565353,0.8544125160543464,27,0,0.264483243227005,3.5,False,0.0,,,81,1.0,0.0,66.24,1018.6351341213781,running,0.0,23.894939422607422,0.11413033306598663
137,2,hard_narrow_gap_forward,-1.1999333304112718,-0.4999979133816117,2.3488188682771315e-06,random_local_offset,0.8,0.0,0.0,0.55,-1.75,1.57,1015.6995013041864,True,False,False,0.46399337252196493,0.4775181710720062,0.7999999999999999,0.34647916943824253,0.34647916943824253,0.4535208305617574,0,0,0.5165632963180542,3.5,False,0.0,,,44,1.0,0.0,64.44,1018.3558499818637,running,0.0,22.502323150634766,0.11391676962375641
138,2,hard_narrow_gap_forward,-0.9999312096601166,-0.4999973882502087,2.27273704894919e-06,random_local_offset,1.0,0.0,0.0,-0.55,-1.75,1.57,1019.8330742703738,True,False,False,0.6702691812526475,0.363726407289505,1.0,0.3446458968766931,0.3446458968766931,0.6553541031233069,8,0,0.363726407289505,3.5,False,0.0,,,64,1.0,0.0,64.48,1018.3389239685835,running,0.0,23.23069953918457,0.11405384540557861
139,2,hard_narrow_gap_forward,-0.7999312118606388,-0.4999970047210097,2.2132799916656027e-06,random_local_offset,1.2,0.0,0.0,0.55,-1.75,1.57,1022.5651030766828,True,False,False,0.8786606491880207,0.24963341653347015,1.2,0.34317806916032795,0.34317806916032795,0.8568219308396721,30,0,0.24963341653347015,3.5,False,0.0,,,83,1.0,0.0,65.92,1018.5516871527565,running,-615.9529418945312,22.64950942993164,0.11506636440753937
140,2,hard_narrow_gap_forward,-0.9999365033883237,-0.4999978640121297,2.142602070699634e-06,random_local_offset,1.0,0.0,0.0,-0.55,1.75,-1.57,1019.7841554966778,True,False,False,0.6581979870097321,0.3955928683280945,1.0,0.34911028715974235,0.34911028715974235,0.6508897128402577,2,0,0.3955928683280945,3.5,False,0.0,,,62,1.0,0.0,66.64,1018.6762527750651,running,-588.5514526367188,262.33758544921875,0.1148500069975853
141,2,hard_narrow_gap_forward,-0.7999374697819062,-0.49999707651843,2.124534671291312e-06,random_local_offset,1.2,0.0,0.0,-0.55,-1.75,1.57,957.9978922956742,True,False,False,0.9179008903059559,0.17060405015945435,1.2,0.3426767011411963,0.3426767011411963,0.8573232988588037,35,0,0.1760132759809494,3.5,False,0.0,,,87,1.0,0.0,68.36,1016.3129207811377,running,0.0,25.526020050048828,0.11586697399616241
142,2,hard_narrow_gap_forward,-0.999930145258774,-0.49999736270274164,2.247615850460257e-06,random_local_offset,1.0,0.0,0.0,0.55,-1.75,1.57,1020.7376011802753,True,False,False,0.6636118085131163,0.4040083587169647,1.0,0.341063675410268,0.341063675410268,0.658936324589732,4,0,0.4040083587169647,3.5,False,0.0,,,64,1.0,0.0,68.32,1016.3673397303521,running,0.0,31.620502471923828,0.11832104623317719
143,2,hard_narrow_gap_forward,-1.1999299471591303,-0.4999979199584383,2.416044099019284e-06,random_local_offset,0.8,0.0,0.0,-0.55,1.75,-1.57,1016.4019909106472,True,False,False,0.45760433824065544,0.48811906576156616,0.8000000000000002,0.34570016733739595,0.34570016733739595,0.4542998326626042,0,0,0.5560444593429565,3.5,False,0.0,,,43,1.0,0.0,66.48,1017.4281743754722,running,-593.73193359375,26.260486602783203,0.11918452382087708
144,2,hard_narrow_gap_forward,-0.7999304834683862,-0.4999970708180474,2.600376569210422e-06,random_local_offset,1.2,0.0,0.0,-0.55,-1.75,1.57,1022.4868313757358,True,False,False,0.8802464856824759,0.26063573360443115,1.2,0.34304593262765104,0.34304593262765104,0.8569540673723489,30,0,0.2639126479625702,3.5,False,0.0,,,83,1.0,0.0,68.04,1017.6576887847768,running,0.0,27.5799617767334,0.12030418962240219
145,2,hard_narrow_gap_forward,-0.9999313033943661,-0.49999738786752723,2.2209656167504346e-06,random_local_offset,1.0,0.0,0.0,-0.55,1.75,-1.57,1020.6370001724,True,False,False,0.6604093781677096,0.39361631870269775,1.0,0.3437242337437324,0.3437242337437324,0.6562757662562676,3,0,0.39361631870269775,3.5,False,0.0,,,63,1.0,0.0,67.24,1017.7388737290271,running,-586.3025512695312,27.071063995361328,0.12133947759866714
146,2,hard_narrow_gap_forward,-1.1999313169042054,-0.49999795348463444,2.0771674316461556e-06,random_local_offset,0.8,0.0,0.0,0.55,-1.75,1.57,1016.5909101825165,True,False,False,0.46004574821460953,0.48445287346839905,0.7999999999999999,0.3463566579899382,0.3463566579899382,0.45364334201006173,0,0,0.5364072322845459,3.5,False,0.0,,,45,1.0,0.0,66.48,1017.6117574040013,running,0.0,19.45468521118164,0.12085901200771332
147,2,hard_narrow_gap_forward,-1.1999312009677794,-0.49999789890634666,2.2018140997880433e-06,random_local_offset,0.8,0.0,0.0,0.55,-1.75,1.57,1016.4572084144179,True,False,False,0.45664818342129176,0.49149060249328613,0.8000000000000002,0.3475202487074179,0.3475202487074179,0.4524797512925823,0,0,0.5426463484764099,3.5,False,0.0,,,44,1.0,0.0,64.96,1017.3691186693069,running,0.0,27.835996627807617,0.11997444927692413
148,2,hard_narrow_gap_forward,-0.7999312184258771,-0.49999694846193043,2.254876209950163e-06,random_local_offset,1.2,0.0,0.0,0.55,1.75,-1.57,1019.01868311619,True,False,False,0.8820838853178294,0.2474300116300583,1.2,0.34110565365131473,0.34110565365131473,0.8588943463486852,29,0,0.2474300116300583,3.5,False,0.0,,,83,1.0,0.0,64.72,1017.2175022300213,running,-594.2407836914062,11.24911880493164,0.11886289715766907
149,2,hard_narrow_gap_forward,-1.1999312273105311,-0.4999979252323589,2.1788152409003223e-06,random_local_offset,0.8,0.0,0.0,-0.55,1.75,-1.57,1015.8046247316178,True,False,False,0.4610195598988403,0.4927707314491272,0.8,0.3473552759660177,0.3473552759660177,0.45264472403398237,0,0,0.5238530039787292,3.5,False,0.0,,,43,1.0,0.0,63.92,1017.0323682263665,running,0.0,22.60049819946289,0.11784373968839645
150,2,hard_narrow_gap_forward,-0.7999311921333212,-0.49999696020070344,2.24293779120188e-06,random_local_offset,1.2,0.0,0.0,0.55,-1.75,1.57,1022.7751908352868,True,False,False,0.8816655065553982,0.24519874155521393,1.2,0.34228817802106104,0.34228817802106104,0.8577118219789389,29,0,0.2580825388431549,3.5,False,0.0,,,83,1.0,0.0,65.48,1017.2795999130947,running,-633.9398193359375,14.656526565551758,0.11640216410160065
151,2,hard_narrow_gap_forward,-0.9999312048438984,-0.49999745631784,2.1963976404278797e-06,random_local_offset,1.0,0.0,0.0,0.55,1.75,-1.57,1019.8648952522736,True,False,False,0.6665398397658695,0.37154731154441833,1.0,0.34342060812280834,0.34342060812280834,0.6565793918771916,7,0,0.37154731154441833,3.5,False,0.0,,,63,1.0,0.0,65.52,1017.2744538465234,running,0.0,18.256101608276367,0.11585018038749695
152,2,hard_narrow_gap_forward,-0.7999311979014121,-0.49999696499690754,2.25284069191523e-06,random_local_offset,1.2,0.0,0.0,0.55,-1.75,1.57,1022.8103297727556,True,False,False,0.8668043994433862,0.2729703187942505,1.2,0.34840663545457806,0.34840663545457806,0.8515933645454219,27,0,0.2729703187942505,3.5,False,0.0,,,81,1.0,0.0,65.48,1017.2820562416393,running,-603.7154541015625,21.72952651977539,0.11631050705909729
153,2,hard_narrow_gap_forward,-0.7999333231736436,-0.49999696082995587,2.3628534645880857e-06,random_local_offset,1.2,0.0,0.0,-0.55,-1.75,1.57,1022.6459150216006,True,False,False,0.8741105254853592,0.2523754835128784,1.2,0.3453673010828936,0.3453673010828936,0.8546326989171064,28,0,0.25813737511634827,3.5,False,0.0,,,84,1.0,0.0,65.44,1017.2757650644339,running,-596.929443359375,26.897829055786133,0.11677650362253189
154,2,hard_narrow_gap_forward,-0.9999312294381271,-0.4999974956037315,2.1610144505920793e-06,random_local_offset,1.0,0.0,0.0,0.55,1.75,-1.57,1020.1896232982422,True,False,False,0.6625964999543462,0.37782707810401917,1.0,0.3442250188813059,0.3442250188813059,0.6557749811186941,4,0,0.37782707810401917,3.5,False,0.0,,,62,1.0,0.0,66.16,1017.4019605398446,running,-615.0032958984375,23.573062896728516,0.11703228950500488
155,2,hard_narrow_gap_forward,-0.9999312023949235,-0.49999742109954526,2.247205870291517e-06,random_local_offset,1.0,0.0,0.0,-0.55,-1.75,1.57,1019.7953633592672,True,False,False,0.6612507242743185,0.36933213472366333,1.0,0.34731109203398086,0.34731109203398086,0.6526889079660192,5,0,0.36933213472366333,3.5,False,0.0,,,63,1.0,0.0,66.24,1017.4142708684608,running,0.0,8.29674243927002,0.11656513065099716
156,2,hard_narrow_gap_forward,-0.9999366580417925,-0.4999974983711604,2.3647531609710904e-06,random_local_offset,1.0,0.0,0.0,-0.55,-1.75,1.57,1020.475339605367,True,False,False,0.657212235053759,0.3962900936603546,1.0,0.3473782895714651,0.3473782895714651,0.6526217104285349,4,0,0.3962900936603546,3.5,False,0.0,,,63,1.0,0.0,65.56,1017.3486932434232,running,-579.795166015625,272.20159912109375,0.11728482693433762
157,2,hard_narrow_gap_forward,-0.999931232390727,-0.4999974642129751,2.197790126230672e-06,random_local_offset,1.0,0.0,0.0,0.55,1.75,-1.57,1019.9187526074189,True,False,False,0.661987019648967,0.37877240777015686,1.0,0.34723258291675635,0.34723258291675635,0.6527674170832436,7,0,0.37877240777015686,3.5,False,0.0,,,64,1.0,0.0,65.64,1017.3741034898508,running,-561.78271484375,21.668014526367188,0.11688566952943802
158,2,hard_narrow_gap_forward,-0.7999311851833344,-0.4999969730083324,2.2408613716062225e-06,random_local_offset,1.2,0.0,0.0,-0.55,1.75,-1.57,1022.953022426325,True,False,False,0.8690992389533222,0.2712545692920685,1.2,0.34408094490920477,0.34408094490920477,0.8559190550907951,26,0,0.2712545692920685,3.5,False,0.0,,,81,1.0,0.0,65.56,1017.3689969729035,running,0.0,16.25872039794922,0.11764324456453323
159,2,hard_narrow_gap_forward,-0.9999311949828251,-0.4999974192355537,2.2343886262698746e-06,random_local_offset,1.0,0.0,0.0,-0.55,-1.75,1.57,1019.7004467840809,True,False,False,0.6700275055437012,0.38156750798225403,1.0,0.34096981925536457,0.34096981925536457,0.6590301807446355,7,0,0.38156750798225403,3.5,False,0.0,,,64,1.0,0.0,65.56,1017.3587743598033,running,0.0,18.777603149414062,0.11751504987478256
160,2,hard_narrow_gap_forward,-1.1999312300734586,-0.4999979039984075,2.1949777920730003e-06,random_local_offset,0.8,0.0,0.0,-0.55,1.75,-1.57,1016.4053005751784,True,False,False,0.4593928786965931,0.487899512052536,0.8,0.3468677952267881,0.3468677952267881,0.4531322047732119,0,0,0.5117679238319397,3.5,False,0.0,,,44,1.0,0.0,65.64,1017.3681135544861,running,0.0,32.448020935058594,0.11769548058509827
161,2,hard_narrow_gap_forward,-0.9999311880647002,-0.4999974158382944,2.247562527022712e-06,random_local_offset,1.0,0.0,0.0,0.55,1.75,-1.57,1020.4059644088959,True,False,False,0.663967772999332,0.39242929220199585,1.0,0.34197249211606096,0.34197249211606096,0.658027507883939,3,0,0.39242929220199585,3.5,False,0.0,,,64,1.0,0.0,64.96,1017.2781888189637,running,0.0,25.77813720703125,0.11884518712759018
162,2,hard_narrow_gap_forward,-0.79993120768698,-0.49999701544228575,2.1963648242330668e-06,random_local_offset,1.2,0.0,0.0,-0.55,1.75,-1.57,1022.9703621216611,True,False,False,0.8635056898503082,0.2703486382961273,1.2,0.3470900500642546,0.3470900500642546,0.8529099499357453,23,0,0.28964731097221375,3.5,False,0.0,,,83,1.0,0.0,66.52,1017.5690232516628,running,-578.4109497070312,64.34874725341797,0.11938568204641342
163,2,hard_narrow_gap_forward,-1.1999312390910988,-0.49999791230772384,2.1856929455963923e-06,random_local_offset,0.8,0.0,0.0,-0.55,1.75,-1.57,1017.0781440779692,True,False,False,0.46186042099354296,0.4888440668582916,0.8,0.34138862265292985,0.34138862265292985,0.4586113773470702,0,0,0.5400229096412659,3.5,False,0.0,,,44,1.0,0.0,65.72,1017.4588260439664,running,-601.0975341796875,31.095073699951172,0.12029237300157547
164,2,hard_narrow_gap_forward,-1.1999312251619445,-0.49999789514448195,2.2102263609008788e-06,random_local_offset,0.8,0.0,0.0,0.55,1.75,-1.57,1016.196470423954,True,False,False,0.4534615747601488,0.49244415760040283,0.7999999999999998,0.3495475768424366,0.3495475768424366,0.45045242315756323,0,0,0.544474720954895,3.5,False,0.0,,,42,1.0,0.0,64.08,1017.2040807378573,running,-614.6239624023438,32.247779846191406,0.12216060608625412
165,2,hard_narrow_gap_forward,-0.7999311851069095,-0.49999697438937446,2.2400227063576306e-06,random_local_offset,1.2,0.0,0.0,0.55,1.75,-1.57,1023.3577685681131,True,False,False,0.8744293523143833,0.26906150579452515,1.2,0.33970748514554844,0.33970748514554844,0.8602925148544516,26,0,0.26906150579452515,3.5,False,0.0,,,83,1.0,0.0,64.92,1017.3470252607148,running,0.0,22.361404418945312,0.12330172955989838
166,2,hard_narrow_gap_forward,-0.7999331633263342,-0.49999713714067084,2.337710657985301e-06,random_local_offset,1.2,0.0,0.0,-0.55,-1.75,1.57,1023.3988481455348,True,False,False,0.8665216021175955,0.2899727523326874,1.2,0.342165359811687,0.342165359811687,0.857834640188313,24,0,0.2899727523326874,3.5,False,0.0,,,82,1.0,0.0,64.72,1019.9630634947089,running,0.0,29.528989791870117,0.12292435020208359
167,2,hard_narrow_gap_forward,-1.1999312640862647,-0.49999791912032976,2.1811821051893552e-06,random_local_offset,0.8,0.0,0.0,-0.55,-1.75,1.57,1016.9143313457575,True,False,False,0.45995145679710564,0.47490742802619934,0.8000000000000002,0.3426333459929326,0.3426333459929326,0.45736665400706755,0,0,0.5409268140792847,3.5,False,0.0,,,44,1.0,0.0,63.92,1019.8101327013281,running,0.0,20.19538116455078,0.12206245958805084
168,2,hard_narrow_gap_forward,-0.999931189656812,-0.49999742357958527,2.2350418925961995e-06,random_local_offset,1.0,0.0,0.0,0.55,-1.75,1.57,1020.2115669845288,True,False,False,0.6643095837091555,0.38281333446502686,1.0,0.3437322038858743,0.3437322038858743,0.6562677961141257,5,0,0.38281333446502686,3.5,False,0.0,,,64,1.0,0.0,64.76,1019.9625157442836,running,0.0,18.781539916992188,0.12167680263519287
169,2,hard_narrow_gap_forward,-0.7999312304079591,-0.49999705954453644,2.1632113465566334e-06,random_local_offset,1.2,0.0,0.0,0.55,-1.75,1.57,1022.6002276820817,True,False,False,0.8767767899748503,0.2670663297176361,1.2,0.34285798694070146,0.34285798694070146,0.8571420130592985,31,0,0.2670663297176361,3.5,False,0.0,,,86,1.0,0.0,64.88,1019.9670515965373,running,0.0,17.256759643554688,0.12035790085792542
170,2,hard_narrow_gap_forward,-0.7999333606283225,-0.4999970056552237,2.3218760970475865e-06,random_local_offset,1.2,0.0,0.0,0.55,1.75,-1.57,1022.7892486224097,True,False,False,0.8691986355480479,0.25589972734451294,1.2000000000000002,0.34654692823603533,0.34654692823603533,0.8534530717639648,29,0,0.25589972734451294,3.5,False,0.0,,,81,1.0,0.0,65.6,1020.0531415345378,running,-577.6142578125,6.969981670379639,0.11921379715204239
171,2,hard_narrow_gap_forward,-1.1999378129973803,-0.4999978136610936,2.2702219185768684e-06,random_local_offset,0.8,0.0,0.0,-0.55,-1.75,1.57,1016.5002870546748,True,False,False,0.4533002824291968,0.4913850426673889,0.7999999999999999,0.34988608411361916,0.34988608411361916,0.4501139158863808,0,0,0.5465033054351807,3.5,False,0.0,,,46,1.0,0.0,65.64,1020.049516609424,running,-591.3521728515625,36.690242767333984,0.1189192458987236
172,2,hard_narrow_gap_forward,-1.1999312291317192,-0.4999978980513928,2.20235793419504e-06,random_local_offset,0.8,0.0,0.0,-0.55,-1.75,1.57,1016.761808471782,True,False,False,0.46375072212391105,0.48276492953300476,0.7999999999999999,0.3411328797690493,0.3411328797690493,0.4588671202309506,0,0,0.5263144373893738,3.5,False,0.0,,,45,1.0,0.0,65.68,1020.0617006117186,running,0.0,34.83207321166992,0.11793305724859238
173,2,hard_narrow_gap_forward,-1.1999307950968525,-0.49999794867161784,2.424615742515627e-06,random_local_offset,0.8,0.0,0.0,0.55,-1.75,1.57,1017.3299661955978,True,False,False,0.4635488886501841,0.48778319358825684,0.8,0.33978798581146546,0.33978798581146546,0.4602120141885346,0,0,0.5429413318634033,3.5,False,0.0,,,45,1.0,0.0,64.16,1019.9941519348947,running,-593.3607788085938,18.056652069091797,0.1185629665851593
174,2,hard_narrow_gap_forward,-0.9999274953835117,-0.5000016992285693,1.4364668165256615e-06,random_local_offset,1.0,0.0,0.0,0.55,1.75,-1.57,1020.2427583863557,True,False,False,0.6588675153558997,0.39085423946380615,1.0,0.3469601424982809,0.3469601424982809,0.6530398575017191,5,0,0.39085423946380615,3.5,False,0.0,,,63,1.0,0.0,64.96,1020.1716772810846,running,0.0,14.832931518554688,0.11901628226041794
175,2,hard_narrow_gap_forward,-0.9999376526849696,-0.49999738397810706,2.1349405073689343e-06,random_local_offset,1.0,0.0,0.0,0.55,-1.75,1.57,1019.7355196525987,True,False,False,0.661681900156992,0.3611696660518646,1.0,0.34738657195309536,0.34738657195309536,0.6526134280469047,6,0,0.3611696660518646,3.5,False,0.0,,,63,1.0,0.0,64.16,1020.0500904337771,running,-600.4122314453125,14.239250183105469,0.12012428790330887
176,2,hard_narrow_gap_forward,-1.1999312232387291,-0.4999979423666403,2.1439364080185393e-06,random_local_offset,0.8,0.0,0.0,-0.55,1.75,-1.57,1016.5549007756952,True,False,False,0.45727176265074965,0.4847800135612488,0.8000000000000002,0.3472718585932122,0.3472718585932122,0.45272814140678797,0,0,0.5485432147979736,3.5,False,0.0,,,44,1.0,0.0,63.4,1019.9176906547139,running,-613.3320922851562,16.893190383911133,0.12032599002122879
177,2,hard_narrow_gap_forward,-1.1999311925361673,-0.49999786818539804,2.239462256137769e-06,random_local_offset,0.8,0.0,0.0,-0.55,1.75,-1.57,1016.5142511842117,True,False,False,0.4616224443823575,0.48464879393577576,0.8000000000000002,0.34308603762169554,0.34308603762169554,0.4569139623783046,0,0,0.5250873565673828,3.5,False,0.0,,,44,1.0,0.0,61.92,1019.665847511172,running,-609.4000244140625,30.01565170288086,0.11988843977451324
178,2,hard_narrow_gap_forward,-0.7999312200772104,-0.4999970961252595,2.1373328840291203e-06,random_local_offset,1.2,0.0,0.0,0.55,1.75,-1.57,1023.3180052992836,True,False,False,0.8751749178784627,0.2716815173625946,1.2,0.339618945876051,0.339618945876051,0.8603810541239489,27,0,0.2782456874847412,3.5,False,0.0,,,84,1.0,0.0,61.92,1019.6927311222795,running,-545.668701171875,6.915455341339111,0.12173338979482651
179,2,hard_narrow_gap_forward,-0.9999312109228823,-0.4999974977501391,2.163215599351081e-06,random_local_offset,1.0,0.0,0.0,0.55,1.75,-1.57,1020.5251687334899,True,False,False,0.6617294999520138,0.40450072288513184,1.0,0.342965329080217,0.342965329080217,0.657034670919783,4,0,0.40450072288513184,3.5,False,0.0,,,64,1.0,0.0,62.0,1019.7061529396894,running,-587.8232421875,6.980987548828125,0.12191468477249146
180,2,hard_narrow_gap_forward,-0.7999323009608177,-0.4999969818208304,2.4453317598613053e-06,random_local_offset,1.2,0.0,0.0,-0.55,-1.75,1.57,1023.3717499779024,True,False,False,0.8700621914343344,0.2799568474292755,1.2,0.34377079700578117,0.34377079700578117,0.8562292029942188,28,0,0.2799568474292755,3.5,False,0.0,,,84,1.0,0.0,62.84,1019.8492084044348,running,-585.2245483398438,61.059226989746094,0.12265972793102264
181,2,hard_narrow_gap_forward,-1.1999333381375175,-0.49999786761519616,2.4113448241546043e-06,random_local_offset,0.8,0.0,0.0,-0.55,-1.75,1.57,1016.0855325075576,True,False,False,0.45484479060379823,0.4849914312362671,0.7999999999999999,0.34960536483270455,0.34960536483270455,0.4503946351672954,0,0,0.5385661125183105,3.5,False,0.0,,,43,1.0,0.0,62.04,1019.6736161205225,running,0.0,634.7261352539062,0.12341105192899704
182,2,hard_narrow_gap_forward,-1.1999312546404002,-0.49999788919292915,2.465979357804408e-06,random_local_offset,0.8,0.0,0.0,0.55,-1.75,1.57,1016.6394285887563,True,False,False,0.46420541703642865,0.47715380787849426,0.7999999999999999,0.34085957216279855,0.34085957216279855,0.4591404278372014,0,0,0.531018078327179,3.5,False,0.0,,,43,1.0,0.0,61.2,1019.5424431597759,running,-579.0982055664062,33.047264099121094,0.12368685007095337
183,2,hard_narrow_gap_forward,-0.9999313027606804,-0.4999973911382387,2.2167980594723784e-06,random_local_offset,1.0,0.0,0.0,-0.55,1.75,-1.57,1020.2475579610812,True,False,False,0.6583724614207207,0.42408400774002075,1.0,0.3459547572486008,0.3459547572486008,0.6540452427513992,0,0,0.42408400774002075,3.5,False,0.0,,,62,1.0,0.0,60.44,1019.434224581166,running,-575.4519653320312,7.365911483764648,0.1251639872789383
184,2,hard_narrow_gap_forward,-0.7999312168737791,-0.49999701098173205,2.2065957621244523e-06,random_local_offset,1.2,0.0,0.0,0.55,1.75,-1.57,1023.4491047379603,True,False,False,0.8632341038555106,0.3021984398365021,1.2,0.345327220042154,0.345327220042154,0.854672779957846,26,0,0.3021984398365021,3.5,False,0.0,,,82,1.0,0.0,61.16,1019.5841708993211,running,-594.4767456054688,15.384115219116211,0.12642289698123932
185,2,hard_narrow_gap_forward,-1.1999312230333277,-0.49999788762532815,2.2204174111695863e-06,random_local_offset,0.8,0.0,0.0,-0.55,-1.75,1.57,1016.9565253228822,True,False,False,0.4560013498289661,0.48250824213027954,0.8000000000000002,0.34743620810606257,0.34743620810606257,0.4525637918939376,0,0,0.5365305542945862,3.5,False,0.0,,,45,1.0,0.0,61.2,1019.6062198892292,running,0.0,27.247459411621094,0.12653003633022308
186,2,hard_narrow_gap_forward,-1.1999333615058492,-0.4999979647749143,2.2745512963753725e-06,random_local_offset,0.8,0.0,0.0,0.55,1.75,-1.57,1016.816342885625,True,False,False,0.4636781688487239,0.4887225031852722,0.8,0.33969466484802374,0.33969466484802374,0.4603053351519763,0,0,0.5400027632713318,3.5,False,0.0,,,43,1.0,0.0,60.36,1019.4626350282982,running,-627.7288818359375,20.960201263427734,0.12591354548931122
187,2,hard_narrow_gap_forward,-1.1999333571844824,-0.4999979006844106,2.3653653694166617e-06,random_local_offset,0.8,0.0,0.0,0.55,1.75,-1.57,1016.6716497951073,True,False,False,0.45314040199575845,0.49472931027412415,0.8,0.3490852938397935,0.3490852938397935,0.45091470616020657,0,0,0.5481784343719482,3.5,False,0.0,,,45,1.0,0.0,58.84,1019.210686535236,running,0.0,19.960800170898438,0.12577591836452484
188,2,hard_narrow_gap_forward,-0.9999312032227682,-0.49999747202412465,2.1816301880711705e-06,random_local_offset,1.0,0.0,0.0,-0.55,1.75,-1.57,1021.0888207299105,True,False,False,0.6654002470831369,0.4013240337371826,1.0,0.33978491275653694,0.33978491275653694,0.6602150872434631,4,0,0.4013240337371826,3.5,False,0.0,,,64,1.0,0.0,59.64,1019.3711136013137,running,0.0,14.974639892578125,0.12545952200889587
189,2,hard_narrow_gap_forward,-0.7999312145174426,-0.49999697893937106,2.240018125010394e-06,random_local_offset,1.2,0.0,0.0,0.55,-1.75,1.57,1022.6864650692671,True,False,False,0.8628834186403551,0.28647273778915405,1.2,0.3483963115490342,0.3483963115490342,0.8516036884509657,23,0,0.3114275336265564,3.5,False,0.0,,,81,1.0,0.0,61.2,1019.6307133871263,running,-568.695556640625,11.544135093688965,0.12697136402130127
190,2,hard_narrow_gap_forward,-0.9999312063243454,-0.4999974503752093,2.2184867457448983e-06,random_local_offset,1.0,0.0,0.0,-0.55,1.75,-1.57,1020.4546434560203,True,False,False,0.6613297656403238,0.4000634551048279,1.0,0.34389430107491664,0.34389430107491664,0.6561056989250833,4,0,0.4000634551048279,3.5,False,0.0,,,62,1.0,0.0,60.36,1019.5145883826428,running,-584.205810546875,39.298255920410156,0.1265690177679062
191,2,hard_narrow_gap_forward,-0.7999312029593257,-0.49999696247030084,2.240673490356804e-06,random_local_offset,1.2,0.0,0.0,0.55,1.75,-1.57,1023.5202375405457,True,False,False,0.8664189366597614,0.3015107810497284,1.2,0.3439435142274492,0.3439435142274492,0.8560564857725508,25,0,0.3015107810497284,3.5,False,0.0,,,85,1.0,0.0,60.48,1019.5194439584432,running,0.0,9.338772773742676,0.12479530274868011
192,2,hard_narrow_gap_forward,-1.19993121077137,-0.49999784987013896,2.254492482807771e-06,random_local_offset,0.8,0.0,0.0,0.55,1.75,-1.57,1016.3867409106705,True,False,False,0.45687355923232537,0.4843296408653259,0.7999999999999998,0.34730357653581123,0.34730357653581123,0.4526964234641886,0,0,0.5287511348724365,3.5,False,0.0,,,44,1.0,0.0,60.48,1019.4983403410399,running,0.0,26.691669464111328,0.12470438331365585
193,2,hard_narrow_gap_forward,-1.199933373970485,-0.4999979573651894,2.2971772679285023e-06,random_local_offset,0.8,0.0,0.0,0.55,-1.75,1.57,1016.7515418732689,True,False,False,0.46076412676534545,0.48669642210006714,0.7999999999999998,0.34162900584755473,0.34162900584755473,0.4583709941524451,0,0,0.5492808818817139,3.5,False,0.0,,,43,1.0,0.0,59.64,1019.3599393365893,running,-596.927490234375,28.836963653564453,0.12568305432796478
194,2,hard_narrow_gap_forward,-0.9999370925610405,-0.4999973901667128,2.255853761628039e-06,random_local_offset,1.0,0.0,0.0,-0.55,1.75,-1.57,1020.7015046215489,True,False,False,0.6659121248726566,0.4083903729915619,1.0,0.3422348984698417,0.3422348984698417,0.6577651015301583,4,0,0.4083903729915619,3.5,False,0.0,,,64,1.0,0.0,58.76,1019.2839904141682,running,-581.9703369140625,41.79106140136719,0.12570872902870178
195,2,hard_narrow_gap_forward,-0.9999311984724518,-0.4999974492504848,2.2161445167771565e-06,random_local_offset,1.0,0.0,0.0,0.55,1.75,-1.57,1020.2700536595112,True,False,False,0.6723076288988636,0.37970373034477234,1.0,0.33736690208141373,0.33736690208141373,0.6626330979185863,6,0,0.37970373034477234,3.5,False,0.0,,,63,1.0,0.0,58.04,1019.1832226156522,running,0.0,47.12300491333008,0.12544193863868713
196,2,hard_narrow_gap_forward,-0.9999312021768089,-0.4999974180701878,2.2328531564707065e-06,random_local_offset,1.0,0.0,0.0,-0.55,-1.75,1.57,1019.882224973756,True,False,False,0.6601553678076093,0.3705209493637085,1.0,0.3483801765309318,0.3483801765309318,0.6516198234690682,5,0,0.3705209493637085,3.5,False,0.0,,,65,1.0,0.0,58.8,1019.3185001324157,running,-591.87255859375,28.41326141357422,0.12356279045343399
197,2,hard_narrow_gap_forward,-0.9999333318187622,-0.49999744891983783,2.346849733575005e-06,random_local_offset,1.0,0.0,0.0,0.55,-1.75,1.57,1019.9580506028881,True,False,False,0.6607589103532175,0.3894723355770111,1.0,0.34484483201087585,0.34484483201087585,0.6551551679891241,4,0,0.3894723355770111,3.5,False,0.0,,,61,1.0,0.0,59.44,1019.4463498176598,running,0.0,49.29993438720703,0.12195902317762375
198,2,hard_narrow_gap_forward,-0.7999311941653249,-0.4999969433535569,2.257176391194849e-06,random_local_offset,1.2,0.0,0.0,-0.55,-1.75,1.57,1023.5733282093054,True,False,False,0.8562509624413761,0.3086029887199402,1.2,0.34924229370345033,0.34924229370345033,0.8507577062965497,22,0,0.31742024421691895,3.5,False,0.0,,,83,1.0,0.0,60.96,1019.696084298208,running,-595.7872924804688,44.87641906738281,0.12229255586862564
199,2,hard_narrow_gap_forward,-0.9999333394688287,-0.49999738028197266,2.41275503796769e-06,random_local_offset,1.0,0.0,0.0,0.55,1.75,-1.57,1020.3460150205908,True,False,False,0.6594422594974897,0.40122881531715393,1.0,0.34614710983657876,0.34614710983657876,0.6538528901634213,4,0,0.40122881531715393,3.5,False,0.0,,,64,1.0,0.0,61.0,1019.7002145635773,running,-572.8912353515625,53.66319274902344,0.12270582467317581
200,2,hard_narrow_gap_forward,-0.7999318494866989,-0.4999970323900768,2.4830683269988107e-06,random_local_offset,1.2,0.0,0.0,0.55,-1.75,1.57,1023.3697364954128,True,False,False,0.8613653033119962,0.29686790704727173,1.2,0.34726681217519184,0.34726681217519184,0.8527331878248081,22,0,0.29686790704727173,3.5,False,0.0,,,83,1.0,0.0,61.8,1019.8455832372899,running,0.0,22.619129180908203,0.12499907612800598
201,2,hard_narrow_gap_forward,-0.7999300457416363,-0.4999970382967032,2.3395574114376045e-06,random_local_offset,1.2,0.0,0.0,-0.55,-1.75,1.57,1022.8897296296664,True,False,False,0.8635004021701232,0.28725573420524597,1.1999999999999997,0.34769002911569896,0.34769002911569896,0.8523099708843007,24,0,0.3015640079975128,3.5,False,0.0,,,83,1.0,0.0,63.36,1020.0989763914488,running,-608.617431640625,79.79684448242188,0.12586984038352966
202,2,hard_narrow_gap_forward,-0.9999304668096847,-0.49999749112267333,2.510570141089598e-06,random_local_offset,1.0,0.0,0.0,0.55,1.75,-1.57,1020.3595159503866,True,False,False,0.6678835604186997,0.37797147035598755,1.0,0.3410029062876421,0.3410029062876421,0.6589970937123579,5,0,0.37797147035598755,3.5,False,0.0,,,64,1.0,0.0,64.16,1020.2527869820957,running,-574.1430053710938,109.90574645996094,0.12542618811130524
203,2,hard_narrow_gap_forward,-0.9999333266702783,-0.49999742575717393,2.370808301170958e-06,random_local_offset,1.0,0.0,0.0,-0.55,1.75,-1.57,1020.134531695007,True,False,False,0.662231188348361,0.38773444294929504,1.0,0.3464088732506662,0.3464088732506662,0.6535911267493337,6,0,0.38773444294929504,3.5,False,0.0,,,64,1.0,0.0,63.36,1020.1254480379247,running,-604.34814453125,45.57109069824219,0.12556713819503784
204,2,hard_narrow_gap_forward,-0.799930476097652,-0.49999702326445933,2.5892937958130343e-06,random_local_offset,1.2,0.0,0.0,-0.55,-1.75,1.57,1023.8752419476671,True,False,False,0.8663891460288209,0.30982646346092224,1.2,0.3412343954106958,0.3412343954106958,0.8587656045893042,23,0,0.3125231862068176,3.5,False,0.0,,,84,1.0,0.0,64.16,1020.2594509664917,running,-612.8806762695312,24.882770538330078,0.12371569871902466
205,2,hard_narrow_gap_forward,-0.7999308890873824,-0.4999968633185082,2.1299279307053388e-06,random_local_offset,1.2,0.0,0.0,-0.55,1.75,-1.57,1023.117185134881,True,False,False,0.8612109359388417,0.2893803119659424,1.2,0.3487087209826589,0.3487087209826589,0.851291279017341,24,0,0.2893803119659424,3.5,False,0.0,,,81,1.0,0.0,64.04,1020.2492683727709,running,0.0,8.141044616699219,0.12297327071428299
206,2,hard_narrow_gap_forward,-0.9999312928634799,-0.49999740482311544,2.1995895310108343e-06,random_local_offset,1.0,0.0,0.0,-0.55,1.75,-1.57,1019.8951327227209,True,False,False,0.6663855995750421,0.37905365228652954,1.0,0.34570710607763194,0.34570710607763194,0.654292893922368,6,0,0.37905365228652954,3.5,False,0.0,,,63,1.0,0.0,64.84,1020.4016523813775,running,-614.5325927734375,27.883825302124023,0.12195367366075516
207,2,hard_narrow_gap_forward,-0.7999312280064079,-0.49999705033632974,2.1806015781613415e-06,random_local_offset,1.2,0.0,0.0,-0.55,1.75,-1.57,1022.9374255891925,True,False,False,0.8663430757294223,0.2714781165122986,1.2,0.34490850831096936,0.34490850831096936,0.8550914916890306,23,0,0.2714781165122986,3.5,False,0.0,,,83,1.0,0.0,66.44,1020.653572261395,running,0.0,17.88543701171875,0.12179394066333771
208,2,hard_narrow_gap_forward,-0.9999312100758286,-0.49999747829022917,2.1898127734730385e-06,random_local_offset,1.0,0.0,0.0,0.55,-1.75,1.57,1020.2146357482837,True,False,False,0.6547044822217127,0.41848665475845337,1.0,0.3494286324869679,0.3494286324869679,0.650571367513032,2,0,0.41848665475845337,3.5,False,0.0,,,63,1.0,0.0,66.48,1020.6522553728832,running,-600.0528564453125,17.515766143798828,0.12288022041320801
209,2,hard_narrow_gap_forward,-0.9999311994377963,-0.4999973701512183,2.2874742916988718e-06,random_local_offset,1.0,0.0,0.0,0.55,1.75,-1.57,1020.191246872535,True,False,False,0.6589427958575929,0.42192697525024414,1.0,0.3448865269186339,0.3448865269186339,0.6551134730813661,0,0,0.42192697525024414,3.5,False,0.0,,,61,1.0,0.0,65.64,1020.5219410582661,running,0.0,14.172491073608398,0.1245538517832756
210,2,hard_narrow_gap_forward,-0.7999301203257867,-0.49999695856603305,2.2591635397745514e-06,random_local_offset,1.2,0.0,0.0,-0.55,1.75,-1.57,1024.2004028387867,True,False,False,0.8615877271964599,0.33552086353302,1.1999999999999997,0.34296770179204594,0.34296770179204594,0.8570322982079538,19,0,0.33552086353302,3.5,False,0.0,,,83,1.0,0.0,67.16,1020.8116961589024,running,-616.1450805664062,31.329030990600586,0.12639915943145752
211,2,hard_narrow_gap_forward,-1.1999312020821866,-0.4999978720211324,2.2374264112997634e-06,random_local_offset,0.8,0.0,0.0,-0.55,1.75,-1.57,1016.5378932987206,True,False,False,0.45666168981025224,0.48844975233078003,0.8,0.34646836718751034,0.34646836718751034,0.4535316328124897,0,0,0.5551521182060242,3.5,False,0.0,,,44,1.0,0.0,67.2,1020.8005581754261,running,-592.35693359375,7.404305458068848,0.1267710030078888
212,2,hard_narrow_gap_forward,-1.1999360213224346,-0.4999979083550423,2.1331851579901485e-06,random_local_offset,0.8,0.0,0.0,0.55,1.75,-1.57,1016.6771299546014,True,False,False,0.4557753480009107,0.4933353364467621,0.7999999999999999,0.3464582976295304,0.3464582976295304,0.45354170237046953,0,0,0.5453869700431824,3.5,False,0.0,,,43,1.0,0.0,67.12,1020.8007773818059,running,0.0,9.271438598632812,0.12567001581192017
213,2,hard_narrow_gap_forward,-0.7999312095603646,-0.49999701316894984,2.2044300902562534e-06,random_local_offset,1.2,0.0,0.0,0.55,1.75,-1.57,1023.602865566075,True,False,False,0.8605663438597456,0.3088413178920746,1.2,0.3449766332082508,0.3449766332082508,0.8550233667917492,23,0,0.31779149174690247,3.5,False,0.0,,,80,1.0,0.0,67.76,1020.9013391752525,running,0.0,11.168886184692383,0.12451107054948807
214,2,hard_narrow_gap_forward,-0.7999381562525771,-0.4999970217670712,2.214276881537222e-06,random_local_offset,1.2,0.0,0.0,-0.55,1.75,-1.57,1023.6530226603139,True,False,False,0.8573924147027475,0.3150559663772583,1.2,0.34833457826135567,0.34833457826135567,0.8516654217386443,23,0,0.3150559663772583,3.5,False,0.0,,,83,1.0,0.0,67.84,1020.9400014788943,running,-577.1296997070312,22.634281158447266,0.12459950149059296
215,2,hard_narrow_gap_forward,-0.9999312886730853,-0.4999974253638173,2.182290512997751e-06,random_local_offset,1.0,0.0,0.0,-0.55,1.75,-1.57,1020.4057333100139,True,False,False,0.6565827138036427,0.4232952296733856,1.0,0.34755158560906574,0.34755158560906574,0.6524484143909343,0,0,0.4232952296733856,3.5,False,0.0,,,65,1.0,0.0,67.96,1020.9380450730539,running,0.0,11.435277938842773,0.12440955638885498
216,2,hard_narrow_gap_forward,-1.1999312079256175,-0.4999978425045985,2.2724293615073767e-06,random_local_offset,0.8,0.0,0.0,-0.55,1.75,-1.57,1016.8117807241903,True,False,False,0.46195813828142324,0.4880211055278778,0.8000000000000002,0.34196824311766993,0.34196824311766993,0.4580317568823302,0,0,0.5385074615478516,3.5,False,0.0,,,44,1.0,0.0,66.32,1020.6697068003997,running,0.0,16.2078800201416,0.12408982962369919
217,2,hard_narrow_gap_forward,-0.9999301971513589,-0.4999974532320153,2.2969629828821297e-06,random_local_offset,1.0,0.0,0.0,-0.55,-1.75,1.57,1020.0425245661135,True,False,False,0.6633986010116878,0.39270269870758057,1.0,0.34260398460604247,0.34260398460604247,0.6573960153939575,5,0,0.39270269870758057,3.5,False,0.0,,,61,1.0,0.0,67.0,1020.8159381466176,running,-580.3319091796875,22.892065048217773,0.12299834191799164
218,2,hard_narrow_gap_forward,-1.1999312102547746,-0.4999979293653523,2.1641564243113124e-06,random_local_offset,0.8,0.0,0.0,-0.55,-1.75,1.57,1016.7180453228283,True,False,False,0.4552101683439298,0.48641759157180786,0.8,0.3476540166527369,0.3476540166527369,0.45234598334726317,0,0,0.53272944688797,3.5,False,0.0,,,44,1.0,0.0,67.04,1020.8145982845999,running,-561.845947265625,18.792198181152344,0.12272597849369049
219,2,hard_narrow_gap_forward,-1.1999312014124262,-0.49999783132323433,2.2876862662535124e-06,random_local_offset,0.8,0.0,0.0,-0.55,-1.75,1.57,1016.5796315681173,True,False,False,0.4588244718512447,0.4893066883087158,0.8,0.3459208101952167,0.3459208101952167,0.45407918980478335,0,0,0.5336862206459045,3.5,False,0.0,,,45,1.0,0.0,66.28,1020.6497233624627,running,0.0,15.182918548583984,0.12191515415906906
220,2,hard_narrow_gap_forward,-0.7999333592110498,-0.4999970827701104,2.2588839375416146e-06,random_local_offset,1.2,0.0,0.0,-0.55,-1.75,1.57,1023.5051390366137,True,False,False,0.86052573477465,0.2965196967124939,1.2,0.3469078428882416,0.3469078428882416,0.8530921571117583,23,0,0.2965196967124939,3.5,False,0.0,,,82,1.0,0.0,67.04,1020.7791267775466,running,0.0,13.985147476196289,0.12161029875278473
221,2,hard_narrow_gap_forward,-0.9999312017339969,-0.4999973895834073,2.2766433930860362e-06,random_local_offset,1.0,0.0,0.0,-0.55,1.75,-1.57,1020.3597391954821,True,False,False,0.6639715837490034,0.4028575122356415,1.0,0.3426499915819417,0.3426499915819417,0.6573500084180584,4,0,0.4028575122356415,3.5,False,0.0,,,62,1.0,0.0,66.92,1020.7982273464158,running,0.0,36.607810974121094,0.12168202549219131
222,2,hard_narrow_gap_forward,-0.7999298495089586,-0.4999970046959314,2.1951465881157305e-06,random_local_offset,1.2,0.0,0.0,0.55,1.75,-1.57,1023.6189732166723,True,False,False,0.8658459733581073,0.3097040057182312,1.2,0.3446767099742769,0.3446767099742769,0.855323290025723,24,0,0.3097040057182312,3.5,False,0.0,,,81,1.0,0.0,67.72,1020.9446642509672,running,-578.220703125,5.800959587097168,0.12145105749368668
223,2,hard_narrow_gap_forward,-0.9999333593293351,-0.49999744446243233,2.350305569560362e-06,random_local_offset,1.0,0.0,0.0,0.55,1.75,-1.57,1020.2057265475139,True,False,False,0.6558001442446739,0.39767757058143616,1.0,0.3495594486136549,0.3495594486136549,0.6504405513863452,3,0,0.39767757058143616,3.5,False,0.0,,,63,1.0,0.0,66.92,1020.8099601844955,running,0.0,25.6000919342041,0.12212064862251282
224,2,hard_narrow_gap_forward,-0.7999312151130151,-0.49999698355491845,2.237789421613733e-06,random_local_offset,1.2,0.0,0.0,-0.55,-1.75,1.57,1023.6499050770391,True,False,False,0.8659971930608548,0.29490116238594055,1.2,0.3414166294015051,0.3414166294015051,0.8585833705984949,24,0,0.29490116238594055,3.5,False,0.0,,,84,1.0,0.0,67.72,1020.9421157867534,running,0.0,18.76671600341797,0.12095039337873459
225,2,hard_narrow_gap_forward,-0.7999312376514376,-0.4999970432534405,2.1846849302810186e-06,random_local_offset,1.2,0.0,0.0,-0.55,1.75,-1.57,1022.8349022549577,True,False,False,0.8716357428524986,0.25631725788116455,1.2,0.34350324084771067,0.34350324084771067,0.8564967591522893,25,0,0.25631725788116455,3.5,False,0.0,,,83,1.0,0.0,67.72,1020.9207224171353,running,-571.229736328125,41.348289489746094,0.12047936767339706
226,2,hard_narrow_gap_forward,-0.9999328683266654,-0.4999975236647572,2.292098359631968e-06,random_local_offset,1.0,0.0,0.0,-0.55,-1.75,1.57,1020.1406204988139,True,False,False,0.6607079563320855,0.3919888734817505,1.0,0.34696661273101315,0.34696661273101315,0.6530333872689869,6,0,0.3919888734817505,3.5,False,0.0,,,62,1.0,0.0,66.88,1020.8107580519011,running,-597.624267578125,12.791013717651367,0.1203189343214035
227,2,hard_narrow_gap_forward,-1.1999313205241613,-0.4999978822028215,2.1505099886248666e-06,random_local_offset,0.8,0.0,0.0,0.55,-1.75,1.57,1016.7600485132328,True,False,False,0.45761507691832953,0.4887988567352295,0.8,0.34600597595721133,0.34600597595721133,0.4539940240427887,0,0,0.5414913892745972,3.5,False,0.0,,,45,1.0,0.0,66.12,1020.6667793544149,running,0.0,12.938064575195312,0.12031178921461105
228,2,hard_narrow_gap_forward,-0.799931237155936,-0.4999970344026346,2.1898239147864014e-06,random_local_offset,1.2,0.0,0.0,0.55,-1.75,1.57,1023.602149350565,True,False,False,0.86200072297589,0.2984147369861603,1.2,0.3450050868509955,0.3450050868509955,0.8549949131490044,22,0,0.2984147369861603,3.5,False,0.0,,,82,1.0,0.0,66.84,1020.8054840606371,running,0.0,23.335725784301758,0.11943760514259338
229,2,hard_narrow_gap_forward,-0.9999311964592722,-0.4999974507745713,2.2127541944423527e-06,random_local_offset,1.0,0.0,0.0,0.55,1.75,-1.57,1020.3253718396505,True,False,False,0.6688834142686149,0.39118093252182007,1.0,0.33944369739364105,0.33944369739364105,0.660556302606359,6,0,0.39118093252182007,3.5,False,0.0,,,63,1.0,0.0,66.0,1020.6634892563166,running,-606.08154296875,13.053290367126465,0.11995205283164978
230,2,hard_narrow_gap_forward,-0.9999312179319086,-0.49999743031279514,2.2214992507938404e-06,random_local_offset,1.0,0.0,0.0,-0.55,-1.75,1.57,1020.676429875697,True,False,False,0.662125263632198,0.40669646859169006,1.0,0.34157781131222004,0.34157781131222004,0.6584221886877799,1,0,0.40669646859169006,3.5,False,0.0,,,63,1.0,0.0,65.28,1020.5658590459492,running,0.0,18.761573791503906,0.11981971561908722
231,2,hard_narrow_gap_forward,-1.1999389233407673,-0.49999794579014206,2.1861590696212025e-06,random_local_offset,0.8,0.0,0.0,0.55,1.75,-1.57,1016.7187408805703,True,False,False,0.4610971334625553,0.48489928245544434,0.7999999999999999,0.34302896266449195,0.34302896266449195,0.456971037335508,0,0,0.5425212383270264,3.5,False,0.0,,,44,1.0,0.0,64.52,1020.4388033722632,running,0.0,49.48186492919922,0.12032274901866913
232,2,hard_narrow_gap_forward,-1.1999312859814109,-0.49999788218393154,2.1644104919959553e-06,random_local_offset,0.8,0.0,0.0,-0.55,1.75,-1.57,1016.6975253839408,True,False,False,0.4572425463535696,0.4945317804813385,0.8,0.3456755058311323,0.3456755058311323,0.4543244941688677,0,0,0.5412452816963196,3.5,False,0.0,,,43,1.0,0.0,62.92,1020.1892073640531,running,-599.135498046875,14.057271957397461,0.12115221470594406
233,2,hard_narrow_gap_forward,-0.7999312373541372,-0.4999970337671803,2.1863923134869346e-06,random_local_offset,1.2,0.0,0.0,0.55,-1.75,1.57,1024.1126408866246,True,False,False,0.8605645620810645,0.3080107569694519,1.2,0.3447658113301517,0.3447658113301517,0.8552341886698482,23,0,0.3080107569694519,3.5,False,0.0,,,82,1.0,0.0,63.68,1020.3451275695869,running,-607.0565795898438,13.860078811645508,0.12292733788490295
234,2,hard_narrow_gap_forward,-0.7999312673322752,-0.4999970485367918,2.183333772258229e-06,random_local_offset,1.2,0.0,0.0,-0.55,-1.75,1.57,1023.0511329179204,True,False,False,0.8778355898588196,0.2506284713745117,1.2,0.3419165340941873,0.3419165340941873,0.8580834659058126,29,0,0.2506284713745117,3.5,False,0.0,,,87,1.0,0.0,64.72,1020.4595230114023,running,0.0,77.95269012451172,0.12312952429056168
235,2,hard_narrow_gap_forward,-1.1999321008276307,-0.4999979450213491,2.3135500732637887e-06,random_local_offset,0.8,0.0,0.0,0.55,1.75,-1.57,1016.7380930453662,True,False,False,0.4611669488850144,0.4843539297580719,0.7999999999999998,0.3432309821626737,0.3432309821626737,0.4567690178373261,0,0,0.5275827646255493,3.5,False,0.0,,,45,1.0,0.0,63.2,1020.1610306196656,running,-603.224853515625,29.28536605834961,0.12234548479318619
236,2,hard_narrow_gap_forward,-0.7999312236358211,-0.49999703510085125,2.179633521530647e-06,random_local_offset,1.2,0.0,0.0,-0.55,1.75,-1.57,1023.8454043406197,True,False,False,0.867839693784524,0.2915627360343933,1.1999999999999997,0.3430564799418842,0.3430564799418842,0.8569435200581155,26,0,0.2915627360343933,3.5,False,0.0,,,84,1.0,0.0,64.8,1020.4533310613416,running,-617.3511962890625,95.00770568847656,0.12095264345407486
237,2,hard_narrow_gap_forward,-1.1999312391563524,-0.49999791279325057,2.186499850596121e-06,random_local_offset,0.8,0.0,0.0,0.55,-1.75,1.57,1017.3100783523411,True,False,False,0.46042512254953066,0.49033957719802856,0.8000000000000002,0.34198695620714503,0.34198695620714503,0.4580130437928551,0,0,0.5586934685707092,3.5,False,0.0,,,47,1.0,0.0,64.96,1020.478648997251,running,0.0,18.960468292236328,0.12117041647434235
238,2,hard_narrow_gap_forward,-0.79993332495806,-0.4999969677344436,2.3547399660298164e-06,random_local_offset,1.2,0.0,0.0,-0.55,1.75,-1.57,1023.4677240238159,True,False,False,0.8607812057310622,0.32042694091796875,1.2,0.3445602112566685,0.3445602112566685,0.8554397887433314,15,0,0.32042694091796875,3.5,False,0.0,,,80,1.0,0.0,64.96,1020.4732433355606,running,0.0,15.615013122558594,0.12227800488471985
239,2,hard_narrow_gap_forward,-1.1999311922858782,-0.49999784335871383,2.2676457477723866e-06,random_local_offset,0.8,0.0,0.0,-0.55,1.75,-1.57,1017.0155228891227,True,False,False,0.4590395520745594,0.4878085255622864,0.8000000000000002,0.3432765422044976,0.3432765422044976,0.45672345779550255,0,0,0.5491247177124023,3.5,False,0.0,,,44,1.0,0.0,63.4,1020.207743344713,running,0.0,10.351408004760742,0.12139370292425156
240,2,hard_narrow_gap_forward,-0.9999315609277359,-0.4999974033200598,2.524852631754817e-06,random_local_offset,1.0,0.0,0.0,-0.55,-1.75,1.57,1019.9008553920356,True,False,False,0.6566853170215731,0.4104618430137634,1.0,0.3485836376569301,0.3485836376569301,0.6514163623430699,2,0,0.4104618430137634,3.5,False,0.0,,,62,1.0,0.0,63.28,1020.1875482279938,running,0.0,22.469594955444336,0.12190596759319305
241,2,hard_narrow_gap_forward,-0.9999312266404896,-0.49999750735938336,2.1595886166586916e-06,random_local_offset,1.0,0.0,0.0,0.55,-1.75,1.57,1020.3202528704826,True,False,False,0.658206784278543,0.3925052285194397,1.0,0.34747870961539296,0.34747870961539296,0.652521290384607,5,0,0.3925052285194397,3.5,False,0.0,,,64,1.0,0.0,64.08,1020.3278871138457,running,0.0,12.604207992553711,0.1214040070772171
242,2,hard_narrow_gap_forward,-0.7999312214205243,-0.49999709644733215,2.1401835203799254e-06,random_local_offset,1.2,0.0,0.0,0.55,-1.75,1.57,1023.4166399308424,True,False,False,0.8675656943768653,0.29610663652420044,1.2,0.3435222852610326,0.3435222852610326,0.8564777147389673,25,0,0.29610663652420044,3.5,False,0.0,,,82,1.0,0.0,64.92,1020.4628517284344,running,0.0,19.139738082885742,0.12183167040348053
243,2,hard_narrow_gap_forward,-0.9999312211143896,-0.49999752736479713,2.1369523777375044e-06,random_local_offset,1.0,0.0,0.0,0.55,-1.75,1.57,1020.293846615793,True,False,False,0.6671111945084954,0.3728882372379303,1.0,0.3414814427516247,0.3414814427516247,0.6585185572483754,5,0,0.3728882372379303,3.5,False,0.0,,,64,1.0,0.0,65.72,1020.6058837801532,running,0.0,10.690424919128418,0.12229028344154358
244,2,hard_narrow_gap_forward,-0.7999303499817221,-0.4999969830199194,2.2853287710331578e-06,random_local_offset,1.2,0.0,0.0,0.55,-1.75,1.57,1023.0966146129869,True,False,False,0.8692645122866429,0.2775850296020508,1.2,0.34338374086666035,0.34338374086666035,0.8566162591333396,25,0,0.2775850296020508,3.5,False,0.0,,,82,1.0,0.0,67.2,1020.866563101948,running,0.0,10.992753982543945,0.12289053201675415
245,2,hard_narrow_gap_forward,-1.1999408161242786,-0.5000021328875153,1.220860942203938e-06,random_local_offset,0.8,0.0,0.0,0.55,-1.75,1.57,1016.5290699665652,True,False,False,0.4678966277994981,0.48778805136680603,0.8,0.33831792395063204,0.33831792395063204,0.461682076049368,0,0,0.5256232619285583,3.5,False,0.0,,,44,1.0,0.0,65.68,1020.587520339146,running,0.0,13.420125961303711,0.12308371067047119
246,2,hard_narrow_gap_forward,-1.199931211733765,-0.49999793776900703,2.1569169472649737e-06,random_local_offset,0.8,0.0,0.0,0.55,1.75,-1.57,1016.725266936792,True,False,False,0.46391097778782286,0.49334967136383057,0.8,0.3416921705656496,0.3416921705656496,0.45830782943435044,0,0,0.518944501876831,3.5,False,0.0,,,44,1.0,0.0,64.96,1020.4421414487983,running,0.0,12.85640811920166,0.12289856374263763
247,2,hard_narrow_gap_forward,-1.1999311957157541,-0.49999784435549444,2.2644086082046395e-06,random_local_offset,0.8,0.0,0.0,-0.55,-1.75,1.57,1016.2586413380998,True,False,False,0.45312337083302284,0.48438045382499695,0.8,0.3495163986926522,0.3495163986926522,0.4504836013073478,0,0,0.5335875153541565,3.5,False,0.0,,,42,1.0,0.0,63.4,1020.1477281736555,running,0.0,26.503475189208984,0.12267311662435532
248,2,hard_narrow_gap_forward,-0.7999312257728182,-0.4999970606845619,2.1662200859373614e-06,random_local_offset,1.2,0.0,0.0,-0.55,1.75,-1.57,1023.3795966910747,True,False,False,0.8591696824888728,0.29967328906059265,1.2,0.3486004228172743,0.3486004228172743,0.8513995771827256,21,0,0.30653151869773865,3.5,False,0.0,,,83,1.0,0.0,64.2,1020.2746829793978,running,-564.16552734375,20.980091094970703,0.12189486622810364
249,2,hard_narrow_gap_forward,-1.1999307381789146,-0.49999805126568464,2.497198900292924e-06,random_local_offset,0.8,0.0,0.0,0.55,1.75,-1.57,1016.7055443005839,True,False,False,0.4539619408573872,0.4905916750431061,0.8,0.3478762864019224,0.3478762864019224,0.4521237135980776,0,0,0.5551773905754089,3.5,False,0.0,,,44,1.0,0.0,62.6,1019.9969085483397,running,-594.9317016601562,27.61265754699707,0.12268013507127762
250,2,hard_narrow_gap_forward,-1.199937683893709,-0.4999978653020688,2.07567484967643e-06,random_local_offset,0.8,0.0,0.0,-0.55,1.75,-1.57,1017.1769032894122,True,False,False,0.46352620591927984,0.4925515651702881,0.8000000000000002,0.3386699573127738,0.3386699573127738,0.4613300426872264,0,0,0.5400306582450867,3.5,False,0.0,,,45,1.0,0.0,61.08,1019.7705885897178,running,0.0,110.24758911132812,0.12304477393627167
251,2,hard_narrow_gap_forward,-0.799930118794629,-0.4999970415400024,2.3249350017276498e-06,random_local_offset,1.2,0.0,0.0,0.55,1.75,-1.57,1023.3987228628295,True,False,False,0.8586285800211773,0.34085726737976074,1.2,0.3483051063980233,0.3483051063980233,0.8516948936019766,19,0,0.34677380323410034,3.5,False,0.0,,,81,1.0,0.0,61.84,1019.9009126842784,running,-573.4169921875,8.621246337890625,0.12338215857744217
252,2,hard_narrow_gap_forward,-0.7999312175560611,-0.4999969935228431,2.2216344433303786e-06,random_local_offset,1.2,0.0,0.0,-0.55,1.75,-1.57,1023.5184365379943,True,False,False,0.8650227423270992,0.3331224322319031,1.2,0.3428594667384361,0.3428594667384361,0.8571405332615638,16,0,0.34619900584220886,3.5,False,0.0,,,81,1.0,0.0,63.28,1020.171248205269,running,0.0,20.79468536376953,0.12413619458675385
253,2,hard_narrow_gap_forward,-1.199933365135458,-0.4999979312465945,2.329066978421479e-06,random_local_offset,0.8,0.0,0.0,0.55,1.75,-1.57,1016.6676397340167,True,False,False,0.4541120960390521,0.48448362946510315,0.8,0.34905768577637614,0.34905768577637614,0.4509423142236239,0,0,0.5625336170196533,3.5,False,0.0,,,46,1.0,0.0,61.84,1019.8938678206069,running,0.0,4.131076812744141,0.12421921640634537
254,2,hard_narrow_gap_forward,-0.7999311847224773,-0.499996971246754,2.237773122192962e-06,random_local_offset,1.2,0.0,0.0,0.55,1.75,-1.57,1023.3728737673667,True,False,False,0.8698213750791094,0.27382412552833557,1.2,0.34299960178851013,0.34299960178851013,0.8570003982114898,27,0,0.28215059638023376,3.5,False,0.0,,,85,1.0,0.0,62.72,1020.0157678977158,running,-577.469970703125,10.478046417236328,0.12260212749242783
255,2,hard_narrow_gap_forward,-0.9999311852647946,-0.49999742476197756,2.2359988567052074e-06,random_local_offset,1.0,0.0,0.0,0.55,1.75,-1.57,1020.1307174195298,True,False,False,0.6576993623303431,0.3949047029018402,1.0,0.34769357944912943,0.34769357944912943,0.6523064205508706,3,0,0.3949047029018402,3.5,False,0.0,,,62,1.0,0.0,62.68,1019.9939393994689,running,-608.8483276367188,70.45297241210938,0.12281080335378647
256,2,hard_narrow_gap_forward,-1.1999312380294356,-0.4999979101378189,2.1865498323700887e-06,random_local_offset,0.8,0.0,0.0,-0.55,1.75,-1.57,1016.5979868004143,True,False,False,0.46034135432609397,0.47979623079299927,0.7999999999999999,0.3428737299267944,0.3428737299267944,0.45712627007320555,0,0,0.5393439531326294,3.5,False,0.0,,,43,1.0,0.0,62.64,1019.9891092362627,running,0.0,21.144786834716797,0.1220582127571106
257,2,hard_narrow_gap_forward,-1.1999312368418664,-0.4999979096607588,2.1907376623088677e-06,random_local_offset,0.8,0.0,0.0,0.55,-1.75,1.57,1016.3877189853946,True,False,False,0.4646793580791712,0.47570088505744934,0.7999999999999999,0.3423963647770027,0.3423963647770027,0.45760363522299724,0,0,0.5191904902458191,3.5,False,0.0,,,45,1.0,0.0,62.72,1019.9767169803209,running,-583.8096923828125,48.96134948730469,0.12134294956922531
258,2,hard_narrow_gap_forward,-0.9999333211628056,-0.49999742853400064,2.3629716936193465e-06,random_local_offset,1.0,0.0,0.0,0.55,1.75,-1.57,1020.2677405177674,True,False,False,0.6624150040479159,0.40092551708221436,1.0,0.3452054496828836,0.3452054496828836,0.6547945503171164,3,0,0.40092551708221436,3.5,False,0.0,,,64,1.0,0.0,62.0,1019.8229209655666,running,-569.6620483398438,28.961877822875977,0.12162996083498001
259,2,hard_narrow_gap_forward,-0.9999311950445572,-0.4999974290817812,2.2376206405919637e-06,random_local_offset,1.0,0.0,0.0,-0.55,-1.75,1.57,1020.5291311338763,True,False,False,0.6563002339572921,0.4106433689594269,1.0,0.3486535746977278,0.3486535746977278,0.6513464253022723,3,0,0.4106433689594269,3.5,False,0.0,,,63,1.0,0.0,61.04,1019.7220408942048,running,0.0,15.320106506347656,0.12293076515197754
260,2,hard_narrow_gap_forward,-1.1999300930542556,-0.4999978749385959,2.2618497555726754e-06,random_local_offset,0.8,0.0,0.0,0.55,-1.75,1.57,1016.8415320699521,True,False,False,0.46085196613043733,0.48427173495292664,0.8,0.3417311756553202,0.3417311756553202,0.45826882434467986,0,0,0.5361416339874268,3.5,False,0.0,,,43,1.0,0.0,60.96,1019.7261784551885,running,-542.8208618164062,7.726800918579102,0.12330234795808792
261,2,hard_narrow_gap_forward,-0.9999312209139809,-0.49999746057629074,2.204695447726287e-06,random_local_offset,1.0,0.0,0.0,0.55,-1.75,1.57,1020.6648306319764,True,False,False,0.6585375775655353,0.4013025760650635,1.0,0.3456694216180295,0.3456694216180295,0.6543305783819705,1,0,0.4013025760650635,3.5,False,0.0,,,64,1.0,0.0,60.16,1019.5989555068428,running,-586.9393920898438,12.386609077453613,0.12421112507581711
262,2,hard_narrow_gap_forward,-0.7999312083033019,-0.4999970387186084,2.1896604589430796e-06,random_local_offset,1.2,0.0,0.0,0.55,1.75,-1.57,1022.849331365245,True,False,False,0.8793301733445047,0.26851215958595276,1.2,0.3389825334838894,0.3389825334838894,0.8610174665161106,24,0,0.26851215958595276,3.5,False,0.0,,,83,1.0,0.0,61.6,1019.8205256273587,running,0.0,10.868770599365234,0.1231786459684372
263,2,hard_narrow_gap_forward,-0.9999311960305355,-0.49999740152969424,2.2514868981371284e-06,random_local_offset,1.0,0.0,0.0,0.55,1.75,-1.57,1019.9960127062834,True,False,False,0.6693669109680714,0.37179306149482727,1.0,0.34231554708332623,0.34231554708332623,0.6576844529166738,7,0,0.37179306149482727,3.5,False,0.0,,,64,1.0,0.0,60.96,1019.6816571746574,running,0.0,53.249027252197266,0.12280840426683426
264,2,hard_narrow_gap_forward,-0.9999312237793259,-0.4999974641274422,2.1873593115237403e-06,random_local_offset,1.0,0.0,0.0,0.55,1.75,-1.57,1019.9364802708103,True,False,False,0.6594600192664459,0.39806437492370605,1.0,0.34827105829036886,0.34827105829036886,0.6517289417096311,4,0,0.39806437492370605,3.5,False,0.0,,,62,1.0,0.0,61.68,1019.7984954699251,running,0.0,36.898014068603516,0.1236058697104454
265,2,hard_narrow_gap_forward,-0.7999312077967813,-0.49999702842532356,2.1990043806895452e-06,random_local_offset,1.2,0.0,0.0,0.55,1.75,-1.57,1024.1406546710186,True,False,False,0.861619657447814,0.3354080021381378,1.2,0.3423323684507222,0.3423323684507222,0.8576676315492777,21,0,0.3354080021381378,3.5,False,0.0,,,83,1.0,0.0,62.52,1019.9680874410845,running,-632.9544067382812,17.4036922454834,0.1235298290848732
266,2,hard_narrow_gap_forward,-1.1999311928572745,-0.499997842761392,2.267994543608394e-06,random_local_offset,0.8,0.0,0.0,0.55,1.75,-1.57,1016.8677338846817,True,False,False,0.4642227000479334,0.4917442798614502,0.7999999999999998,0.34046181914266643,0.34046181914266643,0.4595381808573334,0,0,0.5218958258628845,3.5,False,0.0,,,44,1.0,0.0,61.72,1019.8299866816524,running,-583.17724609375,23.412227630615234,0.12334716320037842
267,2,hard_narrow_gap_forward,-0.9999304275991217,-0.49999746011160767,2.3716923348174393e-06,random_local_offset,1.0,0.0,0.0,-0.55,1.75,-1.57,1020.3345097286399,True,False,False,0.6640253921818368,0.3769068717956543,1.0,0.34480039511775656,0.34480039511775656,0.6551996048822435,7,0,0.3769068717956543,3.5,False,0.0,,,66,1.0,0.0,61.08,1019.7067014735642,running,-570.238525390625,111.22889709472656,0.1230672150850296
268,2,hard_narrow_gap_forward,-1.1999312027448878,-0.49999788953456387,2.221150605624431e-06,random_local_offset,0.8,0.0,0.0,0.55,1.75,-1.57,1016.4020151971938,True,False,False,0.4550970973127902,0.4862103760242462,0.7999999999999999,0.3472049693063685,0.3472049693063685,0.4527950306936314,0,0,0.5514807105064392,3.5,False,0.0,,,43,1.0,0.0,60.24,1019.5510282168201,running,0.0,16.110824584960938,0.12267698347568512
269,2,hard_narrow_gap_forward,-0.9999312308687383,-0.49999745824731096,2.1943721358605532e-06,random_local_offset,1.0,0.0,0.0,-0.55,-1.75,1.57,1020.6696274413929,True,False,False,0.6633645545371264,0.40164583921432495,1.0,0.34112387337594574,0.34112387337594574,0.6588761266240543,3,0,0.40164583921432495,3.5,False,0.0,,,64,1.0,0.0,59.52,1019.4539487299563,running,0.0,9.928624153137207,0.12277286499738693
270,2,hard_narrow_gap_forward,-1.1999312364227834,-0.4999979199695837,2.1800530949886153e-06,random_local_offset,0.8,0.0,0.0,0.55,1.75,-1.57,1016.9453871950896,True,False,False,0.4572842885665366,0.4852648079395294,0.8000000000000002,0.3448334250421852,0.3448334250421852,0.45516657495781493,0,0,0.5405652523040771,3.5,False,0.0,,,44,1.0,0.0,59.52,1019.4706014190974,running,0.0,3.6046128273010254,0.12279786169528961
271,2,hard_narrow_gap_forward,-0.9999300770028412,-0.49999744581313776,2.3963382389412453e-06,random_local_offset,1.0,0.0,0.0,0.55,-1.75,1.57,1020.5154913346302,True,False,False,0.6657788653246549,0.39250868558883667,1.0,0.3407690016079578,0.3407690016079578,0.6592309983920421,5,0,0.39250868558883667,3.5,False,0.0,,,63,1.0,0.0,60.28,1019.622210395011,running,-580.289794921875,284.3480224609375,0.12280981242656708
272,2,hard_narrow_gap_forward,-1.1999312173284642,-0.4999978828164071,2.210867866013302e-06,random_local_offset,0.8,0.0,0.0,0.55,1.75,-1.57,1017.1578417850128,True,False,False,0.46194328756517544,0.4797346889972687,0.8000000000000002,0.3414708536790587,0.3414708536790587,0.45852914632094144,0,0,0.5534481406211853,3.5,False,0.0,,,45,1.0,0.0,60.4,1019.6581784128877,running,0.0,30.31997299194336,0.12380852550268173
273,2,hard_narrow_gap_forward,-0.799931234057055,-0.4999970271494048,2.193267024298123e-06,random_local_offset,1.2,0.0,0.0,-0.55,1.75,-1.57,1023.54020016237,True,False,False,0.8578976714234556,0.33095836639404297,1.2000000000000002,0.3458709038443297,0.3458709038443297,0.8541290961556705,18,0,0.33095836639404297,3.5,False,0.0,,,83,1.0,0.0,60.4,1019.6646025517393,running,-594.0401000976562,13.663887977600098,0.12474744021892548
274,2,hard_narrow_gap_forward,-0.9999315005294928,-0.4999974564596371,2.387214193583886e-06,random_local_offset,1.0,0.0,0.0,-0.55,-1.75,1.57,1020.85814310177,True,False,False,0.6638487279914157,0.40413030982017517,1.0,0.3414642772500296,0.3414642772500296,0.6585357227499704,5,0,0.40413030982017517,3.5,False,0.0,,,66,1.0,0.0,61.28,1019.8307065037868,running,-587.4251708984375,9.122069358825684,0.12375582009553909
275,2,hard_narrow_gap_forward,-0.9999312012826447,-0.4999974579502185,2.2062928839243625e-06,random_local_offset,1.0,0.0,0.0,-0.55,-1.75,1.57,1020.5900990262655,True,False,False,0.660295097015668,0.38781827688217163,1.0,0.3445310705458089,0.3445310705458089,0.6554689294541911,5,0,0.38781827688217163,3.5,False,0.0,,,64,1.0,0.0,62.04,1019.9672343332609,running,-611.3832397460938,21.728492736816406,0.12265317142009735
276,2,hard_narrow_gap_forward,-0.9999312034919932,-0.4999974591605399,2.2071922214530778e-06,random_local_offset,1.0,0.0,0.0,0.55,1.75,-1.57,1020.4145932474703,True,False,False,0.6638410197412541,0.40182483196258545,1.0,0.34087757871696683,0.34087757871696683,0.6591224212830331,5,0,0.40182483196258545,3.5,False,0.0,,,65,1.0,0.0,61.4,1019.8478691486466,running,0.0,9.312677383422852,0.12284409999847412
277,2,hard_narrow_gap_forward,-1.1999360912199322,-0.4999979018701017,2.2512189363743075e-06,random_local_offset,0.8,0.0,0.0,0.55,-1.75,1.57,1017.2877610759886,True,False,False,0.4628119797656677,0.48911622166633606,0.7999999999999999,0.34040089335999796,0.34040089335999796,0.459599106640002,0,0,0.5382452011108398,3.5,False,0.0,,,46,1.0,0.0,60.0,1019.5986421301666,running,0.0,8.52915096282959,0.12119211256504059
278,2,hard_narrow_gap_forward,-0.9999312309990067,-0.49999747316745136,2.1910448703708914e-06,random_local_offset,1.0,0.0,0.0,0.55,1.75,-1.57,1020.3417012900131,True,False,False,0.66237046610559,0.39777034521102905,1.0,0.34498094224150566,0.34498094224150566,0.6550190577584943,6,0,0.39777034521102905,3.5,False,0.0,,,63,1.0,0.0,60.68,1019.7456045924065,running,-596.725341796875,13.631357192993164,0.12054381519556046
279,2,hard_narrow_gap_forward,-0.7999311871090413,-0.49999696983657543,2.240636913446629e-06,random_local_offset,1.2,0.0,0.0,-0.55,-1.75,1.57,1023.7405620020521,True,False,False,0.8648565750245671,0.3133535385131836,1.2,0.34228290506101616,0.34228290506101616,0.8577170949389838,24,0,0.3133535385131836,3.5,False,0.0,,,81,1.0,0.0,60.52,1019.7603121217937,running,0.0,13.553159713745117,0.12063642591238022
280,2,hard_narrow_gap_forward,-0.7999311996047618,-0.4999969133543523,2.2870604854561825e-06,random_local_offset,1.2,0.0,0.0,0.55,-1.75,1.57,1023.7764392787295,True,False,False,0.8641928855249281,0.30138880014419556,1.2,0.3444801890009694,0.3444801890009694,0.8555198109990305,22,0,0.30138880014419556,3.5,False,0.0,,,83,1.0,0.0,61.36,1019.9061409961618,running,-573.447509765625,22.92844009399414,0.12243904173374176
281,2,hard_narrow_gap_forward,-0.7999372951616766,-0.49999696226708557,2.2496100938038365e-06,random_local_offset,1.2,0.0,0.0,0.55,-1.75,1.57,1023.7051694187668,True,False,False,0.8633169488249524,0.3119962215423584,1.2,0.34167525748623173,0.34167525748623173,0.8583247425137682,18,0,0.3119962215423584,3.5,False,0.0,,,82,1.0,0.0,62.92,1020.1904283008959,running,-616.3450927734375,17.238937377929688,0.1233130544424057
282,2,hard_narrow_gap_forward,-0.799931209682851,-0.4999969384983661,2.271191994735103e-06,random_local_offset,1.2,0.0,0.0,-0.55,-1.75,1.57,1023.6649823727564,True,False,False,0.8614829882520958,0.29832878708839417,1.2,0.34685291229001486,0.34685291229001486,0.8531470877099852,25,0,0.29832878708839417,3.5,False,0.0,,,82,1.0,0.0,64.4,1020.4815188363904,running,-577.479248046875,13.224946022033691,0.12407506257295609
283,2,hard_narrow_gap_forward,-0.9999333342611303,-0.4999974142994398,2.3849529336248167e-06,random_local_offset,1.0,0.0,0.0,-0.55,1.75,-1.57,1020.485651947769,True,False,False,0.6654287653192709,0.3942442834377289,1.0,0.34090391689791594,0.34090391689791594,0.659096083102084,4,0,0.3942442834377289,3.5,False,0.0,,,65,1.0,0.0,64.44,1020.4902352935903,running,0.0,10.534321784973145,0.12424779683351517
284,2,hard_narrow_gap_forward,-0.9999312267537398,-0.49999750379576424,2.153172824531944e-06,random_local_offset,1.0,0.0,0.0,0.55,-1.75,1.57,1020.3287523180173,True,False,False,0.6539982205997932,0.41566771268844604,1.0,0.34907626712508305,0.34907626712508305,0.6509237328749169,1,0,0.41566771268844604,3.5,False,0.0,,,62,1.0,0.0,64.4,1020.4822201409559,running,0.0,17.933412551879883,0.12237270176410675
285,2,hard_narrow_gap_forward,-0.7999312078725549,-0.4999970066411764,2.2165625676352353e-06,random_local_offset,1.2,0.0,0.0,0.55,-1.75,1.57,1022.7089668557365,True,False,False,0.8659258895725624,0.27810028195381165,1.2,0.34784843053427783,0.34784843053427783,0.8521515694657221,22,0,0.27810028195381165,3.5,False,0.0,,,83,1.0,0.0,66.0,1020.7169175323875,running,-562.6735229492188,69.6393051147461,0.12064171582460403
286,2,hard_narrow_gap_forward,-0.9999299330505228,-0.49999736053891725,2.3987321355617804e-06,random_local_offset,1.0,0.0,0.0,0.55,1.75,-1.57,1019.9294604581748,True,False,False,0.6624274802901255,0.4037155508995056,1.0,0.3450943325087132,0.3450943325087132,0.6549056674912868,4,0,0.4037155508995056,3.5,False,0.0,,,63,1.0,0.0,65.96,1020.687502725435,running,0.0,9.961954116821289,0.11924421042203903
287,2,hard_narrow_gap_forward,-1.1999299913248092,-0.4999979462232764,2.3474816823510365e-06,random_local_offset,0.8,0.0,0.0,0.55,-1.75,1.57,1016.9595245139305,True,False,False,0.4662896732858405,0.4919945299625397,0.8,0.3402593520938622,0.3402593520938622,0.45974064790613783,0,0,0.5741002559661865,3.5,False,0.0,,,46,1.0,0.0,64.48,1020.4519104513827,running,0.0,11.626094818115234,0.11927719414234161
288,2,hard_narrow_gap_forward,-1.1999311847902652,-0.49999786707324306,2.2381922655221207e-06,random_local_offset,0.8,0.0,0.0,-0.55,-1.75,1.57,1016.546852187068,True,False,False,0.454219184225112,0.4839390516281128,0.7999999999999999,0.3495920658175786,0.3495920658175786,0.4504079341824213,0,0,0.5545945763587952,3.5,False,0.0,,,46,1.0,0.0,63.76,1020.313944030614,running,0.0,15.677886962890625,0.11987388879060745
289,2,hard_narrow_gap_forward,-0.9999312365246392,-0.49999747519287674,2.180109611210777e-06,random_local_offset,1.0,0.0,0.0,-0.55,1.75,-1.57,1020.3981750360554,True,False,False,0.6559695381401796,0.41739898920059204,1.0,0.347380115152139,0.347380115152139,0.652619884847861,1,0,0.41739898920059204,3.5,False,0.0,,,62,1.0,0.0,63.76,1020.3324118212238,running,0.0,16.93425750732422,0.12079152464866638
290,2,hard_narrow_gap_forward,-1.1999312392056565,-0.4999979104837223,2.186929644847742e-06,random_local_offset,0.8,0.0,0.0,0.55,1.75,-1.57,1017.0007876092578,True,False,False,0.4565372805954951,0.49149182438850403,0.8000000000000002,0.34648521726579357,0.34648521726579357,0.4535147827342066,0,0,0.5328008532524109,3.5,False,0.0,,,45,1.0,0.0,62.24,1020.0468171387533,running,-619.5265502929688,13.20347785949707,0.12076571583747864
291,2,hard_narrow_gap_forward,-0.7999311929199162,-0.49999699188490826,2.226928757032083e-06,random_local_offset,1.2,0.0,0.0,0.55,-1.75,1.57,1023.7298923002301,True,False,False,0.8681744148383158,0.30073633790016174,1.2000000000000002,0.3416196271152353,0.3416196271152353,0.8583803728847649,26,0,0.30073633790016174,3.5,False,0.0,,,84,1.0,0.0,63.84,1020.3213034753753,running,-565.299072265625,13.77833366394043,0.12047603726387024
292,2,hard_narrow_gap_forward,-0.7999303491914971,-0.49999700840096634,2.5888952998326485e-06,random_local_offset,1.2,0.0,0.0,0.55,-1.75,1.57,1022.980727970255,True,False,False,0.862718335109226,0.2802669405937195,1.2,0.3470624908215582,0.3470624908215582,0.8529375091784417,21,0,0.2802669405937195,3.5,False,0.0,,,81,1.0,0.0,64.44,1020.4271522050399,running,0.0,15.93858814239502,0.11993492394685745
293,2,hard_narrow_gap_forward,-1.1999312133716302,-0.49999793904094786,2.160509434494211e-06,random_local_offset,0.8,0.0,0.0,-0.55,1.75,-1.57,1017.0286125489854,True,False,False,0.45920899871608634,0.4793784022331238,0.8,0.3432755280982497,0.3432755280982497,0.45672447190175036,0,0,0.5403755903244019,3.5,False,0.0,,,45,1.0,0.0,64.52,1020.4522160991114,running,-606.9140014648438,33.320465087890625,0.12017372995615005
294,2,hard_narrow_gap_forward,-1.1999305542930072,-0.4999978382354752,2.4575393863302862e-06,random_local_offset,0.8,0.0,0.0,-0.55,-1.75,1.57,1016.8130018006191,True,False,False,0.46011335428983885,0.49857187271118164,0.8000000000000003,0.34243665107516663,0.34243665107516663,0.45756334892483363,0,0,0.5487340688705444,3.5,False,0.0,,,44,1.0,0.0,63.72,1020.2979510734805,running,-566.8045043945312,75.37162017822266,0.12021241337060928
295,2,hard_narrow_gap_forward,-0.9999312328958501,-0.4999974941498328,2.170992053944599e-06,random_local_offset,1.0,0.0,0.0,-0.55,1.75,-1.57,1020.3882911726806,True,False,False,0.663701922920306,0.39005059003829956,1.0,0.34245448166882886,0.34245448166882886,0.6575455183311711,3,0,0.39005059003829956,3.5,False,0.0,,,63,1.0,0.0,64.48,1020.4356672325841,running,0.0,18.484479904174805,0.12100594490766525
296,2,hard_narrow_gap_forward,-0.7999312037368314,-0.4999969208546569,2.2773728762566813e-06,random_local_offset,1.2,0.0,0.0,-0.55,1.75,-1.57,1024.159051937807,True,False,False,0.8606042354242298,0.3213043510913849,1.2,0.3441042732140118,0.3441042732140118,0.8558957267859881,22,0,0.3213043510913849,3.5,False,0.0,,,81,1.0,0.0,65.2,1020.5814096567112,running,-590.49853515625,14.541440963745117,0.1220150962471962
297,2,hard_narrow_gap_forward,-0.9999312268176365,-0.49999751488873195,2.149650049064223e-06,random_local_offset,1.0,0.0,0.0,-0.55,-1.75,1.57,1020.5202707109735,True,False,False,0.6592243141581232,0.41067272424697876,1.0,0.3445833336719912,0.3445833336719912,0.6554166663280088,3,0,0.41067272424697876,3.5,False,0.0,,,61,1.0,0.0,65.84,1020.7159068137496,running,0.0,6.587035179138184,0.12206362932920456
298,2,hard_narrow_gap_forward,-0.9999312166306625,-0.4999975145914065,2.1463243373077772e-06,random_local_offset,1.0,0.0,0.0,-0.55,1.75,-1.57,1020.18220190905,True,False,False,0.6551793971060816,0.4063803255558014,1.0,0.3491784431969589,0.3491784431969589,0.6508215568030411,3,0,0.4063803255558014,3.5,False,0.0,,,63,1.0,0.0,65.04,1020.5815868836169,running,-618.31103515625,18.055980682373047,0.12129499018192291
299,2,hard_narrow_gap_forward,-0.7999312180626519,-0.499997004169596,2.212043890532186e-06,random_local_offset,1.2,0.0,0.0,-0.55,-1.75,1.57,1022.6995089100772,True,False,False,0.8642130701676224,0.2679707407951355,1.2,0.34997043990240306,0.34997043990240306,0.8500295600975969,24,0,0.2679707407951355,3.5,False,0.0,,,83,1.0,0.0,65.72,1020.6552415159491,running,0.0,15.281652450561523,0.1213240921497345
300,2,hard_narrow_gap_forward,-0.7999312187325587,-0.49999698397186315,2.234726265352453e-06,random_local_offset,1.2,0.0,0.0,-0.55,1.75,-1.57,1023.0313373588007,True,False,False,0.8581105529364679,0.2984693944454193,1.2,0.3490424472152942,0.3490424472152942,0.8509575527847058,21,0,0.2984693944454193,3.5,False,0.0,,,81,1.0,0.0,66.4,1020.7528910492507,running,-621.6063232421875,10.81831169128418,0.12243720144033432
301,2,hard_narrow_gap_forward,-0.7999311838704659,-0.4999969705431742,2.240435911001827e-06,random_local_offset,1.2,0.0,0.0,-0.55,-1.75,1.57,1021.7821645576634,True,False,False,0.8703210984815299,0.25770115852355957,1.2,0.348799069833127,0.348799069833127,0.851200930166873,25,0,0.25770115852355957,3.5,False,0.0,,,78,1.0,0.0,66.92,1020.8075939016584,running,-594.7695922851562,14.100083351135254,0.12126483768224716
302,2,hard_narrow_gap_forward,-1.1999312385697287,-0.49999791049685977,2.1854840819970622e-06,random_local_offset,0.8,0.0,0.0,0.55,1.75,-1.57,1015.9610667578988,True,False,False,0.45491919305194184,0.48676782846450806,0.8000000000000002,0.3489473248486656,0.3489473248486656,0.45105267515133457,0,0,0.5302734971046448,3.5,False,0.0,,,42,1.0,0.0,66.76,1020.7545261289348,running,-572.2266235351562,14.075876235961914,0.1208183616399765
303,2,hard_narrow_gap_forward,-1.1999312097763208,-0.4999979031328785,2.2044260150804453e-06,random_local_offset,0.8,0.0,0.0,-0.55,1.75,-1.57,1016.7637097194529,True,False,False,0.45337312272207964,0.48745426535606384,0.8,0.3481781601714671,0.3481781601714671,0.45182183982853297,0,0,0.5636658668518066,3.5,False,0.0,,,43,1.0,0.0,65.96,1020.6114064661124,running,0.0,15.548307418823242,0.12068547308444977
304,2,hard_narrow_gap_forward,-0.9999311993736832,-0.49999739793246006,2.252707749754989e-06,random_local_offset,1.0,0.0,0.0,-0.55,1.75,-1.57,1020.6606639289628,True,False,False,0.6555037362719982,0.42389148473739624,1.0,0.3477795039958537,0.3477795039958537,0.6522204960041462,0,0,0.42389148473739624,3.5,False,0.0,,,63,1.0,0.0,65.24,1020.4882105431889,running,-579.36181640625,50.000091552734375,0.1210632249712944
305,2,hard_narrow_gap_forward,-0.9999312276992348,-0.4999975096848349,2.1562482254682433e-06,random_local_offset,1.0,0.0,0.0,-0.55,-1.75,1.57,1020.5005328392205,True,False,False,0.6623619522672983,0.42478129267692566,1.0,0.34335440017453794,0.34335440017453794,0.6566455998254621,0,0,0.42478129267692566,3.5,False,0.0,,,64,1.0,0.0,64.48,1020.3571742856086,running,-585.9896850585938,31.131576538085938,0.12070032209157944
306,2,hard_narrow_gap_forward,-0.7999371238304884,-0.49999697215552585,2.250049845207028e-06,random_local_offset,1.2,0.0,0.0,-0.55,1.75,-1.57,1023.8316003000801,True,False,False,0.8668253399214125,0.30729940533638,1.2,0.34190295909272134,0.34190295909272134,0.8580970409072786,24,0,0.3156372308731079,3.5,False,0.0,,,82,1.0,0.0,64.48,1020.3622315208611,running,-577.1698608398438,11.75761604309082,0.12220153212547302
307,2,hard_narrow_gap_forward,-0.9999332231551714,-0.4999977622859093,2.117839477019645e-06,random_local_offset,1.0,0.0,0.0,0.55,1.75,-1.57,1019.899390510216,True,False,False,0.6598468664975824,0.4141212999820709,1.0,0.34901149697650324,0.34901149697650324,0.6509885030234968,1,0,0.4141212999820709,3.5,False,0.0,,,62,1.0,0.0,63.68,1020.2116078463592,running,-620.3584594726562,14.74983024597168,0.12517666816711426
308,2,hard_narrow_gap_forward,-0.9999311950579233,-0.4999973969308245,2.268623643252725e-06,random_local_offset,1.0,0.0,0.0,-0.55,1.75,-1.57,1020.5232047656813,True,False,False,0.6643569683688332,0.37954071164131165,1.0,0.34027103211782667,0.34027103211782667,0.6597289678821734,3,0,0.37954071164131165,3.5,False,0.0,,,63,1.0,0.0,63.6,1020.2131099590758,running,0.0,11.03532600402832,0.12556767463684082
309,2,hard_narrow_gap_forward,-1.1999311920594895,-0.499997857316518,2.258619576658472e-06,random_local_offset,0.8,0.0,0.0,-0.55,-1.75,1.57,1016.9923917162716,True,False,False,0.45954933250010616,0.4906001687049866,0.8000000000000003,0.3432290253500579,0.3432290253500579,0.4567709746499424,0,0,0.5323259234428406,3.5,False,0.0,,,45,1.0,0.0,62.92,1020.0796555350062,running,-572.842041015625,14.963068962097168,0.1250005066394806
310,2,hard_narrow_gap_forward,-1.199931194453991,-0.4999978500787924,2.267040360759507e-06,random_local_offset,0.8,0.0,0.0,-0.55,-1.75,1.57,1016.4189025526471,True,False,False,0.4550658593578474,0.4837653636932373,0.7999999999999999,0.34844620893287104,0.34844620893287104,0.4515537910671289,0,0,0.5350412726402283,3.5,False,0.0,,,44,1.0,0.0,61.36,1019.8280529628825,running,-614.5204467773438,86.72012329101562,0.1243499219417572
311,2,hard_narrow_gap_forward,-0.7999312008582573,-0.49999693695279973,2.2734465390341545e-06,random_local_offset,1.2,0.0,0.0,-0.55,1.75,-1.57,1023.7674044691605,True,False,False,0.8624433497596676,0.3051169812679291,1.2,0.34612293061939153,0.34612293061939153,0.8538770693806084,24,0,0.3051169812679291,3.5,False,0.0,,,82,1.0,0.0,62.12,1019.981570723322,running,-599.4513549804688,14.953022956848145,0.12303656339645386
312,2,hard_narrow_gap_forward,-0.7999312087081307,-0.4999969790141894,2.2409465610887786e-06,random_local_offset,1.2,0.0,0.0,-0.55,1.75,-1.57,1023.9532454112227,True,False,False,0.869654060311952,0.299068421125412,1.2,0.3398228876202257,0.3398228876202257,0.8601771123797742,26,0,0.299068421125412,3.5,False,0.0,,,86,1.0,0.0,63.72,1020.2613195592135,running,-627.27294921875,12.338071823120117,0.12222746759653091
313,2,hard_narrow_gap_forward,-0.9999300426397811,-0.49999740039292545,2.4004722050418773e-06,random_local_offset,1.0,0.0,0.0,0.55,-1.75,1.57,1020.61001088469,True,False,False,0.6637711257827479,0.3920205235481262,1.0,0.3422311824220869,0.3422311824220869,0.6577688175779131,3,0,0.3920205235481262,3.5,False,0.0,,,64,1.0,0.0,64.44,1020.4238459071182,running,-584.677001953125,29.26120376586914,0.12240757793188095
314,2,hard_narrow_gap_forward,-0.999936004501674,-0.4999975030639884,2.1875366187207694e-06,random_local_offset,1.0,0.0,0.0,0.55,-1.75,1.57,1020.4418602286574,True,False,False,0.6579687346787807,0.4105869233608246,1.0,0.3466942423871241,0.3466942423871241,0.6533057576128759,4,0,0.4105869233608246,3.5,False,0.0,,,63,1.0,0.0,64.48,1020.4255933148223,running,0.0,7.3445281982421875,0.12353692948818207
315,2,hard_narrow_gap_forward,-0.7999311898675219,-0.49999695702109276,2.247293721513643e-06,random_local_offset,1.2,0.0,0.0,0.55,-1.75,1.57,1023.7450585861213,True,False,False,0.86337269158254,0.3202973008155823,1.2,0.34380863613402707,0.34380863613402707,0.8561913638659728,19,0,0.3202973008155823,3.5,False,0.0,,,83,1.0,0.0,66.0,1020.695364153897,running,-554.99853515625,14.015430450439453,0.12411879748106003
316,2,hard_narrow_gap_forward,-0.7999311927257617,-0.4999969522959954,2.2546634308034386e-06,random_local_offset,1.2,0.0,0.0,0.55,-1.75,1.57,1023.3334338607509,True,False,False,0.8627625872294762,0.29944339394569397,1.2,0.3472878228380053,0.3472878228380053,0.8527121771619947,26,0,0.30378878116607666,3.5,False,0.0,,,83,1.0,0.0,65.96,1020.6795058163177,running,0.0,57.784812927246094,0.1231023445725441
317,2,hard_narrow_gap_forward,-1.1999312109629396,-0.4999978553903988,2.256175540740127e-06,random_local_offset,0.8,0.0,0.0,-0.55,1.75,-1.57,1016.7859254729666,True,False,False,0.45753522415535247,0.4854470491409302,0.8,0.34512610661302917,0.34512610661302917,0.4548738933869709,0,0,0.5495283007621765,3.5,False,0.0,,,44,1.0,0.0,64.48,1020.4317137164262,running,0.0,6.402332305908203,0.12219454348087311
318,2,hard_narrow_gap_forward,-0.7999300895584585,-0.4999969336530147,2.367462611439684e-06,random_local_offset,1.2,0.0,0.0,0.55,1.75,-1.57,1023.225105031492,True,False,False,0.8696512327749958,0.2764059901237488,1.2,0.343630300844322,0.343630300844322,0.856369699155678,25,0,0.28470396995544434,3.5,False,0.0,,,83,1.0,0.0,66.0,1020.6795734157265,running,-611.2243041992188,8.658143043518066,0.12064867466688156
319,2,hard_narrow_gap_forward,-0.9999333420775988,-0.49999742996252317,2.363731584972637e-06,random_local_offset,1.0,0.0,0.0,-0.55,1.75,-1.57,1020.8715032662927,True,False,False,0.6633748210544709,0.4013061225414276,1.0,0.3409873051059251,0.3409873051059251,0.6590126948940749,2,0,0.4013061225414276,3.5,False,0.0,,,63,1.0,0.0,66.76,1020.8419134743533,running,0.0,10.71101188659668,0.12065448611974716
320,2,hard_narrow_gap_forward,-1.199931241564788,-0.4999979365259209,2.1606348731804903e-06,random_local_offset,0.8,0.0,0.0,-0.55,-1.75,1.57,1017.1275322854268,True,False,False,0.4615290185933596,0.4879912734031677,0.8000000000000002,0.3402751490138186,0.3402751490138186,0.45972485098618154,0,0,0.5580679178237915,3.5,False,0.0,,,44,1.0,0.0,66.0,1020.7114831188633,running,0.0,13.677331924438477,0.12059277296066284
321,2,hard_narrow_gap_forward,-0.7999312070526445,-0.4999969347951258,2.274017425266375e-06,random_local_offset,1.2,0.0,0.0,-0.55,-1.75,1.57,1022.8807761803947,True,False,False,0.860344398265483,0.2817961871623993,1.2,0.34780987741123964,0.34780987741123964,0.8521901225887603,19,0,0.2817961871623993,3.5,False,0.0,,,80,1.0,0.0,65.96,1020.6603520885669,running,0.0,17.982847213745117,0.11978746950626373
322,2,hard_narrow_gap_forward,-0.9999312085224292,-0.49999748547955647,2.1686320331597004e-06,random_local_offset,1.0,0.0,0.0,0.55,1.75,-1.57,1019.9048194060703,True,False,False,0.6572878359448384,0.40276437997817993,1.0,0.3494675674396512,0.3494675674396512,0.6505324325603488,5,0,0.40276437997817993,3.5,False,0.0,,,62,1.0,0.0,66.0,1020.6357340363706,running,0.0,18.926414489746094,0.12037207186222076
323,2,hard_narrow_gap_forward,-0.9999312326827654,-0.4999974666712036,2.1966177373881157e-06,random_local_offset,1.0,0.0,0.0,-0.55,-1.75,1.57,1019.7356832008267,True,False,False,0.6685755998748949,0.3692746162414551,1.0,0.34439401615871484,0.34439401615871484,0.6556059838412851,9,0,0.3692746162414551,3.5,False,0.0,,,63,1.0,0.0,66.0,1020.6178732880418,running,-625.7105712890625,21.843172073364258,0.11867786943912506
324,2,hard_narrow_gap_forward,-0.7999312079459213,-0.4999970435365878,2.1748259009312092e-06,random_local_offset,1.2,0.0,0.0,-0.55,-1.75,1.57,1023.5176393444946,True,False,False,0.8609001606621416,0.3035290539264679,1.2,0.34728407998046346,0.34728407998046346,0.8527159200195364,22,0,0.3035290539264679,3.5,False,0.0,,,82,1.0,0.0,65.96,1020.6505985054184,running,-606.372314453125,8.232585906982422,0.11711250990629196
325,2,hard_narrow_gap_forward,-0.9999312025439343,-0.49999745335857354,2.213838597453932e-06,random_local_offset,1.0,0.0,0.0,-0.55,1.75,-1.57,1020.3644506343402,True,False,False,0.6576158040714689,0.4313896894454956,1.0,0.3463277895510951,0.3463277895510951,0.6536722104489049,0,0,0.4313896894454956,3.5,False,0.0,,,61,1.0,0.0,65.16,1020.5439230364401,running,0.0,6.876000881195068,0.1178075298666954
326,2,hard_narrow_gap_forward,-0.9999311907701478,-0.4999973969017171,2.2566347498998898e-06,random_local_offset,1.0,0.0,0.0,-0.55,-1.75,1.57,1020.3184749212695,True,False,False,0.660771900969296,0.4117257297039032,1.0,0.3427041207516848,0.3427041207516848,0.6572958792483152,1,0,0.4117257297039032,3.5,False,0.0,,,60,1.0,0.0,64.44,1020.4853754509844,running,0.0,4.988462448120117,0.11837891489267349
327,2,hard_narrow_gap_forward,-1.1999367750275005,-0.4999979451554395,2.2370367271195814e-06,random_local_offset,0.8,0.0,0.0,0.55,1.75,-1.57,1016.261892964576,True,False,False,0.466406056543259,0.49625256657600403,0.8,0.3370953100659238,0.3370953100659238,0.46290468993407624,0,0,0.5557417273521423,3.5,False,0.0,,,42,1.0,0.0,64.44,1020.4974084992515,running,0.0,6.145417213439941,0.11941590905189514
328,2,hard_narrow_gap_forward,-0.7999312108151113,-0.49999702978929894,2.197135156622656e-06,random_local_offset,1.2,0.0,0.0,0.55,-1.75,1.57,1024.1377689754245,True,False,False,0.8632725945495405,0.3202587366104126,1.1999999999999997,0.3420590807365613,0.3420590807365613,0.8579409192634384,22,0,0.3208119571208954,3.5,False,0.0,,,85,1.0,0.0,66.12,1020.7923708694902,running,-589.3837280273438,44.61540985107422,0.12046448886394501
329,2,hard_narrow_gap_forward,-0.9999303626925946,-0.499997434495989,2.366820205447487e-06,random_local_offset,1.0,0.0,0.0,-0.55,-1.75,1.57,1020.2775919056468,True,False,False,0.6597641823781166,0.4101165533065796,1.0,0.34576013164327957,0.34576013164327957,0.6542398683567204,3,0,0.4101165533065796,3.5,False,0.0,,,64,1.0,0.0,66.16,1020.7770479885578,running,-625.6668090820312,61.18678283691406,0.12073667347431183
330,2,hard_narrow_gap_forward,-0.799930188330108,-0.4999968687341196,2.4819449598435746e-06,random_local_offset,1.2,0.0,0.0,-0.55,1.75,-1.57,1023.6325137057086,True,False,False,0.8605207725381411,0.30781903862953186,1.2,0.34532010793143686,0.34532010793143686,0.8546798920685631,20,0,0.30781903862953186,3.5,False,0.0,,,82,1.0,0.0,66.88,1020.9023272232173,running,-612.054931640625,18.970230102539062,0.12071838974952698
331,2,hard_narrow_gap_forward,-1.199931214237904,-0.4999978742659255,2.232358490399373e-06,random_local_offset,0.8,0.0,0.0,0.55,1.75,-1.57,1016.7582640882589,True,False,False,0.45384030271825637,0.47254621982574463,0.8000000000000002,0.3491406550453247,0.3491406550453247,0.45085934495467545,0,0,0.570563554763794,3.5,False,0.0,,,43,1.0,0.0,65.32,1020.6193937747444,running,0.0,17.446269989013672,0.12076540291309357
332,2,hard_narrow_gap_forward,-0.7999311992238034,-0.4999969245983668,2.282193912487772e-06,random_local_offset,1.2,0.0,0.0,-0.55,-1.75,1.57,1023.4895850256306,True,False,False,0.8594521738993549,0.3402388393878937,1.2,0.3470406372098976,0.3470406372098976,0.8529593627901024,18,0,0.3508082926273346,3.5,False,0.0,,,82,1.0,0.0,66.12,1020.7630015553608,running,0.0,7.44266414642334,0.1209704652428627
333,2,hard_narrow_gap_forward,-0.9999312615166529,-0.49999748751764767,2.1735258095951206e-06,random_local_offset,1.0,0.0,0.0,0.55,-1.75,1.57,1020.499355857806,True,False,False,0.6651347958672069,0.3913143575191498,1.0,0.3419809474251827,0.3419809474251827,0.6580190525748173,6,0,0.3913143575191498,3.5,False,0.0,,,64,1.0,0.0,66.16,1020.762047599046,running,0.0,16.433120727539062,0.11959866434335709
334,2,hard_narrow_gap_forward,-1.1999312227425483,-0.499997890493474,2.2177027819557405e-06,random_local_offset,0.8,0.0,0.0,-0.55,-1.75,1.57,1016.5001141350588,True,False,False,0.45659347824778945,0.48833638429641724,0.8,0.3465434953356627,0.3465434953356627,0.45345650466433735,0,0,0.5442349314689636,3.5,False,0.0,,,44,1.0,0.0,66.12,1020.7423564957975,running,0.0,9.33089828491211,0.1185622587800026
335,2,hard_narrow_gap_forward,-0.7999311840898196,-0.49999697538994364,2.2372103687035878e-06,random_local_offset,1.2,0.0,0.0,-0.55,-1.75,1.57,1023.1921937464197,True,False,False,0.8594363509665819,0.2904818058013916,1.2,0.34818933694151705,0.34818933694151705,0.851810663058483,21,0,0.2904818058013916,3.5,False,0.0,,,81,1.0,0.0,67.6,1021.0132881435483,running,-590.2286376953125,9.576598167419434,0.11857011914253235
336,2,hard_narrow_gap_forward,-1.19993122066036,-0.49999784965739286,2.2655169111703534e-06,random_local_offset,0.8,0.0,0.0,-0.55,-1.75,1.57,1017.0725276777716,True,False,False,0.45830335465734345,0.483977347612381,0.8,0.3441995258437965,0.3441995258437965,0.45580047415620356,0,0,0.5561657547950745,3.5,False,0.0,,,45,1.0,0.0,66.12,1020.7454930718927,running,0.0,23.133686065673828,0.11887636035680771
337,2,hard_narrow_gap_forward,-0.9999312336434457,-0.4999974578155094,2.1988746293458016e-06,random_local_offset,1.0,0.0,0.0,0.55,-1.75,1.57,1020.1522372027216,True,False,False,0.6613490814907734,0.3853071928024292,1.0,0.34507216769453825,0.34507216769453825,0.6549278323054617,5,0,0.3853071928024292,3.5,False,0.0,,,64,1.0,0.0,65.24,1020.5934527435526,running,0.0,15.61535358428955,0.11834552884101868
338,2,hard_narrow_gap_forward,-1.1999306561390608,-0.4999980705762457,2.5049741952790857e-06,random_local_offset,0.8,0.0,0.0,0.55,1.75,-1.57,1016.7965837018666,True,False,False,0.45753958210647816,0.4863278567790985,0.8,0.34580306393501975,0.34580306393501975,0.4541969360649803,0,0,0.5383556485176086,3.5,False,0.0,,,45,1.0,0.0,64.48,1020.4409156562397,running,-585.4801025390625,10.62348747253418,0.11862893402576447
339,2,hard_narrow_gap_forward,-1.199935999770025,-0.499997878852272,2.190032973480181e-06,random_local_offset,0.8,0.0,0.0,-0.55,1.75,-1.57,1016.7798011564817,True,False,False,0.4572588860385615,0.48638224601745605,0.8,0.34618124649624243,0.34618124649624243,0.4538187535037576,0,0,0.5447186231613159,3.5,False,0.0,,,47,1.0,0.0,63.84,1020.2944332933527,running,0.0,12.714679718017578,0.11882251501083374
340,2,hard_narrow_gap_forward,-0.7999312104336285,-0.4999969234893115,2.2749636919105396e-06,random_local_offset,1.2,0.0,0.0,-0.55,1.75,-1.57,1024.0938377470068,True,False,False,0.8575301840823994,0.34433087706565857,1.2,0.3448773989753645,0.3448773989753645,0.8551226010246354,19,0,0.34433087706565857,3.5,False,0.0,,,82,1.0,0.0,63.8,1020.3083844597882,running,0.0,11.498899459838867,0.11983614414930344
341,2,hard_narrow_gap_forward,-1.1999300985946433,-0.49999794053148805,2.2828917810183585e-06,random_local_offset,0.8,0.0,0.0,0.55,1.75,-1.57,1016.7837742985162,True,False,False,0.4595696924341116,0.4805731475353241,0.7999999999999999,0.3433000126699396,0.3433000126699396,0.45669998733006034,0,0,0.5593873858451843,3.5,False,0.0,,,43,1.0,0.0,62.2,1020.0463980772988,running,-613.3583374023438,22.390398025512695,0.11942595988512039
342,2,hard_narrow_gap_forward,-0.9999311986174868,-0.4999973887071815,2.2729019451879516e-06,random_local_offset,1.0,0.0,0.0,0.55,1.75,-1.57,1020.6379744422703,True,False,False,0.6585377543280136,0.4172969460487366,1.0,0.3453520162964026,0.3453520162964026,0.6546479837035974,4,0,0.4172969460487366,3.5,False,0.0,,,63,1.0,0.0,62.96,1020.200480036071,running,0.0,14.851349830627441,0.11885598301887512
343,2,hard_narrow_gap_forward,-1.199931222831741,-0.49999789254837473,2.2099140590114486e-06,random_local_offset,0.8,0.0,0.0,-0.55,-1.75,1.57,1017.4094362756454,True,False,False,0.46310579229094084,0.4935155212879181,0.7999999999999999,0.3396423941980321,0.3396423941980321,0.46035760580196783,0,0,0.5476769804954529,3.5,False,0.0,,,46,1.0,0.0,61.48,1019.967853285837,running,0.0,13.419900894165039,0.11912140250205994
344,2,hard_narrow_gap_forward,-0.999931196197574,-0.49999738975381325,2.2723769217769203e-06,random_local_offset,1.0,0.0,0.0,0.55,1.75,-1.57,1019.8960651906858,True,False,False,0.6555653780867707,0.418195903301239,1.0,0.34866235024479925,0.34866235024479925,0.6513376497552008,2,0,0.418195903301239,3.5,False,0.0,,,62,1.0,0.0,61.44,1019.9288357628128,running,0.0,16.89716911315918,0.11828485131263733
345,2,hard_narrow_gap_forward,-0.9999300927780184,-0.49999755409582874,2.4982626976831752e-06,random_local_offset,1.0,0.0,0.0,-0.55,1.75,-1.57,1020.128114109373,True,False,False,0.6622393719726569,0.42350855469703674,1.0,0.3432521023915707,0.3432521023915707,0.6567478976084293,0,0,0.42350855469703674,3.5,False,0.0,,,61,1.0,0.0,62.12,1020.0488590357705,running,-617.39208984375,20.862930297851562,0.11760672926902771
346,2,hard_narrow_gap_forward,-1.1999307267214552,-0.49999805226581584,2.4908026745089403e-06,random_local_offset,0.8,0.0,0.0,-0.55,-1.75,1.57,1016.4630838603389,True,False,False,0.45540222769155414,0.48055508732795715,0.8000000000000002,0.3498374209154263,0.3498374209154263,0.45016257908457386,0,0,0.5249860286712646,3.5,False,0.0,,,44,1.0,0.0,60.68,1019.7921513429683,running,-562.06298828125,9.094778060913086,0.11683128774166107
347,2,hard_narrow_gap_forward,-0.799931216233686,-0.49999708521952196,2.1413790760054124e-06,random_local_offset,1.2,0.0,0.0,0.55,-1.75,1.57,1022.7972847197836,True,False,False,0.8618460913601264,0.2960328459739685,1.2,0.3496082586625182,0.3496082586625182,0.8503917413374817,24,0,0.3177366852760315,3.5,False,0.0,,,81,1.0,0.0,61.44,1019.907849955517,running,0.0,12.398876190185547,0.11758118867874146
348,2,hard_narrow_gap_forward,-0.9999312367330405,-0.4999974777302785,2.179990673628197e-06,random_local_offset,1.0,0.0,0.0,-0.55,1.75,-1.57,1020.3016732970284,True,False,False,0.6610290878969355,0.4032720923423767,1.0,0.34450875722518864,0.34450875722518864,0.6554912427748114,3,0,0.4032720923423767,3.5,False,0.0,,,62,1.0,0.0,61.4,1019.9304895593649,running,0.0,12.599662780761719,0.11870891600847244
349,2,hard_narrow_gap_forward,-0.9999312366360912,-0.4999974729583816,2.185619091076955e-06,random_local_offset,1.0,0.0,0.0,-0.55,-1.75,1.57,1020.7255899127679,True,False,False,0.661826729036674,0.4007374346256256,1.0,0.3425209345074082,0.3425209345074082,0.6574790654925917,3,0,0.4007374346256256,3.5,False,0.0,,,63,1.0,0.0,60.64,1019.8188075820956,running,-605.2614135742188,15.522421836853027,0.11911356449127197
350,2,hard_narrow_gap_forward,-1.1999354720842133,-0.49999787614665747,2.2490239936726493e-06,random_local_offset,0.8,0.0,0.0,-0.55,1.75,-1.57,1017.020594130389,True,False,False,0.45986892754880926,0.481195330619812,0.8,0.3433275176266488,0.3433275176266488,0.45667248237335123,0,0,0.536152720451355,3.5,False,0.0,,,44,1.0,0.0,59.96,1019.6850533219379,running,-594.089599609375,14.666990280151367,0.11845624446868896
351,2,hard_narrow_gap_forward,-0.7999365716599494,-0.4999969812410331,2.1126087731533586e-06,random_local_offset,1.2,0.0,0.0,-0.55,1.75,-1.57,1023.2074983320808,True,False,False,0.8623807277974693,0.2846938371658325,1.2,0.3487815568674656,0.3487815568674656,0.8512184431325344,26,0,0.2846938371658325,3.5,False,0.0,,,81,1.0,0.0,60.8,1019.8006142583702,running,0.0,11.943885803222656,0.11727780848741531
352,2,hard_narrow_gap_forward,-0.9999301300892363,-0.4999975162686708,2.420123033848663e-06,random_local_offset,1.0,0.0,0.0,-0.55,1.75,-1.57,1020.0510721460101,True,False,False,0.6594627531543386,0.3903316557407379,1.0,0.3467244875068577,0.3467244875068577,0.6532755124931423,3,0,0.3903316557407379,3.5,False,0.0,,,61,1.0,0.0,61.56,1019.9521814256275,running,-582.6834106445312,20.10723876953125,0.11756639182567596
353,2,hard_narrow_gap_forward,-1.1999311921690377,-0.49999786235443644,2.2449530699161966e-06,random_local_offset,0.8,0.0,0.0,0.55,-1.75,1.57,1017.0135490214872,True,False,False,0.46660864345466474,0.48547932505607605,0.8,0.3374801329877946,0.3374801329877946,0.46251986701220543,0,0,0.5581804513931274,3.5,False,0.0,,,45,1.0,0.0,59.96,1019.6672126274701,running,0.0,10.864500045776367,0.11807747185230255
354,2,hard_narrow_gap_forward,-1.1999312352800726,-0.4999978993388241,2.193612628312758e-06,random_local_offset,0.8,0.0,0.0,0.55,-1.75,1.57,1017.1554672868151,True,False,False,0.46208346927324834,0.4895976185798645,0.8000000000000002,0.34058761536838833,0.34058761536838833,0.4594123846316118,0,0,0.5281729698181152,3.5,False,0.0,,,45,1.0,0.0,59.2,1019.5423276427169,running,-591.3465576171875,14.070064544677734,0.1177373006939888
355,2,hard_narrow_gap_forward,-1.1999313158084925,-0.49999790687459805,2.135816639026049e-06,random_local_offset,0.8,0.0,0.0,0.55,-1.75,1.57,1016.4820111528733,True,False,False,0.46005048691348127,0.4871678054332733,0.8000000000000002,0.34613040859382577,0.34613040859382577,0.4538695914061744,0,0,0.5255376696586609,3.5,False,0.0,,,44,1.0,0.0,57.68,1019.2563075406034,running,-605.100341796875,20.96593475341797,0.1175752729177475
356,2,hard_narrow_gap_forward,-1.199931205173113,-0.49999788260058775,2.229092407845469e-06,random_local_offset,0.8,0.0,0.0,-0.55,1.75,-1.57,1016.2910194787444,True,False,False,0.4535407102643009,0.48316851258277893,0.8,0.3495315138570383,0.3495315138570383,0.45046848614296175,0,0,0.5497338175773621,3.5,False,0.0,,,43,1.0,0.0,57.68,1019.2376177562229,running,0.0,26.74479103088379,0.1173858717083931
357,2,hard_narrow_gap_forward,-0.7999333388173449,-0.49999698037763557,2.3468184113965763e-06,random_local_offset,1.2,0.0,0.0,-0.55,1.75,-1.57,1024.0645695093735,True,False,False,0.8605964574466671,0.3114785850048065,1.2,0.34353119790477066,0.34353119790477066,0.8564688020952294,19,0,0.3229168951511383,3.5,False,0.0,,,79,1.0,0.0,57.56,1019.2606171355725,running,-601.4937744140625,20.678070068359375,0.11772686243057251
358,2,hard_narrow_gap_forward,-0.999933342915449,-0.49999749380632535,2.3024685715058913e-06,random_local_offset,1.0,0.0,0.0,-0.55,1.75,-1.57,1020.2327786828461,True,False,False,0.6570881969459231,0.4056394696235657,1.0,0.34720826057657705,0.34720826057657705,0.652791739423423,3,0,0.4056394696235657,3.5,False,0.0,,,62,1.0,0.0,57.48,1019.2499540485743,running,-618.6624145507812,23.88775634765625,0.11804034560918808
359,2,hard_narrow_gap_forward,-0.9999304258752065,-0.4999975179231053,2.2476256332861913e-06,random_local_offset,1.0,0.0,0.0,-0.55,1.75,-1.57,1020.688232376251,True,False,False,0.6569363042769343,0.4310424327850342,1.0,0.34615668316035164,0.34615668316035164,0.6538433168396484,0,0,0.4310424327850342,3.5,False,0.0,,,64,1.0,0.0,58.28,1019.4174787782218,running,-554.347900390625,6.348152160644531,0.11780039221048355
360,2,hard_narrow_gap_forward,-0.7999312044601856,-0.4999969252995967,2.2810808599696856e-06,random_local_offset,1.2,0.0,0.0,0.55,-1.75,1.57,1023.5951171228814,True,False,False,0.8569808743658807,0.3069704473018646,1.2,0.34893221502553035,0.34893221502553035,0.8510677849744697,22,0,0.3069704473018646,3.5,False,0.0,,,83,1.0,0.0,58.36,1019.4335957132803,running,0.0,9.703435897827148,0.11887411773204803
361,2,hard_narrow_gap_forward,-0.799937953427958,-0.49999693896664765,2.2448936365759092e-06,random_local_offset,1.2,0.0,0.0,-0.55,1.75,-1.57,1023.5380295802878,True,False,False,0.8586217695797241,0.34291818737983704,1.2,0.34642496565683506,0.34642496565683506,0.853575034343165,15,0,0.34291818737983704,3.5,False,0.0,,,81,1.0,0.0,59.8,1019.6922157893807,running,-593.6517333984375,6.864924907684326,0.12054933607578278
362,2,hard_narrow_gap_forward,-1.1999312324470899,-0.49999789133154043,2.2051286564100805e-06,random_local_offset,0.8,0.0,0.0,-0.55,1.75,-1.57,1016.9952755758476,True,False,False,0.4614170194862678,0.4933251738548279,0.7999999999999999,0.3418321047939884,0.3418321047939884,0.45816789520601153,0,0,0.5437777638435364,3.5,False,0.0,,,45,1.0,0.0,59.04,1019.5659373243059,running,0.0,75.30677795410156,0.12123081088066101
363,2,hard_narrow_gap_forward,-0.9999328881560201,-0.49999748369462255,2.4151041600578166e-06,random_local_offset,1.0,0.0,0.0,-0.55,1.75,-1.57,1020.6812767682188,True,False,False,0.6610875110512795,0.4092191457748413,1.0,0.3429144069959875,0.3429144069959875,0.6570855930040125,1,0,0.4092191457748413,3.5,False,0.0,,,62,1.0,0.0,59.72,1019.7213250469599,running,0.0,16.54082489013672,0.1209394633769989
364,2,hard_narrow_gap_forward,-0.7999349010189487,-0.4999968272112408,2.4729264389799426e-06,random_local_offset,1.2,0.0,0.0,-0.55,1.75,-1.57,1022.8227327670409,True,False,False,0.8648559640831803,0.2942505478858948,1.2,0.34677506357666316,0.34677506357666316,0.8532249364233369,24,0,0.2942505478858948,3.5,False,0.0,,,79,1.0,0.0,61.0,1019.9630423113824,running,-618.2199096679688,12.860461235046387,0.12010618299245834
365,2,hard_narrow_gap_forward,-0.9999303957670226,-0.49999735351909,2.2972377741673295e-06,random_local_offset,1.0,0.0,0.0,0.55,1.75,-1.57,1020.5251801518252,True,False,False,0.6584560157533331,0.420896053314209,1.0,0.3455455454052804,0.3455455454052804,0.6544544545947196,0,0,0.420896053314209,3.5,False,0.0,,,62,1.0,0.0,60.2,1019.820296007575,running,-583.5259399414062,43.764007568359375,0.11951605975627899
366,2,hard_narrow_gap_forward,-0.9999312169464599,-0.49999739807740057,2.256974935022482e-06,random_local_offset,1.0,0.0,0.0,-0.55,-1.75,1.57,1020.7954707769222,True,False,False,0.6612262031786961,0.4037846326828003,1.0,0.34339226104063536,0.34339226104063536,0.6566077389593646,3,0,0.4037846326828003,3.5,False,0.0,,,62,1.0,0.0,60.96,1019.9807638667113,running,-608.2991943359375,8.302419662475586,0.12019888311624527
367,2,hard_narrow_gap_forward,-0.7999312039735649,-0.49999703798630774,2.186602970333653e-06,random_local_offset,1.2,0.0,0.0,-0.55,1.75,-1.57,1023.8016506908966,True,False,False,0.8613416066339656,0.3189469575881958,1.2,0.3436565777318424,0.3436565777318424,0.8563434222681576,21,0,0.32879212498664856,3.5,False,0.0,,,83,1.0,0.0,61.76,1020.1073109166563,running,0.0,8.735273361206055,0.12018954753875732
368,2,hard_narrow_gap_forward,-0.9999312170474268,-0.49999750584590497,2.1540248564185986e-06,random_local_offset,1.0,0.0,0.0,0.55,1.75,-1.57,1020.2675795062648,True,False,False,0.6609246709798715,0.4119340479373932,1.0,0.3433872024043389,0.3433872024043389,0.656612797595661,2,0,0.4119340479373932,3.5,False,0.0,,,62,1.0,0.0,62.4,1020.2216366458811,running,0.0,12.68339729309082,0.12024417519569397
369,2,hard_narrow_gap_forward,-0.9999312153671608,-0.49999740700657114,2.2528457520584828e-06,random_local_offset,1.0,0.0,0.0,0.55,-1.75,1.57,1020.9355191295053,True,False,False,0.6649304965361201,0.4064910411834717,1.0,0.33931332747935633,0.33931332747935633,0.6606866725206437,3,0,0.4064910411834717,3.5,False,0.0,,,64,1.0,0.0,62.48,1020.263214803434,running,0.0,15.203429222106934,0.11994044482707977
370,2,hard_narrow_gap_forward,-0.7999312058272701,-0.4999969287049207,2.2785220887266513e-06,random_local_offset,1.2,0.0,0.0,-0.55,1.75,-1.57,1022.8335367580129,True,False,False,0.9943973853562684,0.2788006365299225,1.2,0.34650260089295964,0.34650260089295964,0.8534973991070403,33,0,0.3863523602485657,3.5,False,0.0,,,93,1.0,0.0,63.76,1020.3714317093796,running,-554.536376953125,8.229096412658691,0.1225031316280365
371,2,hard_narrow_gap_forward,-0.7999311935766023,-0.4999969343655165,2.2686313703528683e-06,random_local_offset,1.2,0.0,0.0,0.55,1.75,-1.57,1022.6322879080429,True,False,False,0.8711230704214924,0.37159353494644165,1.2,0.34888415461371236,0.34888415461371236,0.8511158453862876,10,0,0.37159353494644165,3.5,False,0.0,,,84,1.0,0.0,65.36,1020.6181998712877,running,-585.055908203125,13.427982330322266,0.12228057533502579
372,2,hard_narrow_gap_forward,-0.7999312114365895,-0.4999969263770077,2.273681421383621e-06,random_local_offset,1.2,0.0,0.0,-0.55,-1.75,1.57,1023.1837639306873,True,False,False,0.8766293290656018,0.2825407385826111,1.2,0.34194618174772073,0.34194618174772073,0.8580538182522792,27,0,0.2897757887840271,3.5,False,0.0,,,82,1.0,0.0,65.4,1020.633659039724,running,-576.6906127929688,17.29831886291504,0.12071888148784637
373,2,hard_narrow_gap_forward,-0.9999366388304168,-0.49999740054187486,2.4666215856083387e-06,random_local_offset,1.0,0.0,0.0,0.55,1.75,-1.57,1019.9155836818162,True,False,False,0.6620741116133915,0.4060366451740265,1.0,0.3445081384994663,0.3445081384994663,0.6554918615005336,6,0,0.4060366451740265,3.5,False,0.0,,,61,1.0,0.0,65.36,1020.6182154551155,running,0.0,11.966204643249512,0.11949389427900314
374,2,hard_narrow_gap_forward,-0.9999298796218381,-0.4999973608042664,2.499826446678097e-06,random_local_offset,1.0,0.0,0.0,0.55,-1.75,1.57,1019.8947868616087,True,False,False,0.6574247565357285,0.39651063084602356,1.0,0.34991196227757887,0.34991196227757887,0.6500880377224212,3,0,0.39651063084602356,3.5,False,0.0,,,60,1.0,0.0,65.24,1020.5849833330691,running,0.0,9.43423843383789,0.11849511414766312
375,2,hard_narrow_gap_forward,-0.7999312217817145,-0.4999970928911101,2.143698873800247e-06,random_local_offset,1.2,0.0,0.0,0.55,-1.75,1.57,1023.6039635732219,True,False,False,0.8720931584699742,0.29335641860961914,1.2,0.3393234318891826,0.3393234318891826,0.8606765681108173,24,0,0.29824864864349365,3.5,False,0.0,,,82,1.0,0.0,66.76,1020.8483181107823,running,0.0,9.66689682006836,0.11850898712873459
376,2,hard_narrow_gap_forward,-0.9999312251748123,-0.4999975193482389,2.145539792985604e-06,random_local_offset,1.0,0.0,0.0,0.55,-1.75,1.57,1020.6041586267254,True,False,False,0.6587436019723244,0.40495842695236206,1.0,0.34523055645768536,0.34523055645768536,0.6547694435423146,1,0,0.40495842695236206,3.5,False,0.0,,,63,1.0,0.0,66.04,1020.7441845225684,running,-586.4548950195312,11.579004287719727,0.11716844886541367
377,2,hard_narrow_gap_forward,-0.9999312140058376,-0.4999975137086443,2.1498808082868234e-06,random_local_offset,1.0,0.0,0.0,0.55,1.75,-1.57,1020.5291920687646,True,False,False,0.6609760714374702,0.3951495885848999,1.0,0.34356136703284734,0.34356136703284734,0.6564386329671527,3,0,0.3951495885848999,3.5,False,0.0,,,63,1.0,0.0,66.12,1020.7633093194785,running,0.0,14.616527557373047,0.11716517806053162
378,2,hard_narrow_gap_forward,-1.1999312113972564,-0.49999792967665624,2.1622760932802286e-06,random_local_offset,0.8,0.0,0.0,-0.55,1.75,-1.57,1017.2368938163391,True,False,False,0.46155472442865153,0.48654502630233765,0.7999999999999999,0.3407816422452628,0.3407816422452628,0.4592183577547371,0,0,0.5411443710327148,3.5,False,0.0,,,45,1.0,0.0,66.12,1020.7722431112724,running,-599.9898071289062,20.665422439575195,0.11733388900756836
379,2,hard_narrow_gap_forward,-0.7999303503310466,-0.49999683762055486,2.3725249224238656e-06,random_local_offset,1.2,0.0,0.0,-0.55,-1.75,1.57,1023.403897759978,True,False,False,0.8687343280980232,0.2883184850215912,1.2,0.3424735036452046,0.3424735036452046,0.8575264963547953,23,0,0.2883184850215912,3.5,False,0.0,,,84,1.0,0.0,67.68,1021.0221803301989,running,-632.5508422851562,4.570670127868652,0.11706586182117462
380,2,hard_narrow_gap_forward,-0.7999312053593846,-0.4999969890961806,2.2265441484749926e-06,random_local_offset,1.2,0.0,0.0,-0.55,1.75,-1.57,1023.5841084346262,True,False,False,0.861510982391046,0.3115079998970032,1.2,0.34576431319475226,0.34576431319475226,0.8542356868052476,22,0,0.3115079998970032,3.5,False,0.0,,,82,1.0,0.0,69.2,1021.3062642214691,running,-581.3110961914062,9.586511611938477,0.11692307144403458
381,2,hard_narrow_gap_forward,-1.1999312044842858,-0.499997916221816,2.174717426898076e-06,random_local_offset,0.8,0.0,0.0,-0.55,1.75,-1.57,1016.6691065658695,True,False,False,0.46149780513964617,0.48040342330932617,0.7999999999999999,0.3425041044921536,0.3425041044921536,0.4574958955078463,0,0,0.5400642156600952,3.5,False,0.0,,,43,1.0,0.0,69.2,1021.321387704954,running,0.0,20.964927673339844,0.11695203930139542
382,2,hard_narrow_gap_forward,-0.799935924006177,-0.499996994769103,2.194560123003244e-06,random_local_offset,1.2,0.0,0.0,-0.55,-1.75,1.57,1022.904593949219,True,False,False,0.8671811005151963,0.27445995807647705,1.2,0.34687787145246307,0.34687787145246307,0.8531221285475369,26,0,0.27445995807647705,3.5,False,0.0,,,83,1.0,0.0,69.36,1021.2749886825478,running,-601.8223876953125,20.999719619750977,0.11845895648002625
383,2,hard_narrow_gap_forward,-0.9999311857722845,-0.4999974201257004,2.241654219720656e-06,random_local_offset,1.0,0.0,0.0,0.55,-1.75,1.57,1019.6763360051251,True,False,False,0.6653399556123738,0.35986024141311646,1.0,0.3456903695494048,0.3456903695494048,0.6543096304505952,7,0,0.35986024141311646,3.5,False,0.0,,,64,1.0,0.0,69.44,1021.252730975439,running,-628.39501953125,57.391178131103516,0.11883606016635895
384,2,hard_narrow_gap_forward,-0.9999311901443275,-0.49999743015644627,2.2275935790956505e-06,random_local_offset,1.0,0.0,0.0,-0.55,-1.75,1.57,1020.5398721863862,True,False,False,0.6609737749439613,0.42426010966300964,1.0,0.34229921737162206,0.34229921737162206,0.657700782628378,0,0,0.42426010966300964,3.5,False,0.0,,,62,1.0,0.0,69.36,1021.2467965678444,running,-580.383544921875,18.43396759033203,0.12037239223718643
385,2,hard_narrow_gap_forward,-0.9999333575726975,-0.4999974496045055,2.3476215040186426e-06,random_local_offset,1.0,0.0,0.0,0.55,-1.75,1.57,1020.6851259302496,True,False,False,0.6633516421431639,0.40425270795822144,1.0,0.3423430843430109,0.3423430843430109,0.6576569156569891,4,0,0.40425270795822144,3.5,False,0.0,,,62,1.0,0.0,68.52,1021.1303969201392,running,-562.7197265625,18.223838806152344,0.12057267129421234
386,2,hard_narrow_gap_forward,-1.1999312016834893,-0.499997880999476,2.2127412793140387e-06,random_local_offset,0.8,0.0,0.0,0.55,1.75,-1.57,1017.3583122226219,True,False,False,0.46281116903664604,0.4880862236022949,0.7999999999999999,0.340230984139012,0.340230984139012,0.45976901586098795,0,0,0.5519096255302429,3.5,False,0.0,,,45,1.0,0.0,67.08,1020.8832082258326,running,0.0,13.29882526397705,0.12077159434556961
387,2,hard_narrow_gap_forward,-0.9999312129962368,-0.4999974223674531,2.243096176855874e-06,random_local_offset,1.0,0.0,0.0,0.55,1.75,-1.57,1020.4948501928573,True,False,False,0.6568894959328625,0.4207477867603302,1.0,0.3466215107066741,0.3466215107066741,0.6533784892933259,0,0,0.4207477867603302,3.5,False,0.0,,,64,1.0,0.0,67.84,1021.023191210513,running,0.0,14.079389572143555,0.12100207805633545
388,2,hard_narrow_gap_forward,-0.7999312371799427,-0.49999703794988515,2.182430753262151e-06,random_local_offset,1.2,0.0,0.0,-0.55,1.75,-1.57,1023.8470445604158,True,False,False,0.8658116026350313,0.29959744215011597,1.1999999999999997,0.34146835833122874,0.34146835833122874,0.8585316416687709,24,0,0.29959744215011597,3.5,False,0.0,,,83,1.0,0.0,68.68,1021.1498219222009,running,-575.6513061523438,17.924224853515625,0.120551198720932
389,2,hard_narrow_gap_forward,-0.799930122231387,-0.499996984982772,2.340855658415398e-06,random_local_offset,1.2,0.0,0.0,0.55,1.75,-1.57,1023.2131026645432,True,False,False,0.8663194567573868,0.29853832721710205,1.2,0.3449129781275789,0.3449129781275789,0.8550870218724211,24,0,0.30788663029670715,3.5,False,0.0,,,83,1.0,0.0,68.84,1021.165436718101,running,0.0,33.060707092285156,0.12006252259016037
390,2,hard_narrow_gap_forward,-0.7999312233480973,-0.49999706576577274,2.168902121568292e-06,random_local_offset,1.2,0.0,0.0,-0.55,-1.75,1.57,1023.8550863895063,True,False,False,0.8630434151220143,0.3125845193862915,1.1999999999999997,0.34394394632842984,0.34394394632842984,0.8560560536715699,23,0,0.32857081294059753,3.5,False,0.0,,,83,1.0,0.0,69.68,1021.2986329676082,running,-538.9713134765625,19.36880111694336,0.12103646993637085
391,2,hard_narrow_gap_forward,-0.9999312249599296,-0.49999751042164853,2.1528624889360003e-06,random_local_offset,1.0,0.0,0.0,-0.55,-1.75,1.57,1020.3006311627004,True,False,False,0.6606477337365803,0.40202924609184265,1.0,0.34507730924678953,0.34507730924678953,0.6549226907532104,3,0,0.40202924609184265,3.5,False,0.0,,,61,1.0,0.0,69.64,1021.2788393830393,running,0.0,15.733236312866211,0.12196512520313263
392,2,hard_narrow_gap_forward,-1.1999371051850263,-0.4999979619301493,2.243108064393989e-06,random_local_offset,0.8,0.0,0.0,0.55,-1.75,1.57,1017.3241716490263,True,False,False,0.46259769349515545,0.48249316215515137,0.8,0.340552976238711,0.340552976238711,0.45944702376128904,0,0,0.5689826011657715,3.5,False,0.0,,,47,1.0,0.0,68.2,1021.0197402213645,running,-584.08544921875,11.187192916870117,0.1213500127196312
393,2,hard_narrow_gap_forward,-0.9999312425186041,-0.49999743337734215,2.22857388373431e-06,random_local_offset,1.0,0.0,0.0,-0.55,1.75,-1.57,1020.2266689906522,True,False,False,0.6568437935486543,0.4093605875968933,1.0,0.3478199735357537,0.3478199735357537,0.6521800264642463,2,0,0.4093605875968933,3.5,False,0.0,,,64,1.0,0.0,68.28,1021.01810380074,running,-615.4845581054688,11.035385131835938,0.12085757404565811
394,2,hard_narrow_gap_forward,-0.7999377796455709,-0.49999684226649843,2.2796579284009407e-06,random_local_offset,1.2,0.0,0.0,-0.55,-1.75,1.57,1023.7365966840109,True,False,False,0.8597752323636693,0.3258928954601288,1.2000000000000002,0.3468467349933714,0.3468467349933714,0.8531532650066288,22,0,0.33238765597343445,3.5,False,0.0,,,85,1.0,0.0,69.12,1021.1301469029203,running,0.0,18.04586410522461,0.12133146822452545
395,2,hard_narrow_gap_forward,-0.7999313150805087,-0.4999970530281535,2.1368439673003917e-06,random_local_offset,1.2,0.0,0.0,-0.55,-1.75,1.57,1024.0151322916563,True,False,False,0.8683553480644807,0.35505324602127075,1.2,0.3374671662612796,0.3374671662612796,0.8625328337387204,20,0,0.3553299009799957,3.5,False,0.0,,,82,1.0,0.0,68.68,1021.1774107242661,running,0.0,13.08936882019043,0.11915244907140732
396,2,hard_narrow_gap_forward,-0.9999300996614844,-0.49999746690761315,2.4044800648275123e-06,random_local_offset,1.0,0.0,0.0,0.55,-1.75,1.57,1020.2705820630445,True,False,False,0.6582574274045412,0.39801064133644104,1.0,0.3456861522466487,0.3456861522466487,0.6543138477533512,3,0,0.39801064133644104,3.5,False,0.0,,,62,1.0,0.0,67.8,1021.0829424904663,running,0.0,14.538997650146484,0.11755307763814926
397,2,hard_narrow_gap_forward,-1.1999312306251788,-0.49999790924555204,2.1988190585093725e-06,random_local_offset,0.8,0.0,0.0,-0.55,-1.75,1.57,1016.5139147998281,True,False,False,0.4539874648879347,0.4726446270942688,0.8000000000000002,0.3483376853254644,0.3483376853254644,0.45166231467453577,0,0,0.5346658229827881,3.5,False,0.0,,,45,1.0,0.0,66.32,1020.8161485252317,running,-548.3474731445312,55.81538009643555,0.11655298620462418
398,2,hard_narrow_gap_forward,-1.1999312196261365,-0.4999978574768637,2.2474805959214123e-06,random_local_offset,0.8,0.0,0.0,-0.55,-1.75,1.57,1016.2192863825053,True,False,False,0.4586618963169976,0.4884175658226013,0.8000000000000002,0.34638249583737146,0.34638249583737146,0.4536175041626287,0,0,0.5484107732772827,3.5,False,0.0,,,45,1.0,0.0,65.68,1020.6682966332593,running,0.0,18.557537078857422,0.11579784750938416
399,2,hard_narrow_gap_forward,-0.7999312600069279,-0.49999707164331814,2.163252465786087e-06,random_local_offset,1.2,0.0,0.0,-0.55,-1.75,1.57,1023.6555670712764,True,False,False,0.870683356592364,0.29510122537612915,1.2,0.3397007538874748,0.3397007538874748,0.8602992461125252,27,0,0.29510122537612915,3.5,False,0.0,,,84,1.0,0.0,66.64,1020.818727841646,running,0.0,5.877461910247803,0.11454739421606064
400,2,hard_narrow_gap_forward,-0.7999312037640585,-0.49999697575008106,2.2360109333089295e-06,random_local_offset,1.2,0.0,0.0,-0.55,1.75,-1.57,1023.9598922981214,True,False,False,0.8691920896905,0.30193692445755005,1.2,0.34038586521791764,0.34038586521791764,0.8596141347820823,22,0,0.30193692445755005,3.5,False,0.0,,,84,1.0,0.0,66.72,1020.8329649906419,running,0.0,16.528419494628906,0.11452360451221466
401,2,hard_narrow_gap_forward,-1.199932320463271,-0.49999808249263994,2.3466932082070045e-06,random_local_offset,0.8,0.0,0.0,0.55,-1.75,1.57,1016.6251497879299,True,False,False,0.45505657743250205,0.48599985241889954,0.7999999999999999,0.3489284781685658,0.3489284781685658,0.4510715218314341,0,0,0.5206955671310425,3.5,False,0.0,,,45,1.0,0.0,66.0,1020.6738046370903,running,-577.2127075195312,6.487337589263916,0.11481988430023193
402,2,hard_narrow_gap_forward,-0.7999312036301931,-0.49999694310118165,2.262073289895053e-06,random_local_offset,1.2,0.0,0.0,-0.55,-1.75,1.57,1023.8756767683093,True,False,False,0.8569744752408683,0.313915491104126,1.2,0.3475692140451096,0.3475692140451096,0.8524307859548903,20,0,0.313915491104126,3.5,False,0.0,,,82,1.0,0.0,66.76,1020.8076640250719,running,-589.1845092773438,24.503339767456055,0.11470877379179001
403,2,hard_narrow_gap_forward,-0.9999312036052,-0.4999974037724629,2.264036763059586e-06,random_local_offset,1.0,0.0,0.0,-0.55,-1.75,1.57,1019.9158718553215,True,False,False,0.6635978283201496,0.3735640048980713,1.0,0.347000989418909,0.347000989418909,0.652999010581091,5,0,0.3735640048980713,3.5,False,0.0,,,63,1.0,0.0,67.48,1020.9148231466311,running,0.0,65.55859375,0.11501120775938034
404,2,hard_narrow_gap_forward,-0.999930299681084,-0.49999762217932825,2.2914155103432257e-06,random_local_offset,1.0,0.0,0.0,-0.55,1.75,-1.57,1019.8004533599662,True,False,False,0.6562827584668941,0.40095725655555725,1.0,0.34982851886780647,0.34982851886780647,0.6501714811321935,3,0,0.40095725655555725,3.5,False,0.0,,,62,1.0,0.0,66.6,1020.7706853706306,running,0.0,72.36328125,0.11536281555891037
405,2,hard_narrow_gap_forward,-1.199931198526864,-0.4999978794830514,2.2340171819403684e-06,random_local_offset,0.8,0.0,0.0,-0.55,1.75,-1.57,1016.4869282936974,True,False,False,0.4593320909406835,0.4897814393043518,0.7999999999999999,0.34506125754197103,0.34506125754197103,0.4549387424580289,0,0,0.5526398420333862,3.5,False,0.0,,,44,1.0,0.0,65.08,1020.4867981649935,running,0.0,22.030858993530273,0.11631669104099274
406,2,hard_narrow_gap_forward,-0.7999312231264537,-0.49999705518366455,2.16337087236624e-06,random_local_offset,1.2,0.0,0.0,-0.55,-1.75,1.57,1023.5277734434956,True,False,False,0.8676394040952098,0.2924177050590515,1.2,0.34319711606100967,0.34319711606100967,0.8568028839389903,23,0,0.2924177050590515,3.5,False,0.0,,,82,1.0,0.0,66.64,1020.7611448400987,running,0.0,14.4258394241333,0.11730216443538666
407,2,hard_narrow_gap_forward,-1.1999312381895162,-0.49999791128691806,2.1838152864498545e-06,random_local_offset,0.8,0.0,0.0,-0.55,1.75,-1.57,1016.5619011043409,True,False,False,0.4520008116054013,0.4869290888309479,0.8,0.34971663512438883,0.34971663512438883,0.4502833648756112,0,0,0.555385172367096,3.5,False,0.0,,,44,1.0,0.0,65.08,1020.5074371263036,running,0.0,9.345259666442871,0.11744804680347443
408,2,hard_narrow_gap_forward,-0.7999312088830717,-0.4999970127651973,2.210856082605042e-06,random_local_offset,1.2,0.0,0.0,0.55,1.75,-1.57,1023.4754420011291,True,False,False,0.8685421543172257,0.2882796823978424,1.2,0.3428039359665813,0.3428039359665813,0.8571960640334186,24,0,0.2882796823978424,3.5,False,0.0,,,83,1.0,0.0,65.84,1020.6594013661438,running,-592.583251953125,13.777009963989258,0.11741431057453156
409,2,hard_narrow_gap_forward,-0.7999305423585041,-0.4999969985148285,2.3962297569925523e-06,random_local_offset,1.2,0.0,0.0,-0.55,-1.75,1.57,1023.9560677290392,True,False,False,0.8699744603487503,0.2910870611667633,1.2000000000000002,0.33846232658694525,0.33846232658694525,0.8615376734130549,27,0,0.2910870611667633,3.5,False,0.0,,,84,1.0,0.0,66.72,1020.79604918785,running,-620.2036743164062,145.92864990234375,0.11799859255552292
410,2,hard_narrow_gap_forward,-1.1999311988871044,-0.4999978879128486,2.2247631591619588e-06,random_local_offset,0.8,0.0,0.0,-0.55,1.75,-1.57,1016.6948744437818,True,False,False,0.4599176029695253,0.4814836084842682,0.7999999999999999,0.3438346971189103,0.3438346971189103,0.45616530288108964,0,0,0.5454947352409363,3.5,False,0.0,,,44,1.0,0.0,66.0,1020.6364391283913,running,-603.9129028320312,132.28749084472656,0.11816255003213882
411,2,hard_narrow_gap_forward,-1.1999303356941928,-0.4999979246701241,2.3459076381184108e-06,random_local_offset,0.8,0.0,0.0,-0.55,1.75,-1.57,1016.4917087374344,True,False,False,0.4604029397742769,0.4919765889644623,0.8,0.3443225542994163,0.3443225542994163,0.45567744570058377,0,0,0.5453618168830872,3.5,False,0.0,,,44,1.0,0.0,65.96,1020.6017749889838,running,-602.3759155273438,66.23262023925781,0.1180758997797966
412,2,hard_narrow_gap_forward,-0.9999311859989964,-0.4999974180617065,2.2431631625850863e-06,random_local_offset,1.0,0.0,0.0,-0.55,1.75,-1.57,1020.584425128797,True,False,False,0.6609064277267276,0.3990291953086853,1.0,0.3442687835477755,0.3442687835477755,0.6557312164522244,4,0,0.3990291953086853,3.5,False,0.0,,,65,1.0,0.0,66.0,1020.6053579864213,running,0.0,9.941139221191406,0.11837753653526306
413,2,hard_narrow_gap_forward,-1.1999333561904066,-0.4999979375153147,2.3074994013175965e-06,random_local_offset,0.8,0.0,0.0,-0.55,-1.75,1.57,1016.3479926344141,True,False,False,0.4553987799006075,0.48664453625679016,0.8,0.3488258771357321,0.3488258771357321,0.45117412286426795,0,0,0.5582144260406494,3.5,False,0.0,,,44,1.0,0.0,64.44,1020.3053959093813,running,0.0,11.652079582214355,0.11864270269870758
414,2,hard_narrow_gap_forward,-0.7999312120839361,-0.49999699392992253,2.2271213768362475e-06,random_local_offset,1.2,0.0,0.0,0.55,-1.75,1.57,1023.4028993988313,True,False,False,0.8590660816156721,0.29260629415512085,1.2,0.3473827951700353,0.3473827951700353,0.8526172048299647,21,0,0.29260629415512085,3.5,False,0.0,,,81,1.0,0.0,64.36,1020.3129877787528,running,-595.2977905273438,52.69954299926758,0.11826858669519424
415,2,hard_narrow_gap_forward,-1.1999312344312059,-0.4999979108599371,2.2019142502803004e-06,random_local_offset,0.8,0.0,0.0,-0.55,-1.75,1.57,1016.8634862192406,True,False,False,0.46922887928974344,0.4848872125148773,0.8,0.33446224518628775,0.33446224518628775,0.4655377548137123,0,0,0.5297124981880188,3.5,False,0.0,,,44,1.0,0.0,62.8,1020.0333237719423,running,-619.25732421875,39.075927734375,0.11817091703414917
416,2,hard_narrow_gap_forward,-1.199931190030619,-0.4999978697291014,2.22973978633097e-06,random_local_offset,0.8,0.0,0.0,-0.55,-1.75,1.57,1016.3942674395872,True,False,False,0.46121798828530275,0.48678043484687805,0.7999999999999999,0.3461383323273006,0.3461383323273006,0.4538616676726993,0,0,0.5311814546585083,3.5,False,0.0,,,44,1.0,0.0,62.12,1019.8770692230178,running,-567.37744140625,23.761486053466797,0.11779297888278961
417,2,hard_narrow_gap_forward,-0.799930222073509,-0.4999969564777806,2.2763374485752785e-06,random_local_offset,1.2,0.0,0.0,-0.55,-1.75,1.57,1022.676594383469,True,False,False,0.8688801092419739,0.2677217423915863,1.2,0.34876678007514894,0.34876678007514894,0.851233219924851,30,0,0.2677217423915863,3.5,False,0.0,,,84,1.0,0.0,63.6,1020.0911661323953,running,-574.3497924804688,13.672403335571289,0.11621473729610443
418,2,hard_narrow_gap_forward,-1.1999312375186615,-0.49999791059843474,2.189681327447514e-06,random_local_offset,0.8,0.0,0.0,-0.55,1.75,-1.57,1017.2403778786988,True,False,False,0.4625492641938917,0.48600146174430847,0.8000000000000002,0.3410001264561733,0.3410001264561733,0.4589998735438269,0,0,0.5471680164337158,3.5,False,0.0,,,46,1.0,0.0,62.88,1019.9717144879171,running,-619.2423706054688,18.062406539916992,0.11525914072990417
419,2,hard_narrow_gap_forward,-0.9999312189136548,-0.49999749236210833,2.1589125300558183e-06,random_local_offset,1.0,0.0,0.0,-0.55,-1.75,1.57,1020.399501689317,True,False,False,0.6671410941371291,0.37506258487701416,1.0,0.3424331735884319,0.3424331735884319,0.6575668264115682,8,0,0.37506258487701416,3.5,False,0.0,,,64,1.0,0.0,62.04,1019.8382306881292,running,-617.6152954101562,17.880714416503906,0.11542817950248718
420,2,hard_narrow_gap_forward,-0.9999312278798079,-0.4999974568097564,2.20420573028439e-06,random_local_offset,1.0,0.0,0.0,0.55,-1.75,1.57,1020.1684455699011,True,False,False,0.6613582756041392,0.3848464787006378,1.0,0.3458417613355793,0.3458417613355793,0.6541582386644207,6,0,0.3848464787006378,3.5,False,0.0,,,64,1.0,0.0,61.32,1019.684363219259,running,-573.596435546875,13.264045715332031,0.1167527586221695
421,2,hard_narrow_gap_forward,-1.1999312321883515,-0.49999790235076114,2.1987285922093245e-06,random_local_offset,0.8,0.0,0.0,0.55,-1.75,1.57,1016.3270392697517,True,False,False,0.4541233931533982,0.49224215745925903,0.8,0.34902306204998285,0.34902306204998285,0.4509769379500172,0,0,0.5517645478248596,3.5,False,0.0,,,45,1.0,0.0,60.64,1019.5266215075274,running,0.0,24.30813980102539,0.1177508607506752
422,2,hard_narrow_gap_forward,-0.9999312256358225,-0.49999745176549476,2.1991659162989743e-06,random_local_offset,1.0,0.0,0.0,-0.55,-1.75,1.57,1021.0417357045202,True,False,False,0.6691243059274452,0.3918008506298065,1.0,0.3371589084255462,0.3371589084255462,0.6628410915744538,7,0,0.3918008506298065,3.5,False,0.0,,,65,1.0,0.0,61.44,1019.7077343437148,running,-613.919189453125,13.868038177490234,0.11859603971242905
423,2,hard_narrow_gap_forward,-1.1999311955038765,-0.4999978744573403,2.2408355678682314e-06,random_local_offset,0.8,0.0,0.0,-0.55,-1.75,1.57,1016.4564859850666,True,False,False,0.45279113005620636,0.4918838143348694,0.7999999999999999,0.3494752548570654,0.3494752548570654,0.45052474514293456,0,0,0.5427409410476685,3.5,False,0.0,,,43,1.0,0.0,61.36,1019.7172223278171,running,0.0,37.529937744140625,0.11866341531276703
424,2,hard_narrow_gap_forward,-1.1999312381084122,-0.4999979051252694,2.1869636867055862e-06,random_local_offset,0.8,0.0,0.0,-0.55,-1.75,1.57,1016.502625764045,True,False,False,0.45393057196631076,0.48542460799217224,0.8,0.3488560225786893,0.3488560225786893,0.45114397742131074,0,0,0.5523390769958496,3.5,False,0.0,,,43,1.0,0.0,59.72,1019.431104675528,running,-574.8060913085938,11.054092407226562,0.11861841380596161
425,2,hard_narrow_gap_forward,-1.1999312047105972,-0.49999790774400255,2.1958366689837693e-06,random_local_offset,0.8,0.0,0.0,-0.55,1.75,-1.57,1017.0117709899602,True,False,False,0.4612049959870798,0.4819590747356415,0.8,0.3424679802502851,0.3424679802502851,0.45753201974971497,0,0,0.5304306149482727,3.5,False,0.0,,,45,1.0,0.0,58.16,1019.1531798232016,running,0.0,16.783885955810547,0.118917316198349
426,2,hard_narrow_gap_forward,-1.1999312364710712,-0.4999979077066259,2.192029706475622e-06,random_local_offset,0.8,0.0,0.0,0.55,-1.75,1.57,1017.0066481374702,True,False,False,0.4617302208210488,0.48744603991508484,0.8,0.3417794130571338,0.3417794130571338,0.45822058694286627,0,0,0.5239657759666443,3.5,False,0.0,,,44,1.0,0.0,58.12,1019.1684397571833,running,0.0,4.313256740570068,0.11887485533952713
427,2,hard_narrow_gap_forward,-0.999931186916603,-0.499997420072277,2.2432049198242547e-06,random_local_offset,1.0,0.0,0.0,0.55,1.75,-1.57,1020.5552239350496,True,False,False,0.6616351985659072,0.38892391324043274,1.0,0.34409907939405776,0.34409907939405776,0.6559009206059423,5,0,0.38892391324043274,3.5,False,0.0,,,62,1.0,0.0,57.32,1019.0356216438531,running,0.0,13.56818962097168,0.11985134333372116
428,2,hard_narrow_gap_forward,-0.7999312333918613,-0.4999970302018252,2.19487181099031e-06,random_local_offset,1.2,0.0,0.0,0.55,-1.75,1.57,1023.8289951231802,True,False,False,0.8622008768947006,0.3240167796611786,1.2,0.3426023041606653,0.3426023041606653,0.8573976958393347,22,0,0.3240167796611786,3.5,False,0.0,,,80,1.0,0.0,58.0,1019.1921465745675,running,0.0,111.3058853149414,0.12011592090129852
429,2,hard_narrow_gap_forward,-0.9999303011014148,-0.4999974174353179,2.371269428815698e-06,random_local_offset,1.0,0.0,0.0,-0.55,-1.75,1.57,1020.2536615772988,True,False,False,0.6537825792214331,0.4159712791442871,1.0,0.3493097148897208,0.3493097148897208,0.6506902851102792,1,0,0.4159712791442871,3.5,False,0.0,,,63,1.0,0.0,58.04,1019.2102749032608,failed,-585.0852661132812,12.07673454284668,0.12065258622169495
