episode,stage_index,stage_name,goal_x,goal_y,goal_yaw,goal_mode,local_goal_dx,local_goal_dy,local_goal_dyaw,start_x,start_y,start_yaw,episode_reward,success,collision,timeout,path_length,min_obstacle_distance,initial_DG,final_DG,min_DG,goal_progress,close_obstacle_steps,narrow_gap_steps,left_min_obstacle_distance,right_min_obstacle_distance,obstacle_exposure_met,rolling_obstacle_exposure_rate,eval_success_rate,eval_collision_rate,steps,rolling_success_rate,rolling_collision_rate,rolling_avg_steps,rolling_avg_reward,stage_status,actor_loss,critic_loss,alpha
0,2,hard_narrow_gap_forward,-0.799930297658825,-0.4199969232755307,2.2403034317799173e-06,random_local_offset,1.2,0.08,0.0,1.05,1.25,-1.57,1040.3260116447502,True,False,False,1.0396380840013228,0.2600723206996918,1.2026637102698325,0.1675835719991099,0.1675835719991099,1.0350801382707226,93,77,0.27250105142593384,0.4843865633010864,True,1.0,,,116,1.0,0.0,116.0,1040.3260116447502,running,-701.076416015625,857.2658081054688,0.11784694343805313
1,2,hard_narrow_gap_forward,-0.7999368802946331,-0.41999706901555756,2.1504050474964545e-06,random_local_offset,1.2,0.08,0.0,-1.05,-1.25,1.57,1038.4285333656437,True,False,False,1.0447020551937922,0.2789205312728882,1.2026637102698325,0.1745984074075145,0.1745984074075145,1.0280653028623181,74,68,0.2789205312728882,0.4598639905452728,True,1.0,,,98,1.0,0.0,107.0,1039.377272505197,running,-630.1763916015625,127.64907836914062,0.11049160361289978
2,2,hard_narrow_gap_forward,-0.9999312019696924,-0.4999973744895096,2.280798641727609e-06,random_local_offset,1.0,0.0,0.0,1.05,-1.25,1.57,940.1931373394235,True,False,False,1.0503137869501056,0.20234408974647522,1.0,0.17546517598883188,0.17546517598883188,0.8245348240111681,78,60,0.5456135272979736,0.21449631452560425,True,1.0,,,97,1.0,0.0,103.66666666666667,1006.3158941166058,running,0.0,243.33294677734375,0.10946975648403168
3,2,hard_narrow_gap_forward,-0.7999314875257958,-0.41999699123463397,2.186692010024383e-06,random_local_offset,1.2,0.08,0.0,-0.15,1.25,-1.57,1035.310317985295,True,False,False,1.1451523973169662,0.2955907881259918,1.2026637102698325,0.17549865167286693,0.17549865167286693,1.0271650585969656,84,54,0.40882518887519836,0.2955907881259918,True,1.0,,,104,1.0,0.0,103.75,1013.5645000837781,running,0.0,118.9659423828125,0.10746676474809647
4,2,hard_narrow_gap_forward,-0.9999314927551034,-0.4199974992839169,2.1118337106653007e-06,random_local_offset,1.0,0.08,0.0,-0.55,1.75,-1.57,938.6333603931836,True,False,False,1.5845660428759267,0.1482316553592682,1.0031948963187562,0.17698738905423547,0.17698738905423547,0.8262075072645207,111,45,0.1482316553592682,0.1606936752796173,True,1.0,,,158,1.0,0.0,114.6,998.5782721456592,running,0.0,176.90623474121094,0.11092759668827057
5,2,hard_narrow_gap_forward,-0.9999311396756028,-0.4199964795805453,2.3451747250575683e-06,random_local_offset,1.0,0.08,0.0,0.55,-1.75,1.57,821.8898530967487,True,False,False,1.259307964697934,0.12138951569795609,1.0031948963187562,0.17820756852092015,0.17820756852092015,0.8249873277978361,111,30,0.12147393822669983,0.12138951569795609,True,1.0,,,128,1.0,0.0,116.83333333333333,969.1302023041741,running,0.0,654.1724243164062,0.11047597974538803
6,2,hard_narrow_gap_forward,-0.7999307861231824,-0.5799970378879928,2.33894322225333e-06,random_local_offset,1.2,-0.08,0.0,0.55,1.75,-1.57,642.4987093280898,True,False,False,1.4832013109323423,0.12101785838603973,1.2026637102698325,0.17612351143983462,0.17612351143983462,1.026540198829998,138,48,0.1223997175693512,0.12128227204084396,True,1.0,,,159,1.0,0.0,122.85714285714286,922.4685604504477,running,-439.2181396484375,507.69805908203125,0.11644122004508972
7,2,hard_narrow_gap_forward,-0.999931215476563,-0.49999749664543053,2.3491220429224517e-06,random_local_offset,1.0,0.0,0.0,-0.15,-1.25,1.57,1001.3515313340143,True,False,False,0.9189095626722791,0.19029295444488525,1.0,0.17894362065345018,0.17894362065345018,0.8210563793465498,66,56,0.19029295444488525,0.5497889518737793,True,1.0,,,87,1.0,0.0,118.375,932.3289318108936,running,0.0,299.08306884765625,0.1129225417971611
8,2,hard_narrow_gap_forward,-0.7999312983556506,-0.49999700944674647,2.1654784914567526e-06,random_local_offset,1.2,0.0,0.0,-0.55,-1.75,1.57,1046.2845883857913,True,False,False,1.096903304930619,0.3200003206729889,1.2,0.17632697259987468,0.17632697259987468,1.0236730274001253,87,66,0.43766462802886963,0.3252979516983032,True,1.0,,,103,1.0,0.0,116.66666666666667,944.9906714303265,running,-419.4162902832031,413.32342529296875,0.11157718300819397
9,2,hard_narrow_gap_forward,-0.9999312365597156,-0.49999747194399236,2.1841781673884488e-06,random_local_offset,1.0,0.0,0.0,-1.05,-1.25,1.57,1041.6720664288744,True,False,False,0.8590578111104641,0.37966763973236084,1.0,0.1742566423917751,0.1742566423917751,0.8257433576082249,66,53,0.4188137352466583,0.37966763973236084,True,1.0,,,84,1.0,0.0,113.4,954.6588109301814,running,-374.4825134277344,165.09014892578125,0.11068998277187347
10,2,hard_narrow_gap_forward,-0.7999299840734804,-0.4999968708349522,2.4690254471668414e-06,random_local_offset,1.2,0.0,0.0,-1.05,1.25,-1.57,1037.098892764557,True,False,False,1.052863636145106,0.28708356618881226,1.2000000000000002,0.17360216382061044,0.17360216382061044,1.0263978361793897,77,67,0.28708356618881226,0.4387897253036499,True,1.0,,,100,1.0,0.0,112.18181818181819,962.1533638242156,running,-386.1095275878906,205.71963500976562,0.10911118984222412
11,2,hard_narrow_gap_forward,-0.9999325356779362,-0.5799974263237767,2.157674874433696e-06,random_local_offset,1.0,-0.08,0.0,-0.55,1.75,-1.57,1033.8005978173894,True,False,False,0.8633983574061436,0.30381131172180176,1.0031948963187562,0.17370799133734358,0.17370799133734358,0.8294869049814126,62,55,0.48299118876457214,0.30381131172180176,True,1.0,,,83,1.0,0.0,109.75,968.1239666569801,running,0.0,231.91290283203125,0.10907846689224243
12,2,hard_narrow_gap_forward,-0.599931225798443,-0.4999965691705711,2.210002284944703e-06,random_local_offset,1.4,0.0,0.0,-0.15,1.25,-1.57,1044.3888445951327,True,False,False,1.2546244322956006,0.296697199344635,1.4,0.17907630921803602,0.17907630921803602,1.2209236907819638,96,69,0.3104216456413269,0.4435879588127136,True,1.0,,,122,1.0,0.0,110.6923076923077,973.9904957291457,running,0.0,158.6264190673828,0.10885527729988098
13,2,hard_narrow_gap_forward,-0.7999312074048741,-0.49999702845418487,2.1942620517371046e-06,random_local_offset,1.2,0.0,0.0,-0.15,1.25,-1.57,1053.3792771394862,True,False,False,1.1017701422610606,0.3213087320327759,1.2,0.177572767469748,0.177572767469748,1.022427232530252,83,67,0.432081401348114,0.32931146025657654,True,1.0,,,105,1.0,0.0,110.28571428571429,979.6611229727414,running,-401.3585510253906,180.43936157226562,0.10777243226766586
14,2,hard_narrow_gap_forward,-0.9999313337532058,-0.49999749877489785,2.1094886174400764e-06,random_local_offset,1.0,0.0,0.0,1.05,-1.25,1.57,1042.1606890276526,True,False,False,0.8483999237717091,0.369437038898468,1.0,0.17061608840018094,0.17061608840018094,0.8293839115998191,58,52,0.369437038898468,0.431745707988739,True,1.0,,,80,1.0,0.0,108.26666666666667,983.8277607097355,running,-421.879638671875,355.7226257324219,0.10864464193582535
15,2,hard_narrow_gap_forward,-0.999931390020241,-0.4199973876374341,2.2740247245264395e-06,random_local_offset,1.0,0.08,0.0,0.55,-1.75,1.57,1035.0881251411404,True,False,False,0.8337171939715734,0.27848020195961,1.0031948963187562,0.17950873767658657,0.17950873767658657,0.8236861586421697,60,48,0.27848020195961,0.5218790173530579,True,1.0,,,79,1.0,0.0,106.4375,987.0315334866983,running,0.0,304.93707275390625,0.10952617228031158
16,2,hard_narrow_gap_forward,-0.7999313917313887,-0.41999704784831515,2.1837648204670332e-06,random_local_offset,1.2,0.08,0.0,0.55,-1.75,1.57,1001.0006522880685,True,False,False,1.0445849394727778,0.2181883156299591,1.2026637102698325,0.1709949824440903,0.1709949824440903,1.0316687278257421,82,61,0.23545433580875397,0.5239059329032898,True,1.0,,,99,1.0,0.0,106.0,987.8532463573673,running,-408.5829772949219,139.48602294921875,0.1104651540517807
17,2,hard_narrow_gap_forward,-0.7999300425519726,-0.5799970297534449,2.2999915552201993e-06,random_local_offset,1.2,-0.08,0.0,-0.15,1.25,-1.57,1053.2812783281327,True,False,False,1.042338202073479,0.31096911430358887,1.2026637102698328,0.17566325905139887,0.17566325905139887,1.0270004512184339,81,61,0.32808685302734375,0.4343913793563843,True,1.0,,,100,1.0,0.0,105.66666666666667,991.4881370224098,running,-418.9154052734375,211.19561767578125,0.11084389686584473
18,2,hard_narrow_gap_forward,-0.7999310341635969,-0.5799970352556962,2.186103632652465e-06,random_local_offset,1.2,-0.08,0.0,-0.55,1.75,-1.57,1037.1610609088568,True,False,False,1.0641838028451194,0.27634942531585693,1.2026637102698328,0.1723761677153872,0.1723761677153872,1.0302875425544455,83,58,0.2793031334877014,0.457074910402298,True,1.0,,,101,1.0,0.0,105.42105263157895,993.8919751216965,running,0.0,74.03749084472656,0.11064191162586212
19,2,hard_narrow_gap_forward,-0.999931477151977,-0.41999751900723026,2.085759657431933e-06,random_local_offset,1.0,0.08,0.0,-0.15,1.25,-1.57,1035.5513005080516,True,False,False,0.8444303314224724,0.259520560503006,1.0031948963187562,0.17109478058989294,0.17109478058989294,0.8321001157288633,61,42,0.259520560503006,0.5399290919303894,True,1.0,,,80,1.0,0.0,104.15,995.9749413910142,running,0.0,171.69903564453125,0.11085943877696991
20,2,hard_narrow_gap_forward,-0.9999311353022435,-0.57999750867834,2.106436531573247e-06,random_local_offset,1.0,-0.08,0.0,1.05,-1.25,1.57,1045.7047778953993,True,False,False,0.8345635980531965,0.3903633654117584,1.0031948963187562,0.17909737744084184,0.17909737744084184,0.8240975188779144,56,50,0.3903633654117584,0.4169754981994629,True,1.0,,,78,1.0,0.0,102.9047619047619,998.343028843604,running,0.0,97.05276489257812,0.11135392636060715
21,2,hard_narrow_gap_forward,-0.799933144594934,-0.5799969645998843,2.360659886689486e-06,random_local_offset,1.2,-0.08,0.0,-0.15,-1.25,1.57,1050.6455385419606,True,False,False,1.1734561747899235,0.24229492247104645,1.2026637102698328,0.17885182171355188,0.17885182171355188,1.0238118885562808,92,50,0.3746595084667206,0.24229492247104645,True,1.0,,,112,1.0,0.0,103.31818181818181,1000.7204156480748,running,0.0,361.4967041015625,0.11371693760156631
22,2,hard_narrow_gap_forward,-0.9999310171319467,-0.5799974444100141,2.2181173290045025e-06,random_local_offset,1.0,-0.08,0.0,-1.05,-1.25,1.57,882.0520044696921,True,False,False,1.4266841041291165,0.12160373479127884,1.0031948963187562,0.17658111413895056,0.17658111413895056,0.8266137821798056,117,71,0.1226571723818779,0.12306243926286697,True,1.0,,,139,1.0,0.0,104.8695652173913,995.5609195098842,running,-418.9256286621094,373.6270751953125,0.12124604731798172
23,2,hard_narrow_gap_forward,-0.799931271287706,-0.49999716051709453,2.2394996941363777e-06,random_local_offset,1.2,0.0,0.0,-0.15,1.25,-1.57,1062.417553492674,True,False,False,1.0412435838445773,0.3566892743110657,1.2,0.1743044651968848,0.1743044651968848,1.0256955348031151,80,70,0.3653843402862549,0.3821759521961212,True,1.0,,,102,1.0,0.0,104.75,998.3466125925005,running,-406.4609680175781,362.97027587890625,0.12320346385240555
24,2,hard_narrow_gap_forward,-0.5999312101352867,-0.49999660061859896,2.190859713879467e-06,random_local_offset,1.4,0.0,0.0,-0.55,-1.75,1.57,958.7945149418135,True,False,False,1.2601097108433859,0.20239876210689545,1.4,0.17090551007605728,0.17090551007605728,1.2290944899239427,104,65,0.21506866812705994,0.537153422832489,True,1.0,,,121,1.0,0.0,105.4,996.7645286864729,running,0.0,481.90972900390625,0.12026651203632355
25,2,hard_narrow_gap_forward,-0.999931225408197,-0.49999749444143327,2.164282361502347e-06,random_local_offset,1.0,0.0,0.0,0.55,1.75,-1.57,1035.4869954740384,True,False,False,0.8374525348574162,0.3239521086215973,1.0,0.1770238223029318,0.1770238223029318,0.8229761776970682,59,51,0.3239521086215973,0.48709940910339355,True,1.0,,,80,1.0,0.0,103.96,996.5709680396444,running,0.0,1006.0255126953125,0.12060567736625671
26,2,hard_narrow_gap_forward,-0.9999310758944335,-0.5799974471893918,2.2184366897873373e-06,random_local_offset,1.0,-0.08,0.0,1.05,1.25,-1.57,1034.9816316186639,True,False,False,0.8634549792707842,0.32697418332099915,1.0031948963187562,0.17525012374288623,0.17525012374288623,0.82794477257587,64,52,0.32697418332099915,0.4529033303260803,True,1.0,,,85,1.0,0.0,103.44,996.4330919697651,running,-369.8783874511719,730.979248046875,0.12356650829315186
27,2,hard_narrow_gap_forward,-0.7999313935760223,-0.41999709769405635,2.1375047000389563e-06,random_local_offset,1.2,0.08,0.0,0.55,-1.75,1.57,988.5080179692866,True,False,False,1.0655922447931145,0.18163838982582092,1.2026637102698328,0.1738811005146981,0.1738811005146981,1.0287826097551347,85,59,0.18163838982582092,0.5007230639457703,True,1.0,,,106,1.0,0.0,103.8,998.3656871949596,running,-374.2411804199219,491.3387145996094,0.12661872804164886
28,2,hard_narrow_gap_forward,-0.9999331595187534,-0.5799974099978662,2.3871349735369262e-06,random_local_offset,1.0,-0.08,0.0,0.55,-1.75,1.57,1039.1168799052805,True,False,False,0.8383505428056548,0.35995742678642273,1.003194896318756,0.16949189514640492,0.16949189514640492,0.8337030011723511,61,54,0.44492417573928833,0.35995742678642273,True,1.0,,,85,1.0,0.0,103.04,998.517949671759,running,0.0,760.4108276367188,0.12849128246307373
29,2,hard_narrow_gap_forward,-0.9999310262471702,-0.5799973749788305,2.282373930725316e-06,random_local_offset,1.0,-0.08,0.0,-1.05,-1.25,1.57,1035.9929652864735,True,False,False,0.8376456399542968,0.332771360874176,1.003194896318756,0.17639776115305983,0.17639776115305983,0.8267971351656962,59,56,0.4712841808795929,0.332771360874176,True,1.0,,,84,1.0,0.0,100.08,1002.4123338674907,running,0.0,844.1031494140625,0.1281067579984665
30,2,hard_narrow_gap_forward,-0.9999314690599677,-0.4199974683677295,2.1458783141204514e-06,random_local_offset,1.0,0.08,0.0,1.05,-1.25,1.57,1031.8784464535388,True,False,False,0.8578884976658713,0.24609431624412537,1.0031948963187562,0.16790262564686956,0.16790262564686956,0.8352922706718867,63,54,0.24609431624412537,0.5273808836936951,True,1.0,,,84,1.0,0.0,98.32,1010.8118776017623,running,0.0,826.8654174804688,0.1257256120443344
31,2,hard_narrow_gap_forward,-0.7999312259793698,-0.4999970153476615,2.2035984984403256e-06,random_local_offset,1.2,0.0,0.0,-0.55,1.75,-1.57,1038.3125602313532,True,False,False,1.0576567062181894,0.2680591344833374,1.2,0.17236586527771253,0.17236586527771253,1.0276341347222875,86,70,0.2680591344833374,0.48191413283348083,True,1.0,,,106,1.0,0.0,96.2,1026.6444316378927,running,0.0,871.8012084960938,0.1294979453086853
32,2,hard_narrow_gap_forward,-0.999931308355213,-0.4999974207462975,2.195483015338476e-06,random_local_offset,1.0,0.0,0.0,0.55,-1.75,1.57,1034.7064144456053,True,False,False,0.8509302213702661,0.28120750188827515,1.0,0.17896033921480972,0.17896033921480972,0.8210396607851903,63,55,0.28120750188827515,0.507544219493866,True,1.0,,,85,1.0,0.0,96.12,1027.9786269623564,running,-441.2247009277344,362.75439453125,0.13244448602199554
33,2,hard_narrow_gap_forward,-0.7999331929147525,-0.5799970208956149,2.3085516707072725e-06,random_local_offset,1.2,-0.08,0.0,-0.55,1.75,-1.57,1036.4402443449105,True,False,False,1.1099984632483575,0.2616190016269684,1.2026637102698328,0.17434614877608284,0.17434614877608284,1.0283175614937499,88,76,0.26414990425109863,0.46813997626304626,True,1.0,,,111,1.0,0.0,96.44,1027.5848532007212,running,0.0,830.523681640625,0.1347101479768753
34,2,hard_narrow_gap_forward,-0.7999312063903135,-0.49999693154331826,2.2754424744592617e-06,random_local_offset,1.2,0.0,0.0,0.55,1.75,-1.57,1036.9897739978896,True,False,False,1.0604544303499364,0.25038912892341614,1.2,0.17977846436789113,0.17977846436789113,1.0202215356321087,85,67,0.25038912892341614,0.49118804931640625,True,1.0,,,104,1.0,0.0,97.24,1027.3975615034817,running,0.0,1208.2508544921875,0.13728201389312744
35,2,hard_narrow_gap_forward,-0.999931404609934,-0.4199974894633586,2.1684760604860204e-06,random_local_offset,1.0,0.08,0.0,-0.55,1.75,-1.57,1002.2485365821242,True,False,False,0.8831033981355884,0.1965981125831604,1.0031948963187562,0.174428705295544,0.174428705295544,0.8287661910232123,68,52,0.1965981125831604,0.5739009976387024,True,1.0,,,89,1.0,0.0,96.8,1026.0035472561844,running,-388.3902587890625,1590.671142578125,0.14051476120948792
36,2,hard_narrow_gap_forward,-0.5999312151957163,-0.4999965761148366,2.2041317463973948e-06,random_local_offset,1.4,0.0,0.0,-0.55,-1.75,1.57,1040.4045536667354,True,False,False,1.2808052505934282,0.256592720746994,1.4000000000000001,0.17188959369858905,0.17188959369858905,1.228110406301411,106,64,0.256592720746994,0.48553329706192017,True,1.0,,,125,1.0,0.0,98.48,1026.2677054901585,running,0.0,1891.71728515625,0.1415066421031952
37,2,hard_narrow_gap_forward,-0.9999331802864041,-0.5799975078609158,2.2835251004049616e-06,random_local_offset,1.0,-0.08,0.0,-1.05,-1.25,1.57,1041.352571141032,True,False,False,0.851867769282786,0.3546675741672516,1.0031948963187562,0.17905186677722276,0.17905186677722276,0.8241430295415335,62,54,0.3546675741672516,0.4222038984298706,True,1.0,,,84,1.0,0.0,96.96,1026.1462545519944,running,0.0,326.02520751953125,0.14048251509666443
38,2,hard_narrow_gap_forward,-0.5999311954204898,-0.4999965578563075,2.2176977677327475e-06,random_local_offset,1.4,0.0,0.0,-0.15,-1.25,1.57,1043.364631419477,True,False,False,1.248005192098154,0.30615508556365967,1.4,0.1751092138119574,0.1751092138119574,1.2248907861880425,100,70,0.30615508556365967,0.44589102268218994,True,1.0,,,123,1.0,0.0,97.68,1025.745668723194,running,-365.0047607421875,78.73867797851562,0.13825121521949768
39,2,hard_narrow_gap_forward,-0.9999333476378632,-0.49999743753023057,2.361791156302306e-06,random_local_offset,1.0,0.0,0.0,1.05,-1.25,1.57,1039.9283476748403,True,False,False,0.8350713462535722,0.3718808591365814,1.0,0.1749164314186317,0.1749164314186317,0.8250835685813683,59,52,0.37631577253341675,0.43552732467651367,True,1.0,,,81,1.0,0.0,97.72,1025.6563750690816,running,0.0,446.17681884765625,0.1369526982307434
40,2,hard_narrow_gap_forward,-0.7999310458163942,-0.5799970293575754,2.1905529666889547e-06,random_local_offset,1.2,-0.08,0.0,-0.15,1.25,-1.57,1063.63827411673,True,False,False,1.0403268949916844,0.3380255699157715,1.2026637102698325,0.17395351876128334,0.17395351876128334,1.0287101915085493,78,67,0.3473817706108093,0.40663427114486694,True,1.0,,,101,1.0,0.0,98.6,1026.798381028105,running,-367.070556640625,298.15643310546875,0.135355144739151
41,2,hard_narrow_gap_forward,-0.5999477956711536,-0.4999966935350917,2.133597153929148e-06,random_local_offset,1.4,0.0,0.0,1.05,1.25,-1.57,1072.139495767583,True,False,False,1.2376655591010668,0.3489325940608978,1.4,0.17337970392484126,0.17337970392484126,1.2266202960751587,102,80,0.34982582926750183,0.41032305359840393,True,1.0,,,125,1.0,0.0,99.64,1029.6439347672858,running,0.0,470.80029296875,0.13434280455112457
42,2,hard_narrow_gap_forward,-0.9999314847265833,-0.4199974131700605,2.198547848685087e-06,random_local_offset,1.0,0.08,0.0,1.05,-1.25,1.57,1036.503910632096,True,False,False,0.8389696712109515,0.32540515065193176,1.003194896318756,0.17330184093069587,0.17330184093069587,0.8298930553880601,66,53,0.32540515065193176,0.47450971603393555,True,1.0,,,85,1.0,0.0,99.04,1028.9728400594443,running,-361.4525146484375,415.98260498046875,0.13489408791065216
43,2,hard_narrow_gap_forward,-0.7999335104119736,-0.41999695957972794,2.361375899793704e-06,random_local_offset,1.2,0.08,0.0,-1.05,1.25,-1.57,1036.2562924543774,True,False,False,1.042607396868662,0.24917784333229065,1.2026637102698325,0.17246145879288388,0.17246145879288388,1.0302022514769487,87,68,0.24917784333229065,0.5061965584754944,True,1.0,,,106,1.0,0.0,99.24,1028.9366493212651,running,-375.1636047363281,344.8446960449219,0.13809390366077423
44,2,hard_narrow_gap_forward,-0.7999335254609958,-0.4199970270962957,2.3034064743442742e-06,random_local_offset,1.2,0.08,0.0,0.55,1.75,-1.57,991.5453636858329,True,False,False,1.047162342219066,0.21008147299289703,1.2026637102698325,0.17712751360072246,0.17712751360072246,1.0255361966691101,84,65,0.21008147299289703,0.5182458162307739,True,1.0,,,105,1.0,0.0,100.24,1027.1764118483763,running,0.0,314.48358154296875,0.13868196308612823
45,2,hard_narrow_gap_forward,-0.9999311601913523,-0.5799975293794414,2.086677125123774e-06,random_local_offset,1.0,-0.08,0.0,0.55,-1.75,1.57,1041.0689877703496,True,False,False,0.844145067992549,0.36018306016921997,1.0031948963187562,0.1759697207271934,0.1759697207271934,0.8272251755915628,61,54,0.36018306016921997,0.42786869406700134,True,1.0,,,85,1.0,0.0,100.52,1026.9909802433742,running,-393.28057861328125,316.9578857421875,0.13785205781459808
46,2,hard_narrow_gap_forward,-0.9999310203803824,-0.5799974296161563,2.2371659047814895e-06,random_local_offset,1.0,-0.08,0.0,1.05,1.25,-1.57,1043.2785552545758,True,False,False,0.8417196314996827,0.38452625274658203,1.0031948963187562,0.1699428674035993,0.1699428674035993,0.8332520289151569,62,52,0.38452625274658203,0.4151029884815216,True,1.0,,,85,1.0,0.0,99.44,1026.696300911879,running,0.0,745.04443359375,0.13742393255233765
47,2,hard_narrow_gap_forward,-0.7999310234788249,-0.5799969319722973,2.2743533928183047e-06,random_local_offset,1.2,-0.08,0.0,0.55,1.75,-1.57,1056.9503596585962,True,False,False,1.0356507530630334,0.3653255105018616,1.2026637102698323,0.1768702743008394,0.1768702743008394,1.0257934359689929,81,65,0.3717483878135681,0.3669115900993347,True,1.0,,,105,1.0,0.0,98.08,1033.692235119435,running,-346.7732849121094,613.3871459960938,0.13913869857788086
48,2,hard_narrow_gap_forward,-0.9999333623939219,-0.49999752425174365,2.272437160722785e-06,random_local_offset,1.0,0.0,0.0,1.05,1.25,-1.57,1037.2990152467935,True,False,False,0.8318137340715536,0.35407155752182007,1.0,0.1787960910483078,0.1787960910483078,0.8212039089516923,55,53,0.35407155752182007,0.442516952753067,True,1.0,,,83,1.0,0.0,97.32,1032.6874935895999,running,0.0,645.2271118164062,0.13736337423324585
49,2,hard_narrow_gap_forward,-0.9999313937791233,-0.4199975149347056,2.1526249063923214e-06,random_local_offset,1.0,0.08,0.0,-1.05,1.25,-1.57,1036.0428912507919,True,False,False,0.838743028688962,0.2950935363769531,1.0031948963187562,0.17553342384338766,0.17553342384338766,0.8276614724753686,62,52,0.2950935363769531,0.5195711851119995,True,1.0,,,84,1.0,0.0,95.84,1035.7774286419592,running,0.0,198.31919860839844,0.13710524141788483
50,2,hard_narrow_gap_forward,-0.9999333211233207,-0.4999974292181091,2.3640458547424572e-06,random_local_offset,1.0,0.0,0.0,-0.55,-1.75,1.57,1035.3935861894715,True,False,False,0.8472567038123023,0.31524017453193665,1.0,0.17498151825517663,0.17498151825517663,0.8250184817448234,63,53,0.31524017453193665,0.47779425978660583,True,1.0,,,85,1.0,0.0,96.04,1035.7736922705765,running,-409.5626525878906,301.2576904296875,0.13762380182743073
51,2,hard_narrow_gap_forward,-0.5999312257025091,-0.4999966487300941,2.156171223285859e-06,random_local_offset,1.4,0.0,0.0,1.05,1.25,-1.57,1065.3697521948236,True,False,False,1.2413973902157456,0.3142065107822418,1.3999999999999997,0.17300923280705013,0.17300923280705013,1.2269907671929496,94,77,0.32243505120277405,0.43541452288627625,True,1.0,,,120,1.0,0.0,97.44,1036.9892170936228,running,-426.9624938964844,351.47442626953125,0.13804222643375397
52,2,hard_narrow_gap_forward,-0.7999311968590557,-0.49999700124033186,2.2183941422474966e-06,random_local_offset,1.2,0.0,0.0,-0.15,-1.25,1.57,1060.7714864445552,True,False,False,1.0475603857145177,0.34277650713920593,1.2,0.1735092702378017,0.1735092702378017,1.0264907297621984,81,73,0.34570297598838806,0.4048581123352051,True,1.0,,,104,1.0,0.0,97.36,1039.8797558326335,running,-397.571533203125,309.09844970703125,0.13930271565914154
53,2,hard_narrow_gap_forward,-0.7999310086232363,-0.5799969742611758,2.240761762653027e-06,random_local_offset,1.2,-0.08,0.0,1.05,-1.25,1.57,1064.700125337204,True,False,False,1.0392109470516662,0.33575960993766785,1.2026637102698325,0.1788202159620426,0.1788202159620426,1.0238434943077899,81,68,0.4116549491882324,0.33575960993766785,True,1.0,,,103,1.0,0.0,98.08,1040.9030856499107,running,0.0,135.75088500976562,0.1340877115726471
54,2,hard_narrow_gap_forward,-0.7999312037076733,-0.4999969511955437,2.2599076440078032e-06,random_local_offset,1.2,0.0,0.0,-1.05,1.25,-1.57,1038.722527422893,True,False,False,1.0426817329641302,0.28834933042526245,1.1999999999999997,0.17330520402676272,0.17330520402676272,1.026694795973237,83,72,0.28834933042526245,0.476041316986084,True,1.0,,,105,1.0,0.0,98.92,1041.0122681353675,running,-397.736083984375,166.4742431640625,0.13154102861881256
55,2,hard_narrow_gap_forward,-0.5999303920036547,-0.49999639627396947,2.508290441226984e-06,random_local_offset,1.4,0.0,0.0,-1.05,-1.25,1.57,1013.6521478857695,True,False,False,1.2564997865185794,0.2291307896375656,1.4,0.16928135829580215,0.16928135829580215,1.2307186417041978,106,75,0.24853761494159698,0.489143043756485,True,1.0,,,126,1.0,0.0,100.6,1040.2832161926565,running,-420.7611389160156,411.8358154296875,0.13081136345863342
56,2,hard_narrow_gap_forward,-0.7999310107460308,-0.5799969642807828,2.2542394135490464e-06,random_local_offset,1.2,-0.08,0.0,-0.15,-1.25,1.57,1036.130799752892,True,False,False,1.0585492666029537,0.3047735095024109,1.2026637102698325,0.17831720835326498,0.17831720835326498,1.0243465019165676,76,72,0.31523263454437256,0.45130184292793274,True,1.0,,,102,1.0,0.0,100.44,1040.1959457735181,running,-401.9154968261719,184.22860717773438,0.1318899542093277
57,2,hard_narrow_gap_forward,-0.9999310636075477,-0.5799974779297842,2.184365652117924e-06,random_local_offset,1.0,-0.08,0.0,-0.55,-1.75,1.57,1038.7619831961933,True,False,False,0.8485243174059609,0.3486919403076172,1.003194896318756,0.17514755398509602,0.17514755398509602,0.8280473423336601,61,57,0.3486919403076172,0.4392346739768982,True,1.0,,,86,1.0,0.0,100.48,1040.3581685235415,running,-416.08282470703125,305.6547546386719,0.13233648240566254
58,2,hard_narrow_gap_forward,-0.9999312153963169,-0.49999751798746017,2.140895840472782e-06,random_local_offset,1.0,0.0,0.0,-1.05,-1.25,1.57,1036.2778935871547,True,False,False,0.8319271555490924,0.3345901072025299,1.0,0.17825313241463422,0.17825313241463422,0.8217468675853657,63,53,0.3345901072025299,0.4681723713874817,True,1.0,,,83,1.0,0.0,99.36,1040.351674493231,running,0.0,668.782470703125,0.131703719496727
59,2,hard_narrow_gap_forward,-0.5999312202345239,-0.4999965927528377,2.192097779372888e-06,random_local_offset,1.4,0.0,0.0,0.55,1.75,-1.57,1061.4703340884996,True,False,False,1.2451849954542562,0.3291039764881134,1.4,0.17520688690374767,0.17520688690374767,1.2247931130962522,98,70,0.3406373858451843,0.4127529263496399,True,1.0,,,119,1.0,0.0,99.96,1041.3308968968556,running,-443.4332275390625,219.81997680664062,0.13201381266117096
60,2,hard_narrow_gap_forward,-0.9999311532909624,-0.5799974761834239,2.1367885212875124e-06,random_local_offset,1.0,-0.08,0.0,1.05,-1.25,1.57,1047.479249677938,True,False,False,0.8370107051131699,0.38373124599456787,1.0031948963187562,0.17681664649322376,0.17681664649322376,0.8263782498255325,63,51,0.4196321666240692,0.38373124599456787,True,1.0,,,83,1.0,0.0,99.72,1043.140125420688,running,0.0,147.65484619140625,0.1330679953098297
61,2,hard_narrow_gap_forward,-0.9999314046838861,-0.4199974733365599,2.180204523867367e-06,random_local_offset,1.0,0.08,0.0,-0.55,1.75,-1.57,1035.7531375408557,True,False,False,0.8386169704116726,0.30815646052360535,1.0031948963187562,0.17497512269441776,0.17497512269441776,0.8282197736243385,60,53,0.30815646052360535,0.48787274956703186,True,1.0,,,81,1.0,0.0,97.96,1042.954068775653,running,-385.41375732421875,162.76780700683594,0.13194748759269714
62,2,hard_narrow_gap_forward,-0.9999313923924732,-0.4199975232598659,2.1357156359124436e-06,random_local_offset,1.0,0.08,0.0,-0.55,1.75,-1.57,1036.134445300984,True,False,False,0.8419280546435172,0.3076969385147095,1.0031948963187562,0.17318121963205482,0.17318121963205482,0.8300136766867015,63,53,0.3076969385147095,0.49592074751853943,True,1.0,,,83,1.0,0.0,97.92,1042.745343742051,running,0.0,202.681396484375,0.1331733912229538
63,2,hard_narrow_gap_forward,-0.9999312322754772,-0.49999747283295887,2.188389852447047e-06,random_local_offset,1.0,0.0,0.0,-0.15,1.25,-1.57,1037.5237858706112,True,False,False,0.840523635471754,0.35478293895721436,1.0,0.17281781521189107,0.17281781521189107,0.8271821847881089,64,53,0.35478293895721436,0.4495261013507843,True,1.0,,,83,1.0,0.0,96.32,1042.5117099200963,running,-427.00390625,191.91848754882812,0.13215506076812744
64,2,hard_narrow_gap_forward,-0.9999314850032168,-0.4199975019680485,2.100458973169382e-06,random_local_offset,1.0,0.08,0.0,-1.05,-1.25,1.57,1036.465548057141,True,False,False,0.8372705156961421,0.32180818915367126,1.003194896318756,0.1784164232170588,0.1784164232170588,0.8247784731016972,61,53,0.32180818915367126,0.47656047344207764,True,1.0,,,84,1.0,0.0,96.44,1042.3731979353884,running,-374.6479797363281,439.35784912109375,0.13146241009235382
65,2,hard_narrow_gap_forward,-0.9999313887744096,-0.41999751564232457,2.1470690477299385e-06,random_local_offset,1.0,0.08,0.0,-0.15,-1.25,1.57,1035.714641585912,True,False,False,0.8373774065680327,0.31748899817466736,1.0031948963187562,0.1748454545671809,0.1748454545671809,0.8283494417515753,63,51,0.31748899817466736,0.48115456104278564,True,1.0,,,83,1.0,0.0,95.72,1041.2562526341558,running,0.0,172.9901123046875,0.13210086524486542
66,2,hard_narrow_gap_forward,-0.7999312218068761,-0.4999970585082788,2.175740545141517e-06,random_local_offset,1.2,0.0,0.0,-0.15,1.25,-1.57,1048.5810379462866,True,False,False,1.0387195117949903,0.3174823522567749,1.2000000000000002,0.170040035442211,0.170040035442211,1.0299599645577893,78,69,0.319344699382782,0.42648524045944214,True,1.0,,,99,1.0,0.0,94.68,1040.3139143213039,running,-429.5771179199219,473.1109619140625,0.1343526393175125
67,2,hard_narrow_gap_forward,-0.7999310355178255,-0.5799969836517667,2.237784668123499e-06,random_local_offset,1.2,-0.08,0.0,0.55,1.75,-1.57,1061.853877837442,True,False,False,1.0415188681580927,0.3538534343242645,1.2026637102698325,0.17220761034269638,0.17220761034269638,1.0304560999271362,77,67,0.3579306900501251,0.3677893579006195,True,1.0,,,99,1.0,0.0,95.24,1041.3279130095177,running,0.0,295.964599609375,0.13529279828071594
68,2,hard_narrow_gap_forward,-0.5999312193163626,-0.49999667221100647,2.1347819402045504e-06,random_local_offset,1.4,0.0,0.0,-1.05,-1.25,1.57,1051.6176096006654,True,False,False,1.2477039047663967,0.2851969003677368,1.4,0.17220275171040747,0.17220275171040747,1.2277972482895925,105,70,0.2968471050262451,0.4324588477611542,True,1.0,,,125,1.0,0.0,96.0,1041.942365695369,running,-427.65789794921875,355.1307373046875,0.13456402719020844
69,2,hard_narrow_gap_forward,-0.7999310186176974,-0.579996956075559,2.253820151472619e-06,random_local_offset,1.2,-0.08,0.0,-0.55,1.75,-1.57,1043.034844661788,True,False,False,1.0848261588757786,0.30142951011657715,1.2026637102698325,0.17215327825376436,0.17215327825376436,1.0305104320160683,87,56,0.3760882318019867,0.3043031394481659,True,1.0,,,108,1.0,0.0,96.12,1044.0019449344072,running,-412.0634460449219,219.8494415283203,0.13557247817516327
70,2,hard_narrow_gap_forward,-0.5999312309356437,-0.499996590449952,2.1940747152640928e-06,random_local_offset,1.4,0.0,0.0,-1.05,-1.25,1.57,1046.3863326575672,True,False,False,1.2579674027656136,0.3164612054824829,1.4,0.17324331796680814,0.17324331796680814,1.2267566820331917,106,62,0.3196514844894409,0.39993003010749817,True,1.0,,,122,1.0,0.0,97.6,1044.214638729896,running,-435.492919921875,149.5558624267578,0.1400028020143509
71,2,hard_narrow_gap_forward,-0.7999310567287962,-0.5799970375984039,2.187014814788596e-06,random_local_offset,1.2,-0.08,0.0,0.55,-1.75,1.57,1057.3798063062925,True,False,False,1.0438180745389827,0.3687560558319092,1.2026637102698323,0.17589774658495372,0.17589774658495372,1.0267659636848787,81,66,0.3757021725177765,0.3693038821220398,True,1.0,,,103,1.0,0.0,98.32,1044.7786887719647,running,0.0,183.10382080078125,0.1427343785762787
72,2,hard_narrow_gap_forward,-0.7999313061345834,-0.4999970389161851,2.1442390275898928e-06,random_local_offset,1.2,0.0,0.0,-0.55,1.75,-1.57,1065.8342376996827,True,False,False,1.0340756153734016,0.3435221314430237,1.2,0.17784036602836578,0.17784036602836578,1.0221596339716341,78,71,0.34660419821739197,0.40838566422462463,True,1.0,,,100,1.0,0.0,98.12,1045.1340438936084,running,0.0,424.79364013671875,0.1444447785615921
73,2,hard_narrow_gap_forward,-0.9999312111183383,-0.4999974168173679,2.2451686839570466e-06,random_local_offset,1.0,0.0,0.0,-0.15,1.25,-1.57,1039.9931167165623,True,False,False,0.8369197422738687,0.34672001004219055,1.0,0.17133040545872008,0.17133040545872008,0.8286695945412799,64,52,0.34672001004219055,0.4488407075405121,True,1.0,,,85,1.0,0.0,98.2,1045.241807952399,running,-414.5661315917969,156.65863037109375,0.145117849111557
74,2,hard_narrow_gap_forward,-0.9999331645230596,-0.5799974186953685,2.3665659227406064e-06,random_local_offset,1.0,-0.08,0.0,0.55,-1.75,1.57,1051.1629846156293,True,False,False,0.8418578856559594,0.3801034390926361,1.0031948963187562,0.17298726649483703,0.17298726649483703,0.8302076298239192,61,53,0.42884954810142517,0.3801034390926361,True,1.0,,,83,1.0,0.0,98.16,1045.8466116869924,running,0.0,78.23516082763672,0.14435070753097534
75,2,hard_narrow_gap_forward,-0.9999973055774426,-0.4999931421696605,5.127615867430301e-06,random_local_offset,1.0,0.0,0.0,1.05,1.25,-1.57,1041.1762573727808,True,False,False,0.8353758177288629,0.36517733335494995,1.0,0.17134569761028887,0.17134569761028887,0.8286543023897112,59,52,0.36517733335494995,0.4278266131877899,True,1.0,,,81,1.0,0.0,98.0,1046.077918534325,running,-454.5310974121094,155.11178588867188,0.14485344290733337
76,2,hard_narrow_gap_forward,-0.7999310486660344,-0.5799970803568123,2.1560437588552376e-06,random_local_offset,1.2,-0.08,0.0,1.05,-1.25,1.57,1059.4642941918805,True,False,False,1.0562682286572775,0.3294108211994171,1.2026637102698328,0.17234013674187365,0.17234013674187365,1.030323573527959,81,66,0.39107629656791687,0.3325681984424591,True,1.0,,,104,1.0,0.0,97.36,1045.841700214207,running,-462.5104675292969,130.53713989257812,0.1453237235546112
77,2,hard_narrow_gap_forward,-0.7999312259454538,-0.4999970698109805,2.1575115157651393e-06,random_local_offset,1.2,0.0,0.0,-0.55,-1.75,1.57,1064.8391970687942,True,False,False,1.039321384646015,0.3495958745479584,1.2,0.17931550778819483,0.17931550778819483,1.0206844922118052,81,68,0.3590264916419983,0.40269890427589417,True,1.0,,,105,1.0,0.0,97.4,1046.0044086391767,running,0.0,232.08888244628906,0.14657381176948547
78,2,hard_narrow_gap_forward,-0.5999312476957241,-0.49999664826192264,2.1570147561681128e-06,random_local_offset,1.4,0.0,0.0,-0.15,-1.25,1.57,1075.0652477437277,True,False,False,1.2475318950744954,0.3319310247898102,1.4,0.17716774978843644,0.17716774978843644,1.2228322502115634,99,73,0.3489307165145874,0.4071747958660126,True,1.0,,,123,1.0,0.0,98.2,1046.419013535438,running,-445.96649169921875,104.32789611816406,0.14574478566646576
79,2,hard_narrow_gap_forward,-0.7999302369903742,-0.49999702982804506,2.407496233509247e-06,random_local_offset,1.2,0.0,0.0,-1.05,-1.25,1.57,1043.5198246238197,True,False,False,1.0482284580578654,0.3198002278804779,1.2,0.17573952925277048,0.17573952925277048,1.0242604707472296,84,63,0.3334064483642578,0.4097931385040283,True,1.0,1.0,0.0,104,1.0,0.0,98.16,1046.6109054234748,promoted,-445.4569396972656,55.72053527832031,0.14553551375865936
80,3,hard_gap_turns,-0.9999301959202475,-0.9499974395186943,2.2212760815471708e-06,random_local_offset,1.0,-0.45,0.0,1.65,0.55,3.14,1020.7482195637764,True,False,False,0.7740788366626621,0.2764541208744049,1.0965856099730655,0.34615056896900337,0.34615056896900337,0.7504350410040621,19,0,0.6150764226913452,0.2764541208744049,False,0.0,,,76,1.0,0.0,76.0,1020.7482195637764,running,-412.62811279296875,321.404541015625,0.1425509750843048
81,3,hard_gap_turns,-0.9999355178898133,-0.9499974598253924,2.2832623879187346e-06,random_local_offset,1.0,-0.45,0.0,-0.55,-1.75,1.57,1019.969118441912,True,False,False,0.7859897175285483,0.29404619336128235,1.0965856099730653,0.34464588496833326,0.34464588496833326,0.751939725004732,16,0,0.5890549421310425,0.29404619336128235,False,0.0,,,75,1.0,0.0,75.5,1020.3586690028442,running,0.0,904.644775390625,0.14224690198898315
82,3,hard_gap_turns,-0.9999281109624765,-0.9499975444904782,2.3578461915250326e-06,random_local_offset,1.0,-0.45,0.0,0.55,-1.75,1.57,1021.1148348071864,True,False,False,0.7678781470231011,0.26815494894981384,1.0965856099730655,0.34463139159640754,0.34463139159640754,0.751954218376658,15,0,0.6276363730430603,0.26815494894981384,False,0.0,,,73,1.0,0.0,74.66666666666667,1020.6107242709583,running,-485.8915710449219,316.7750244140625,0.14427028596401215
83,3,hard_gap_turns,-1.1999304206912,-0.849997851919821,2.264496731753746e-06,random_local_offset,0.8,-0.35,0.0,-0.55,1.75,-1.57,1017.4757882894154,True,False,False,0.5461236383873768,0.4734046161174774,0.8732124598286491,0.3417092553537755,0.3417092553537755,0.5315032044748736,0,0,0.664110004901886,0.4734046161174774,False,0.0,,,53,1.0,0.0,69.25,1019.8269902755726,running,0.0,200.24978637695312,0.14202192425727844
84,3,hard_gap_turns,-1.1999295176628626,-0.8499980613257272,2.6692077422847218e-06,random_local_offset,0.8,-0.35,0.0,-0.55,-1.75,1.57,1016.2321375257075,True,False,False,0.5517867269485923,0.48292288184165955,0.873212459828649,0.3449367355744466,0.3449367355744466,0.5282757242542024,0,0,0.5722960233688354,0.48367905616760254,False,0.0,,,52,1.0,0.0,65.8,1019.1080197255997,running,0.0,294.9068603515625,0.14530517160892487
85,3,hard_gap_turns,-1.1999379626193567,-0.1499976570232719,2.1608402123528065e-06,random_local_offset,0.8,0.35,0.0,1.65,0.55,3.14,1016.9535831050181,True,False,False,0.5534471930714868,0.41960206627845764,0.8732124598286491,0.3425253224978582,0.3425253224978582,0.5306871373307909,2,0,0.41960206627845764,0.6801558136940002,False,0.0,,,57,1.0,0.0,64.33333333333333,1018.7489469555027,running,-430.42645263671875,297.76324462890625,0.1436769962310791
86,3,hard_gap_turns,-1.199932570099667,-0.8499979594773259,2.2940905065474025e-06,random_local_offset,0.8,-0.35,0.0,-0.55,1.75,-1.57,1016.648538424035,True,False,False,0.5646936743417645,0.4860091209411621,0.873212459828649,0.34473664853920905,0.34473664853920905,0.52847581128944,0,0,0.5790887475013733,0.49259135127067566,False,0.0,,,56,1.0,0.0,63.142857142857146,1018.4488885938645,running,-480.6505126953125,130.53289794921875,0.14260466396808624
87,3,hard_gap_turns,-0.9999302508422583,-0.9499974862724685,2.1793457565902507e-06,random_local_offset,1.0,-0.45,0.0,-0.55,-1.75,1.57,1019.1517024455322,True,False,False,0.8031131257219719,0.30137157440185547,1.0965856099730655,0.3479278456335266,0.3479278456335266,0.7486577643395389,16,0,0.5535988807678223,0.30137157440185547,False,0.0,,,78,1.0,0.0,65.0,1018.536740325323,running,-472.4277038574219,213.44415283203125,0.14231890439987183
88,3,hard_gap_turns,-0.9999377473017838,-0.04999743267166845,2.3124140708068943e-06,random_local_offset,1.0,0.45,0.0,-0.55,-1.75,1.57,1003.7672501471751,True,False,False,0.7939337288171157,0.19663728773593903,1.0965856099730653,0.33786170972320695,0.33786170972320695,0.7587239002498584,21,0,0.19663728773593903,0.6625630259513855,False,0.0,,,79,1.0,0.0,66.55555555555556,1016.8956858610842,running,0.0,355.8598327636719,0.14213480055332184
89,3,hard_gap_turns,-0.9999322125465584,-0.04999740927066765,2.2433729864871084e-06,random_local_offset,1.0,0.45,0.0,0.55,1.75,-1.57,1003.9631181119123,True,False,False,0.7810421395518153,0.1910279244184494,1.0965856099730655,0.3401480419895197,0.3401480419895197,0.7564375679835458,21,0,0.1947060376405716,0.6802443265914917,False,0.0,,,74,1.0,0.0,67.3,1015.6024290861671,running,0.0,189.86474609375,0.1399911344051361
90,3,hard_gap_turns,-1.1999313248138097,-0.14999783253915128,2.46958158933715e-06,random_local_offset,0.8,0.35,0.0,0.55,1.75,-1.57,1016.8079648704762,True,False,False,0.5461458399093085,0.4261763393878937,0.873212459828649,0.3472891242957523,0.3472891242957523,0.5259233355328967,0,0,0.4636635482311249,0.4946732223033905,False,0.0,,,54,1.0,0.0,66.0909090909091,1015.7120232483771,running,0.0,149.5641632080078,0.1381460428237915
91,3,hard_gap_turns,-0.9999322187381544,-0.049997436828722486,2.214396528670905e-06,random_local_offset,1.0,0.45,0.0,1.65,0.55,3.14,1003.0287692756558,True,False,False,0.7684324038962934,0.19337449967861176,1.0965856099730653,0.3461318025555686,0.3461318025555686,0.7504538074174967,21,0,0.22935903072357178,0.6937733292579651,False,0.0,,,72,1.0,0.0,66.58333333333333,1014.655085417317,running,0.0,866.8103637695312,0.13859641551971436
92,3,hard_gap_turns,-0.9999302310122734,-0.9499974844304107,2.1837299206293515e-06,random_local_offset,1.0,-0.45,0.0,1.65,0.55,3.14,1019.5174906679882,True,False,False,0.7973278366342713,0.3142487108707428,1.0965856099730655,0.34686956425243903,0.34686956425243903,0.7497160457206264,17,0,0.5441907048225403,0.3142487108707428,False,0.0,,,76,1.0,0.0,67.3076923076923,1015.0291165904455,running,0.0,592.0470581054688,0.14237910509109497
93,3,hard_gap_turns,-1.1999304129212687,-0.8499978445955878,2.273755864905074e-06,random_local_offset,0.8,-0.35,0.0,0.55,1.75,-1.57,1016.7146262313865,True,False,False,0.548451450824057,0.48356717824935913,0.8732124598286491,0.3450568917201001,0.3450568917201001,0.528155568108549,0,0,0.5818249583244324,0.484362930059433,False,0.0,,,54,1.0,0.0,66.35714285714286,1015.149510136227,running,0.0,274.50390625,0.14390984177589417
94,3,hard_gap_turns,-1.199930423292721,-0.849997879259571,2.2339353583474763e-06,random_local_offset,0.8,-0.35,0.0,1.65,-0.55,3.14,1017.6089202012499,True,False,False,0.5392528142658322,0.47172337770462036,0.8732124598286491,0.34411469982870035,0.34411469982870035,0.5290977599999488,0,0,0.6227316856384277,0.48668205738067627,False,0.0,,,53,1.0,0.0,65.46666666666667,1015.3134708072286,running,-458.8016052246094,159.8664093017578,0.14186924695968628
95,3,hard_gap_turns,-1.1999319872478615,-0.14999793557560376,2.1601517226210802e-06,random_local_offset,0.8,0.35,0.0,-0.55,1.75,-1.57,1016.1503449888094,True,False,False,0.5498886568268591,0.4173160493373871,0.873212459828649,0.34919807862232166,0.34919807862232166,0.5240143812063274,1,0,0.6698279976844788,0.4645425081253052,False,0.0,,,54,1.0,0.0,64.75,1015.3657754435774,running,-443.2221374511719,592.7392578125,0.14006108045578003
96,3,hard_gap_turns,-0.9999344488255275,-0.04999739088414229,2.410675726630117e-06,random_local_offset,1.0,0.45,0.0,1.65,0.55,3.14,995.9433759759337,True,False,False,0.7856314361972719,0.1787814050912857,1.0965856099730655,0.344961581666696,0.344961581666696,0.7516240283063695,22,2,0.18280915915966034,0.2495783120393753,False,0.0,,,76,1.0,0.0,65.41176470588235,1014.2232813572455,running,-463.3516845703125,374.456787109375,0.14084646105766296
97,3,hard_gap_turns,-0.9999322571535282,-0.9499974237843469,2.367322359905339e-06,random_local_offset,1.0,-0.45,0.0,-0.55,1.75,-1.57,1020.9551297988253,True,False,False,0.7752160785209233,0.27160993218421936,1.0965856099730653,0.3461071026728584,0.3461071026728584,0.7504785073002069,18,0,0.5958570241928101,0.27160993218421936,False,0.0,,,76,1.0,0.0,66.0,1014.5972729373332,running,-461.65460205078125,162.43191528320312,0.14002253115177155
98,3,hard_gap_turns,-0.9999322085619076,-0.049997465306858,2.186675081088327e-06,random_local_offset,1.0,0.45,0.0,1.65,-0.55,3.14,1013.7093540139912,True,False,False,0.7640538001521987,0.20866923034191132,1.0965856099730655,0.3495688158714031,0.3495688158714031,0.7470167941016624,21,0,0.20866923034191132,0.6821321249008179,False,0.0,,,73,1.0,0.0,66.36842105263158,1014.5505403624204,running,0.0,145.80282592773438,0.13566723465919495
99,3,hard_gap_turns,-1.1999304725100357,-0.8499979072565986,2.1876863243224288e-06,random_local_offset,0.8,-0.35,0.0,0.55,-1.75,1.57,1016.6559502999728,True,False,False,0.5515160826717888,0.4838939309120178,0.8732124598286489,0.3497151235159866,0.3497151235159866,0.5234973363126623,0,0,0.616981029510498,0.4838939309120178,False,0.0,,,54,1.0,0.0,65.75,1014.6558108592981,running,0.0,298.86572265625,0.13514189422130585
100,3,hard_gap_turns,-1.1999304587871609,-0.8499979352768325,2.163923783843884e-06,random_local_offset,0.8,-0.35,0.0,1.65,0.55,3.14,1016.4068665002166,True,False,False,0.5581963844768003,0.4768543839454651,0.873212459828649,0.3487053034069742,0.3487053034069742,0.5245071564216748,0,0,0.6056085228919983,0.4768543839454651,False,0.0,,,55,1.0,0.0,65.23809523809524,1014.7391944612466,running,-464.143798828125,234.22850036621094,0.13465045392513275
101,3,hard_gap_turns,-0.9999322272156482,-0.04999743253887046,2.2228699464248382e-06,random_local_offset,1.0,0.45,0.0,0.55,-1.75,1.57,1007.1610713592679,True,False,False,0.766752984299534,0.21518686413764954,1.0965856099730655,0.34839805461392315,0.34839805461392315,0.7481875553591424,22,0,0.21518686413764954,0.6765400767326355,False,0.0,,,75,1.0,0.0,65.68181818181819,1014.3947343202475,running,0.0,173.9515380859375,0.13455405831336975
102,3,hard_gap_turns,-0.999934404680501,-0.04999748558225542,2.307658304126055e-06,random_local_offset,1.0,0.45,0.0,0.55,1.75,-1.57,1007.4844947233628,True,False,False,0.767159214679742,0.19442053139209747,1.0965856099730653,0.34704307785113087,0.34704307785113087,0.7495425321219344,22,0,0.19442053139209747,0.6876851916313171,False,0.0,,,74,1.0,0.0,66.04347826086956,1014.0942891203829,running,0.0,304.6955261230469,0.13829703629016876
103,3,hard_gap_turns,-1.1999304642525788,-0.8499979206154651,2.1766799783255028e-06,random_local_offset,0.8,-0.35,0.0,-0.55,1.75,-1.57,1016.9167559130416,True,False,False,0.5666824470752734,0.48260101675987244,0.8732124598286491,0.34163889821494003,0.34163889821494003,0.5315735616137092,0,0,0.5675393342971802,0.48260101675987244,False,0.0,,,54,1.0,0.0,65.54166666666667,1014.2118919034102,running,0.0,352.123291015625,0.13958874344825745
104,3,hard_gap_turns,-1.1999319720428991,-0.14999794560375213,2.1502595950670724e-06,random_local_offset,0.8,0.35,0.0,1.65,-0.55,3.14,1017.2852967300354,True,False,False,0.5475640211808243,0.39874526858329773,0.873212459828649,0.3455887310718238,0.3455887310718238,0.5276237287568253,2,0,0.6721320152282715,0.4280484914779663,False,0.0,,,53,1.0,0.0,65.04,1014.3348280964752,running,-477.0478820800781,239.07220458984375,0.14016808569431305
105,3,hard_gap_turns,-1.1999304084877718,-0.8499978429622559,2.276519131507699e-06,random_local_offset,0.8,-0.35,0.0,0.55,1.75,-1.57,1016.1892846541037,True,False,False,0.5569186012666268,0.4815836250782013,0.873212459828649,0.3485758535184248,0.3485758535184248,0.5246366063102242,0,0,0.5615853667259216,0.4888755977153778,False,0.0,,,54,1.0,0.0,64.16,1014.1524707000883,running,-498.3260498046875,250.922607421875,0.14132769405841827
106,3,hard_gap_turns,-0.999930182923674,-0.9499974027709003,2.2634854488778804e-06,random_local_offset,1.0,-0.45,0.0,1.65,0.55,3.14,1021.0442447207502,True,False,False,0.7810067945948448,0.28274160623550415,1.0965856099730655,0.3382662521366089,0.3382662521366089,0.7583193578364567,18,0,0.5961657762527466,0.28274160623550415,False,0.0,,,75,1.0,0.0,64.16,1014.1954757512419,running,0.0,236.88232421875,0.14268885552883148
107,3,hard_gap_turns,-0.9999322300797627,-0.04999737734286225,2.28533877343507e-06,random_local_offset,1.0,0.45,0.0,1.65,0.55,3.14,1010.5871138937565,True,False,False,0.7623538110801048,0.20293448865413666,1.0965856099730655,0.34986843645753707,0.34986843645753707,0.7467171735155285,23,0,0.20836474001407623,0.6810507774353027,False,0.0,,,76,1.0,0.0,64.28,1013.7743669147047,running,0.0,149.83648681640625,0.14375917613506317
108,3,hard_gap_turns,-1.1999319706509066,-0.14999789964181737,2.1984506285928314e-06,random_local_offset,0.8,0.35,0.0,0.55,-1.75,1.57,1016.7041946481662,True,False,False,0.5476966273679778,0.3918169140815735,0.873212459828649,0.34906001513942125,0.34906001513942125,0.5241524446892278,2,0,0.7517328262329102,0.46319934725761414,False,0.0,,,54,1.0,0.0,64.32,1013.7435031690547,running,0.0,151.14093017578125,0.14557136595249176
109,3,hard_gap_turns,-1.1999320039828765,-0.14999790836686316,2.1885238859447103e-06,random_local_offset,0.8,0.35,0.0,-0.55,1.75,-1.57,1016.5207106636253,True,False,False,0.5519008586491472,0.38864022493362427,0.8732124598286489,0.34760818696157303,0.34760818696157303,0.5256042728670759,1,0,0.7746336460113525,0.4407862424850464,False,0.0,,,54,1.0,0.0,64.4,1013.7550460945716,running,0.0,886.5388793945312,0.1460331529378891
110,3,hard_gap_turns,-1.1999341522155114,-0.14999789383295647,2.368367979966831e-06,random_local_offset,0.8,0.35,0.0,0.55,-1.75,1.57,1017.934527149541,True,False,False,0.547319340603038,0.40040990710258484,0.873212459828649,0.34314182264644266,0.34314182264644266,0.5300706371822064,2,0,0.7733020186424255,0.4306952655315399,False,0.0,,,53,1.0,0.0,64.24,1013.7942838563524,running,-484.5084228515625,132.83145141601562,0.14766979217529297
111,3,hard_gap_turns,-0.9999322136323818,-0.04999749048495167,2.172639523394034e-06,random_local_offset,1.0,0.45,0.0,1.65,0.55,3.14,1010.776716590511,True,False,False,0.7630161190254369,0.20840758085250854,1.0965856099730653,0.348216674970028,0.348216674970028,0.7483689350030374,24,0,0.2126721441745758,0.70038902759552,False,0.0,,,76,1.0,0.0,65.04,1013.5594109830115,running,-475.3885803222656,310.404296875,0.14618492126464844
112,3,hard_gap_turns,-0.9999302235029583,-0.9499974464392134,2.214366512694556e-06,random_local_offset,1.0,-0.45,0.0,1.65,-0.55,3.14,1021.3308197297846,True,False,False,0.768717100134371,0.27381712198257446,1.0965856099730653,0.3451364917316099,0.3451364917316099,0.7514491182414554,17,0,0.5974690318107605,0.27381712198257446,False,0.0,,,75,1.0,0.0,64.92,1013.6465756743816,running,0.0,269.12664794921875,0.14537686109542847
113,3,hard_gap_turns,-1.199931259798353,-0.14999789224611104,2.2275453947410323e-06,random_local_offset,0.8,0.35,0.0,0.55,1.75,-1.57,1017.1614554287428,True,False,False,0.5481862568602548,0.390811949968338,0.873212459828649,0.34887745457867997,0.34887745457867997,0.5243350052499691,2,0,0.7996706366539001,0.398259699344635,False,0.0,,,55,1.0,0.0,63.96,1014.1823438856444,running,-492.45916748046875,167.32196044921875,0.14641043543815613
114,3,hard_gap_turns,-1.1999325067146263,-0.8499978761703966,2.398928404899317e-06,random_local_offset,0.8,-0.35,0.0,-0.55,1.75,-1.57,1016.2892197588469,True,False,False,0.5620114191910905,0.4883894622325897,0.8732124598286491,0.3486237176372928,0.3486237176372928,0.5245887421913564,0,0,0.5708339810371399,0.49689164757728577,False,0.0,,,54,1.0,0.0,63.16,1014.6753879515219,running,-495.6087646484375,283.5627136230469,0.1488824486732483
115,3,hard_gap_turns,-1.1999318417573808,-0.14999790815391362,2.5368750307497847e-06,random_local_offset,0.8,0.35,0.0,0.55,1.75,-1.57,1016.9778664089507,True,False,False,0.5521273681331147,0.38240644335746765,0.8732124598286491,0.34141029011045754,0.34141029011045754,0.5318021697181916,2,0,0.7474142909049988,0.4039509892463684,False,0.0,,,51,1.0,0.0,63.04,1014.6821840130606,running,0.0,229.05908203125,0.14961010217666626
116,3,hard_gap_turns,-0.9999302529713072,-0.9499975168340202,2.1407307026660117e-06,random_local_offset,1.0,-0.45,0.0,1.65,0.55,3.14,1020.4008226859163,True,False,False,0.7732267108494445,0.2860097289085388,1.0965856099730653,0.3463141319866697,0.3463141319866697,0.7502714779863956,16,0,0.5922510623931885,0.2860097289085388,False,0.0,,,75,1.0,0.0,63.16,1015.377066149471,running,-492.47283935546875,138.09400939941406,0.15162868797779083
117,3,hard_gap_turns,-0.999932185716705,-0.04999751040335315,2.1500707655348866e-06,random_local_offset,1.0,0.45,0.0,0.55,-1.75,1.57,1007.3572027762362,True,False,False,0.7642508352464406,0.2094031274318695,1.0965856099730655,0.3456542104425899,0.3456542104425899,0.7509313995304756,24,0,0.2094031274318695,0.7020939588546753,False,0.0,,,76,1.0,0.0,63.16,1014.8906546338009,running,-477.8908996582031,121.94859313964844,0.15297625958919525
118,3,hard_gap_turns,-1.1999304469359235,-0.8499979116519443,2.1842938840969766e-06,random_local_offset,0.8,-0.35,0.0,1.65,0.55,3.14,1016.3871998307933,True,False,False,0.5510782284273734,0.4831787347793579,0.873212459828649,0.34969101541182185,0.34969101541182185,0.5235214444168272,0,0,0.586611807346344,0.4831787347793579,False,0.0,,,54,1.0,0.0,63.16,1014.8775575777772,running,-516.7611083984375,143.09176635742188,0.15345227718353271
119,3,hard_gap_turns,-1.1999304370942618,-0.8499978724519784,2.236523701575882e-06,random_local_offset,0.8,-0.35,0.0,-0.55,1.75,-1.57,1017.3653109408649,True,False,False,0.5513698415976699,0.48909640312194824,0.873212459828649,0.3431438974543322,0.3431438974543322,0.5300685623743169,0,0,0.5986098051071167,0.5060234069824219,False,0.0,,,53,1.0,0.0,63.16,1014.8678132073618,running,0.0,237.81101989746094,0.15470552444458008
120,3,hard_gap_turns,-0.9999322234248712,-0.0499974692283916,2.19172159200493e-06,random_local_offset,1.0,0.45,0.0,1.65,0.55,3.14,1010.6842712485975,True,False,False,0.770214829583441,0.2013368308544159,1.0965856099730653,0.3474180938176153,0.3474180938176153,0.7491675161554501,23,0,0.2013368308544159,0.6805232167243958,False,0.0,,,75,1.0,0.0,64.0,1014.6491702577533,running,-512.5768432617188,256.613037109375,0.15585893392562866
121,3,hard_gap_turns,-1.1999304671189484,-0.8499979075300264,2.191319498831253e-06,random_local_offset,0.8,-0.35,0.0,1.65,-0.55,3.14,1016.7832764105672,True,False,False,0.5437134158116546,0.4870953857898712,0.873212459828649,0.34981034388074467,0.34981034388074467,0.5234021159479043,0,0,0.5944545269012451,0.4969288408756256,False,0.0,,,55,1.0,0.0,63.16,1015.4827662751386,running,0.0,386.1657409667969,0.15629592537879944
122,3,hard_gap_turns,-1.1999325619901244,-0.8499979700454211,2.2848398521390776e-06,random_local_offset,0.8,-0.35,0.0,1.65,0.55,3.14,1016.8492495992257,True,False,False,0.5591732493521131,0.4750473201274872,0.873212459828649,0.34247448538374636,0.34247448538374636,0.5307379744449027,0,0,0.5703353881835938,0.4750473201274872,False,0.0,,,55,1.0,0.0,62.32,1015.3185310671546,running,-480.1234130859375,201.77139282226562,0.15902869403362274
123,3,hard_gap_turns,-1.1999314185174228,-0.8499978940398278,2.2198533960315097e-06,random_local_offset,0.8,-0.35,0.0,1.65,0.55,3.14,1016.7277536220403,True,False,False,0.556364835618302,0.4683209955692291,0.8732124598286491,0.34710933299647084,0.34710933299647084,0.5261031268321783,0,0,0.6010419726371765,0.4683209955692291,False,0.0,,,54,1.0,0.0,61.56,1015.4392670514765,running,-507.2501525878906,124.57537841796875,0.15897971391677856
124,3,hard_gap_turns,-1.1999319795113366,-0.14999794479907202,2.1486451962201478e-06,random_local_offset,0.8,0.35,0.0,0.55,1.75,-1.57,1017.2624151718538,True,False,False,0.5563506287023157,0.39895427227020264,0.8732124598286489,0.34592926285437103,0.34592926285437103,0.527283196974278,4,0,0.7736661434173584,0.39895427227020264,False,0.0,,,56,1.0,0.0,61.64,1015.4635256463517,running,-481.9100646972656,151.85736083984375,0.15880779922008514
125,3,hard_gap_turns,-1.199930409513685,-0.8499978455586461,2.265047678569856e-06,random_local_offset,0.8,-0.35,0.0,0.55,-1.75,1.57,1016.4245386392585,True,False,False,0.5499575613694908,0.47946202754974365,0.873212459828649,0.3497174721194447,0.3497174721194447,0.5234949877092043,0,0,0.6049553155899048,0.4875650107860565,False,0.0,,,53,1.0,0.0,61.56,1015.4642325319135,running,0.0,158.82044982910156,0.15781857073307037
126,3,hard_gap_turns,-1.1999319940423236,-0.14999784295293145,2.2753100570411323e-06,random_local_offset,0.8,0.35,0.0,-0.55,1.75,-1.57,1016.7178214663654,True,False,False,0.5634139040785102,0.3947197496891022,0.873212459828649,0.3447116127016098,0.3447116127016098,0.5285008471270392,5,0,0.9201371669769287,0.40439897775650024,False,0.0,,,55,1.0,0.0,60.76,1015.8465025361974,running,-490.28948974609375,193.87802124023438,0.15809959173202515
127,3,hard_gap_turns,-1.1999319793892556,-0.14999792002078355,2.176352716366963e-06,random_local_offset,0.8,0.35,0.0,-0.55,1.75,-1.57,1016.6618660060221,True,False,False,0.567006901079383,0.3812667727470398,0.8732124598286491,0.34641965270275427,0.34641965270275427,0.5267928071258949,6,0,0.92923903465271,0.38658785820007324,False,0.0,,,56,1.0,0.0,60.04,1016.2135973875037,running,-469.3035888671875,168.26220703125,0.15909424424171448
128,3,hard_gap_turns,-1.1999330387450697,-0.8499974256748293,2.2943186680762878e-06,random_local_offset,0.8,-0.35,0.0,1.65,-0.55,3.14,1016.6938384090795,True,False,False,0.5598731077777946,0.4860084354877472,0.8732124598286493,0.34355828847770103,0.34355828847770103,0.5296541713509482,0,0,0.5884339213371277,0.48987656831741333,False,0.0,,,55,1.0,0.0,60.08,1016.2046806873452,running,0.0,270.4326171875,0.1593751460313797
129,3,hard_gap_turns,-0.9999302475034538,-0.9499974878497688,2.1729994932869836e-06,random_local_offset,1.0,-0.45,0.0,0.55,1.75,-1.57,1021.1950207178712,True,False,False,0.7589180971009248,0.28524619340896606,1.0965856099730655,0.3494705867790082,0.3494705867790082,0.7471150231940573,17,0,0.5963820219039917,0.28524619340896606,False,0.0,,,75,1.0,0.0,60.96,1016.3610696468587,running,-498.14910888671875,101.49775695800781,0.16423366963863373
130,3,hard_gap_turns,-1.199931380950586,-0.14999805287501666,2.68154805425286e-06,random_local_offset,0.8,0.35,0.0,0.55,-1.75,1.57,1016.912194399479,True,False,False,0.5684719750437343,0.38329946994781494,0.873212459828649,0.3431314950582379,0.3431314950582379,0.5300809647704111,5,0,0.9229511022567749,0.39786237478256226,False,0.0,,,56,1.0,0.0,61.04,1016.3899860366738,running,-476.3332824707031,312.8898620605469,0.16464772820472717
131,3,hard_gap_turns,-1.1999304599009133,-0.8499979390535067,2.1526512389271717e-06,random_local_offset,0.8,-0.35,0.0,-0.55,-1.75,1.57,1017.170241257666,True,False,False,0.5569047503745295,0.47004038095474243,0.873212459828649,0.3415812107396295,0.3415812107396295,0.5316312490890196,0,0,0.612278163433075,0.47004038095474243,False,0.0,,,54,1.0,0.0,60.2,1016.2350258981505,running,-481.5531311035156,104.19871520996094,0.1653299182653427
132,3,hard_gap_turns,-0.9999302026224837,-0.9499974162617223,2.2416508843313116e-06,random_local_offset,1.0,-0.45,0.0,0.55,-1.75,1.57,1021.126002352192,True,False,False,0.7766298427484779,0.28700822591781616,1.0965856099730655,0.3412482212522035,0.3412482212522035,0.7553373887208621,16,0,0.5874401926994324,0.28700822591781616,False,0.0,,,77,1.0,0.0,60.24,1016.6565814364881,running,0.0,121.03657531738281,0.1660056859254837
133,3,hard_gap_turns,-0.9999322045780016,-0.04999743623460412,2.2217568293421463e-06,random_local_offset,1.0,0.45,0.0,0.55,1.75,-1.57,999.2737375937177,True,False,False,0.764051363444474,0.18992118537425995,1.0965856099730653,0.3444169942453799,0.3444169942453799,0.7521686157276855,23,0,0.18992118537425995,0.475975900888443,False,0.0,,,74,1.0,0.0,61.04,1015.9593631543102,running,0.0,295.4965515136719,0.16598635911941528
134,3,hard_gap_turns,-1.1999294324137608,-0.8499978573519757,2.182877542132098e-06,random_local_offset,0.8,-0.35,0.0,-0.55,1.75,-1.57,1016.7487572659045,True,False,False,0.5561975227869704,0.48299506306648254,0.873212459828649,0.344462990102349,0.344462990102349,0.5287494697263,0,0,0.596027135848999,0.5031972527503967,False,0.0,,,54,1.0,0.0,61.04,1015.9684850184012,running,0.0,559.6309814453125,0.1658354103565216
135,3,hard_gap_turns,-0.9999321810780403,-0.049997522891020385,2.133897492816319e-06,random_local_offset,1.0,0.45,0.0,1.65,0.55,3.14,1000.2127968925325,True,False,False,0.7683896493721979,0.1902356594800949,1.0965856099730655,0.34307403256757485,0.34307403256757485,0.7535115774054907,26,0,0.1902356594800949,0.7035609483718872,False,0.0,,,76,1.0,0.0,61.96,1015.2596158081209,running,0.0,395.0790710449219,0.16841430962085724
136,3,hard_gap_turns,-1.1999304116506326,-0.8499978757110289,2.2299975077809015e-06,random_local_offset,0.8,-0.35,0.0,1.65,0.55,3.14,1017.2364329206296,True,False,False,0.5514555057929055,0.48879474401474,0.873212459828649,0.3417010644806521,0.3417010644806521,0.531511395347997,0,0,0.5938485860824585,0.4927147626876831,False,0.0,,,55,1.0,0.0,61.12,1015.5180044613256,running,-476.3702392578125,171.3307647705078,0.1671566218137741
137,3,hard_gap_turns,-0.999932260324201,-0.9499974331130892,2.3597094560564747e-06,random_local_offset,1.0,-0.45,0.0,0.55,1.75,-1.57,1022.0093140024957,True,False,False,0.7662694789606529,0.2631424367427826,1.0965856099730655,0.3414498415001076,0.3414498415001076,0.7551357684729579,19,0,0.6252954602241516,0.2631424367427826,False,0.0,,,77,1.0,0.0,61.2,1015.5451442322341,running,0.0,125.05548095703125,0.1670316755771637
138,3,hard_gap_turns,-0.9999302520866449,-0.9499974720052888,2.183618102189432e-06,random_local_offset,1.0,-0.45,0.0,0.55,1.75,-1.57,1021.0589815286231,True,False,False,0.7770326419511612,0.27632787823677063,1.0965856099730655,0.34633485611482945,0.34633485611482945,0.7502507538582361,18,0,0.578590989112854,0.27632787823677063,False,0.0,,,77,1.0,0.0,62.08,1015.7010452762293,running,-472.3048400878906,151.618896484375,0.1665564328432083
139,3,hard_gap_turns,-0.9999321955418784,-0.049997419233619,2.2439850825061063e-06,random_local_offset,1.0,0.45,0.0,-0.55,-1.75,1.57,1006.8673064722917,True,False,False,0.7695236547822927,0.20604456961154938,1.0965856099730655,0.3479971022609907,0.3479971022609907,0.7485885077120749,24,0,0.20604456961154938,0.6871961951255798,False,0.0,,,76,1.0,0.0,62.96,1015.3241687447671,running,-490.4588928222656,86.77604675292969,0.167859748005867
140,3,hard_gap_turns,-1.1999304004888174,-0.849997869004476,2.2434681557664356e-06,random_local_offset,0.8,-0.35,0.0,0.55,1.75,-1.57,1017.1776352026818,True,False,False,0.5518935854237808,0.4834335148334503,0.8732124598286491,0.34469871529318086,0.34469871529318086,0.5285137445354683,0,0,0.5841510891914368,0.4834335148334503,False,0.0,,,56,1.0,0.0,63.16,1015.3321594965164,running,-431.6746520996094,170.36563110351562,0.17122146487236023
141,3,hard_gap_turns,-1.199934154610845,-0.1499978895124669,2.3713878931160235e-06,random_local_offset,0.8,0.35,0.0,1.65,-0.55,3.14,1017.3810551848306,True,False,False,0.5739623164786084,0.3705533742904663,0.8732124598286489,0.3420211651827945,0.3420211651827945,0.5311912946458544,5,0,0.8480238914489746,0.3705533742904663,False,0.0,,,57,1.0,0.0,62.44,1015.2113687964728,running,0.0,201.98638916015625,0.17086158692836761
142,3,hard_gap_turns,-1.1999307374154573,-0.14999756464919167,2.2148791804435925e-06,random_local_offset,0.8,0.35,0.0,1.65,-0.55,3.14,1016.5764940998648,True,False,False,0.5809128126256141,0.3634863793849945,0.8732124598286491,0.3493771763014362,0.3493771763014362,0.5238352835272129,6,0,0.781673014163971,0.3634863793849945,False,0.0,,,58,1.0,0.0,61.72,1015.5801404494179,running,0.0,146.1477813720703,0.17244192957878113
143,3,hard_gap_turns,-1.1999304304341805,-0.8499978564182017,2.2511494550350946e-06,random_local_offset,0.8,-0.35,0.0,0.55,1.75,-1.57,1017.0065711799732,True,False,False,0.5614657333677392,0.466753751039505,0.873212459828649,0.3449176881108735,0.3449176881108735,0.5282947717177755,0,0,0.6032499670982361,0.466753751039505,False,0.0,,,57,1.0,0.0,61.84,1015.6049153033849,running,-491.5576477050781,267.7626037597656,0.17166446149349213
144,3,hard_gap_turns,-0.9999380492499194,-0.04999740806098568,2.153963804243655e-06,random_local_offset,1.0,0.45,0.0,1.65,-0.55,3.14,1009.8460757367973,True,False,False,0.7836424267362733,0.2104773372411728,1.0965856099730653,0.3410548411371626,0.3410548411371626,0.7555307688359028,22,0,0.2104773372411728,0.6609406471252441,False,0.0,,,77,1.0,0.0,62.8,1015.3041458952223,running,0.0,147.35122680664062,0.17059285938739777
145,3,hard_gap_turns,-1.1999304524594248,-0.8499978833337565,2.214179951680614e-06,random_local_offset,0.8,-0.35,0.0,-0.55,1.75,-1.57,1017.4381902474412,True,False,False,0.5530232236244889,0.46234527230262756,0.8732124598286493,0.3433728225378947,0.3433728225378947,0.5298396372907546,0,0,0.602075457572937,0.46234527230262756,False,0.0,,,56,1.0,0.0,62.04,1015.5743026551761,running,0.0,79.72203063964844,0.17164480686187744
146,3,hard_gap_turns,-0.999931675489587,-0.04999743391486011,2.3298745479929344e-06,random_local_offset,1.0,0.45,0.0,1.65,-0.55,3.14,1006.3155841693401,True,False,False,0.7698670688747462,0.21428917348384857,1.0965856099730653,0.34929758430886926,0.34929758430886926,0.747288025664196,22,0,0.21428917348384857,0.6817002892494202,False,0.0,,,76,1.0,0.0,62.88,1015.1555949655271,running,0.0,210.69174194335938,0.17176392674446106
147,3,hard_gap_turns,-1.1999304665509376,-0.8499979454664265,2.1529802395055673e-06,random_local_offset,0.8,-0.35,0.0,-0.55,1.75,-1.57,1017.03024795268,True,False,False,0.5389314581634552,0.49128562211990356,0.873212459828649,0.345661533999961,0.345661533999961,0.527550925828688,0,0,0.6208968758583069,0.497852087020874,False,0.0,,,52,1.0,0.0,62.76,1015.1628348996653,running,0.0,548.0364990234375,0.17117750644683838
148,3,hard_gap_turns,-1.1999304557408106,-0.8499979204380251,2.1638110579028496e-06,random_local_offset,0.8,-0.35,0.0,0.55,1.75,-1.57,1017.2938726061211,True,False,False,0.5454743335928313,0.48765304684638977,0.873212459828649,0.34609849179963237,0.34609849179963237,0.5271139680290167,0,0,0.5985953211784363,0.5040679574012756,False,0.0,,,52,1.0,0.0,62.68,1015.1854796590285,running,0.0,171.57940673828125,0.16954292356967926
149,3,hard_gap_turns,-0.9999314072731794,-0.04999728236311818,2.1773125586552002e-06,random_local_offset,1.0,0.45,0.0,-0.55,-1.75,1.57,1014.3473945034867,True,False,False,0.7604753936209835,0.20426179468631744,1.0965856099730655,0.34889731479585445,0.34889731479585445,0.747688295177211,22,0,0.20426179468631744,0.6905234456062317,False,0.0,,,76,1.0,0.0,63.48,1015.0688788322936,running,0.0,901.6937255859375,0.16839933395385742
150,3,hard_gap_turns,-0.9999322228898837,-0.049997388953740285,2.270349276004589e-06,random_local_offset,1.0,0.45,0.0,-0.55,-1.75,1.57,1006.9912456630901,True,False,False,0.7634760278423738,0.1814291924238205,1.0965856099730653,0.3413417926901143,0.3413417926901143,0.755243817282951,23,0,0.20961470901966095,0.7286499738693237,False,0.0,,,74,1.0,0.0,64.32,1014.6915471132472,running,0.0,271.8352966308594,0.16853922605514526
151,3,hard_gap_turns,-1.1999305001655807,-0.8499979341992594,2.1687409324540807e-06,random_local_offset,0.8,-0.35,0.0,1.65,-0.55,3.14,1016.9173806727424,True,False,False,0.5541587298629769,0.4800596833229065,0.8732124598286489,0.34771311305543035,0.34771311305543035,0.5254993467732185,0,0,0.5954087972640991,0.4800596833229065,False,0.0,,,56,1.0,0.0,64.36,1014.6995294815023,running,0.0,215.02857971191406,0.16957813501358032
152,3,hard_gap_turns,-0.9999302281802332,-0.9499974723248635,2.185365136463522e-06,random_local_offset,1.0,-0.45,0.0,1.65,-0.55,3.14,1020.788077300058,True,False,False,0.7700718046735313,0.288882851600647,1.0965856099730653,0.34686391376934483,0.34686391376934483,0.7497216962037205,14,0,0.5952168107032776,0.288882851600647,False,0.0,,,75,1.0,0.0,65.12,1014.8645779332636,running,-478.8686218261719,243.2870330810547,0.16989131271839142
153,3,hard_gap_turns,-1.1999319792522514,-0.14999790363419746,2.1942244658065264e-06,random_local_offset,0.8,0.35,0.0,-0.55,-1.75,1.57,1016.6546621159836,True,False,False,0.5723016685527705,0.38663193583488464,0.8732124598286491,0.3439014504481945,0.3439014504481945,0.5293110093804547,6,0,0.7730520963668823,0.3884914219379425,False,0.0,,,57,1.0,0.0,65.2,1014.8630108815398,running,0.0,112.671142578125,0.17158478498458862
154,3,hard_gap_turns,-1.1999296676525475,-0.8499977084001213,2.5967000036053903e-06,random_local_offset,0.8,-0.35,0.0,1.65,-0.55,3.14,1017.4028739926648,True,False,False,0.5485089659537763,0.48747825622558594,0.873212459828649,0.34360562882210205,0.34360562882210205,0.5296068310065469,0,0,0.6286681890487671,0.48747825622558594,False,0.0,,,54,1.0,0.0,64.36,1014.7113250125316,running,0.0,187.06817626953125,0.17303088307380676
155,3,hard_gap_turns,-0.9999302615344767,-0.949997527581699,2.1334805948716876e-06,random_local_offset,1.0,-0.45,0.0,1.65,-0.55,3.14,1021.2287400122887,True,False,False,0.7800714666490334,0.2663307189941406,1.0965856099730655,0.34116877737922413,0.34116877737922413,0.7554168325938414,18,0,0.6176561713218689,0.2663307189941406,False,0.0,,,78,1.0,0.0,65.24,1014.883986837044,running,0.0,110.57257843017578,0.1761751025915146
156,3,hard_gap_turns,-0.9999322068443014,-0.04999750053817398,2.164760476091443e-06,random_local_offset,1.0,0.45,0.0,0.55,-1.75,1.57,1007.9190102798348,True,False,False,0.7637740123567178,0.20878510177135468,1.0965856099730653,0.3444556495598683,0.3444556495598683,0.752129960413197,24,0,0.20878510177135468,0.7021320462226868,False,0.0,,,77,1.0,0.0,66.16,1014.5139375979306,running,-466.0027770996094,191.80343627929688,0.17672111093997955
157,3,hard_gap_turns,-1.1999304650229738,-0.8499979469945331,2.1490296390236984e-06,random_local_offset,0.8,-0.35,0.0,0.55,1.75,-1.57,1016.8995672260261,True,False,False,0.5463750612879723,0.4912366271018982,0.8732124598286493,0.34761958049225455,0.34761958049225455,0.5255928793363946,0,0,0.6018924713134766,0.4912366271018982,False,0.0,,,54,1.0,0.0,65.24,1014.3448801928839,running,-465.8520812988281,590.440185546875,0.17620229721069336
158,3,hard_gap_turns,-0.9999322309934268,-0.04999740053488866,2.2597013377030113e-06,random_local_offset,1.0,0.45,0.0,1.65,0.55,3.14,1007.3460620126451,True,False,False,0.7640311191099018,0.20081263780593872,1.0965856099730653,0.3441602140201366,0.3441602140201366,0.7524253959529288,23,0,0.2164439558982849,0.7119507789611816,False,0.0,,,76,1.0,0.0,65.32,1014.667773169641,running,-502.0167236328125,384.3283386230469,0.1752272993326187
159,3,hard_gap_turns,-1.1999312651781873,-0.14999785983252129,2.3280657081803235e-06,random_local_offset,0.8,0.35,0.0,1.65,0.55,3.14,1016.707913378516,True,False,False,0.5979129788151956,0.35665786266326904,0.8732124598286489,0.3462627268468248,0.3462627268468248,0.5269497329818241,8,0,0.9186323881149292,0.35665786266326904,False,0.0,,,59,1.0,0.0,65.52,1014.6661394141456,running,0.0,290.2700500488281,0.17315217852592468
160,3,hard_gap_turns,-1.3605190860857634,-1.124807443679569,-1.009521536405022,random_local_offset,0.8,0.35,0.0,0.55,-1.75,1.57,967.1436025297312,True,False,False,0.6048665140671451,0.12213820964097977,0.873212459828649,0.3473494861598502,0.3473494861598502,0.5258629736687989,19,0,0.14265476167201996,0.12853237986564636,False,0.0,,,57,1.0,0.0,64.76,1013.3433716396336,running,-503.3467102050781,516.0347290039062,0.16985654830932617
161,3,hard_gap_turns,-0.9999346943758309,-0.9499974213175663,2.1851529020911686e-06,random_local_offset,1.0,-0.45,0.0,1.65,-0.55,3.14,1019.4795557440872,True,False,False,0.7925939873299395,0.3054060935974121,1.0965856099730655,0.3499118250124001,0.3499118250124001,0.7466737849606655,19,0,0.5722286105155945,0.3054060935974121,False,0.0,,,75,1.0,0.0,65.56,1013.4330965525719,running,0.0,122.62248992919922,0.16781648993492126
162,3,hard_gap_turns,-1.1999304251451641,-0.849997891422452,2.2049060622692045e-06,random_local_offset,0.8,-0.35,0.0,1.65,-0.55,3.14,1016.7834739386184,True,False,False,0.5475772897373612,0.4616357088088989,0.873212459828649,0.34929782736377574,0.34929782736377574,0.5239146324648734,0,0,0.6045013070106506,0.4616357088088989,False,0.0,,,54,1.0,0.0,64.64,1013.2240629500167,running,0.0,503.19976806640625,0.16892486810684204
163,3,hard_gap_turns,-1.199930435258093,-0.8499979070239956,2.1982079865229305e-06,random_local_offset,0.8,-0.35,0.0,-0.55,1.75,-1.57,1017.4300797251799,True,False,False,0.5522146464003801,0.4826297461986542,0.8732124598286489,0.34476732824716677,0.34476732824716677,0.5284451315814822,0,0,0.6062428951263428,0.4826297461986542,False,0.0,,,55,1.0,0.0,63.76,1013.078906877879,running,-450.2533874511719,328.3099060058594,0.16951264441013336
164,3,hard_gap_turns,-1.1999304181285029,-0.8499978817157404,2.222147789549975e-06,random_local_offset,0.8,-0.35,0.0,0.55,-1.75,1.57,1017.8038989099281,True,False,False,0.5485195642918503,0.4637262523174286,0.8732124598286491,0.3417877267055478,0.3417877267055478,0.5314247331231013,0,0,0.6132330298423767,0.4637262523174286,False,0.0,,,56,1.0,0.0,62.96,1013.5163705753846,running,-477.7095947265625,1116.11279296875,0.16985942423343658
165,3,hard_gap_turns,-1.1999305990114872,-0.1499979988580033,2.277539888608255e-06,random_local_offset,0.8,0.35,0.0,0.55,1.75,-1.57,1017.0242846828495,True,False,False,0.5779443891774548,0.3810008764266968,0.8732124598286489,0.3460804256667117,0.3460804256667117,0.5271320341619372,8,0,0.8580560684204102,0.3810008764266968,False,0.0,,,58,1.0,0.0,63.04,1013.5102365545911,running,-464.05938720703125,394.5179138183594,0.1693272888660431
166,3,hard_gap_turns,-0.9999321926176483,-0.04999743897378123,2.223364142926506e-06,random_local_offset,1.0,0.45,0.0,1.65,0.55,3.14,1007.9728588048741,True,False,False,0.7590873755956131,0.19029682874679565,1.0965856099730653,0.34375863177042437,0.34375863177042437,0.7528269782026409,22,0,0.21518921852111816,0.7163916826248169,False,0.0,,,73,1.0,0.0,63.68,1013.1339086993929,running,0.0,135.24752807617188,0.16886214911937714
167,3,hard_gap_turns,-1.1999341848038156,-0.1499979224817034,2.3351156049496554e-06,random_local_offset,0.8,0.35,0.0,-0.55,-1.75,1.57,1016.8592930328048,True,False,False,0.5662496857957539,0.37416911125183105,0.873212459828649,0.34592155647394707,0.34592155647394707,0.527290903354702,4,0,0.9233729243278503,0.37416911125183105,False,0.0,,,55,1.0,0.0,63.56,1013.1452206567105,running,-474.3083190917969,118.8055419921875,0.16917432844638824
168,3,hard_gap_turns,-0.999930196127511,-0.9499974415384589,2.2197835476544876e-06,random_local_offset,1.0,-0.45,0.0,1.65,0.55,3.14,1021.263521685946,True,False,False,0.7592423076892176,0.2776077091693878,1.0965856099730655,0.3499303205363907,0.3499303205363907,0.7466552894366748,15,0,0.6122070550918579,0.2776077091693878,False,0.0,,,76,1.0,0.0,64.32,1013.3154986769493,running,-436.1863708496094,1793.1474609375,0.1693633794784546
169,3,hard_gap_turns,-1.1999304742973533,-0.8499979304850174,2.167294321996193e-06,random_local_offset,0.8,-0.35,0.0,1.65,-0.55,3.14,1016.6862442437772,True,False,False,0.5444924647803722,0.4842822253704071,0.8732124598286489,0.3499770286985104,0.3499770286985104,0.5232354311301386,0,0,0.5900442004203796,0.4842822253704071,False,0.0,,,53,1.0,0.0,63.36,1013.5891054172287,running,0.0,329.48175048828125,0.17231403291225433
170,3,hard_gap_turns,-1.1999304152998052,-0.8499978626322473,2.247481102195963e-06,random_local_offset,0.8,-0.35,0.0,1.65,0.55,3.14,1017.2143739965046,True,False,False,0.5455157410024893,0.478120356798172,0.8732124598286491,0.344044830043558,0.344044830043558,0.5291676297850911,0,0,0.5945183634757996,0.478120356798172,False,0.0,,,53,1.0,0.0,63.24,1013.5801527671912,running,-454.59930419921875,189.9144287109375,0.17480364441871643
171,3,hard_gap_turns,-1.1999319767397785,-0.14999787167343964,2.2425208199175187e-06,random_local_offset,0.8,0.35,0.0,0.55,1.75,-1.57,1017.3094175720723,True,False,False,0.5657345962717709,0.38233259320259094,0.8732124598286491,0.342092125490821,0.342092125490821,0.5311203343378281,5,0,0.9186041951179504,0.38233259320259094,False,0.0,,,54,1.0,0.0,62.36,1014.0199061033003,running,-476.5440979003906,300.82281494140625,0.1749495267868042
172,3,hard_gap_turns,-0.9999377505099287,-0.049997482883223365,2.3869387668014704e-06,random_local_offset,1.0,0.45,0.0,1.65,0.55,3.14,1007.7126812281633,True,False,False,0.7584244665542352,0.20546212792396545,1.0965856099730655,0.3498121909278764,0.3498121909278764,0.7467734190451891,24,0,0.23268716037273407,0.7029753923416138,False,0.0,,,76,1.0,0.0,63.32,1013.6472034343196,running,-466.003662109375,163.87721252441406,0.17408053576946259
173,3,hard_gap_turns,-1.1999304422680293,-0.8499978880038828,2.2283542955523697e-06,random_local_offset,0.8,-0.35,0.0,0.55,-1.75,1.57,1017.1247399597322,True,False,False,0.5625424374625982,0.4845758378505707,0.873212459828649,0.34274261425434255,0.34274261425434255,0.5304698455743064,0,0,0.5918218493461609,0.4845758378505707,False,0.0,,,57,1.0,0.0,63.52,1013.640438128464,running,0.0,160.48086547851562,0.17265458405017853
174,3,hard_gap_turns,-1.199930470178142,-0.849997903604924,2.188865374328829e-06,random_local_offset,0.8,-0.35,0.0,-0.55,1.75,-1.57,1017.2483398588978,True,False,False,0.5452633612957704,0.48522716760635376,0.8732124598286489,0.3497924643895781,0.3497924643895781,0.5234199954390708,0,0,0.5959179997444153,0.49288663268089294,False,0.0,,,53,1.0,0.0,62.6,1013.7564759426806,running,-469.7967834472656,295.11297607421875,0.1706867516040802
175,3,hard_gap_turns,-1.1999304508746025,-0.849997931267761,2.163278681943667e-06,random_local_offset,0.8,-0.35,0.0,0.55,-1.75,1.57,1016.4240191229742,True,False,False,0.5835003557647288,0.4795687794685364,0.8732124598286491,0.3431972145657898,0.3431972145657898,0.5300152452628594,0,0,0.529262125492096,0.4795687794685364,False,0.0,,,58,1.0,0.0,61.96,1014.1337868810759,running,-509.86480712890625,147.00238037109375,0.17326265573501587
176,3,hard_gap_turns,-1.199934149036614,-0.1499979010109886,2.36331608025395e-06,random_local_offset,0.8,0.35,0.0,1.65,-0.55,3.14,1018.3646030107163,True,False,False,0.5348213864308184,0.40332579612731934,0.873212459828649,0.3454349806455425,0.3454349806455425,0.5277774791831065,1,0,0.5156261324882507,0.43896082043647766,False,0.0,,,54,1.0,0.0,61.88,1014.191675774595,running,-536.8799438476562,184.2242889404297,0.1699802130460739
177,3,hard_gap_turns,-0.9999321839677168,-0.04999750585892815,2.1576468812281424e-06,random_local_offset,1.0,0.45,0.0,-0.55,-1.75,1.57,1000.358963765375,True,False,False,0.7565582972371416,0.2030840665102005,1.0965856099730655,0.34917045801710683,0.34917045801710683,0.7474151519559586,22,0,0.21053986251354218,0.7303090691566467,False,0.0,,,78,1.0,0.0,62.0,1013.3745112332075,running,-495.84600830078125,268.3985595703125,0.17169523239135742
178,3,hard_gap_turns,-1.199932077794412,-0.1499978551381117,2.194872609440593e-06,random_local_offset,0.8,0.35,0.0,-0.55,1.75,-1.57,1016.3064120249476,True,False,False,0.5910432640284806,0.35890117287635803,0.8732124598286489,0.3451792797328962,0.3451792797328962,0.5280331800957527,5,0,0.9241129159927368,0.35890117287635803,False,0.0,,,58,1.0,0.0,62.04,1013.3605812295662,running,-507.6116027832031,96.44346618652344,0.17449195683002472
179,3,hard_gap_turns,-0.9999302111287346,-0.949997433290514,2.2333647461433704e-06,random_local_offset,1.0,-0.45,0.0,0.55,1.75,-1.57,1021.6220137887648,True,False,False,0.7672306238864636,0.2550238072872162,1.0965856099730655,0.34476673434493693,0.34476673434493693,0.7518188756281285,16,0,0.6099004745483398,0.2550238072872162,False,0.0,,,77,1.0,0.0,62.96,1013.5293468214102,running,0.0,305.44635009765625,0.17620398104190826
180,3,hard_gap_turns,-0.9999322199683077,-0.04999746812495642,2.1931828654574084e-06,random_local_offset,1.0,0.45,0.0,1.65,-0.55,3.14,1010.7850562898044,True,False,False,0.7635203860596133,0.20659585297107697,1.0965856099730653,0.3468019681108647,0.3468019681108647,0.7497836418622006,21,0,0.22007165849208832,0.6776265501976013,False,0.0,,,77,1.0,0.0,62.92,1013.1115994725109,running,-469.2362060546875,162.80657958984375,0.17896343767642975
181,3,hard_gap_turns,-1.1999319816924408,-0.14999787697435757,2.2393499033557045e-06,random_local_offset,0.8,0.35,0.0,1.65,-0.55,3.14,1016.2150342002063,True,False,False,0.5794407713042558,0.3806264102458954,0.8732124598286489,0.3490221698635301,0.3490221698635301,0.5241902899651188,6,0,0.8837763071060181,0.3806264102458954,False,0.0,,,57,1.0,0.0,62.12,1013.4434404293257,running,0.0,208.73504638671875,0.18090751767158508
182,3,hard_gap_turns,-0.9999303601321291,-0.9499974827157429,2.123339024718893e-06,random_local_offset,1.0,-0.45,0.0,0.55,1.75,-1.57,1020.6701825362995,True,False,False,0.7886213890681216,0.28812649846076965,1.0965856099730655,0.3438559647060668,0.3438559647060668,0.7527296452669987,17,0,0.5821138620376587,0.28812649846076965,False,0.0,,,77,1.0,0.0,63.04,1013.5942650417367,running,-457.4486389160156,105.58131408691406,0.18237146735191345
183,3,hard_gap_turns,-0.9999478604632613,-0.049997475821955295,2.1126587442872585e-06,random_local_offset,1.0,0.45,0.0,-0.55,1.75,-1.57,1007.6073040741834,True,False,False,0.7651654521561566,0.19932399690151215,1.0965856099730655,0.3444845716750425,0.3444845716750425,0.7521010382980231,24,0,0.2409789264202118,0.6817368268966675,False,0.0,,,79,1.0,0.0,63.16,1013.6047147241982,running,0.0,206.83509826660156,0.18321269750595093
184,3,hard_gap_turns,-0.9999321925486404,-0.04999750722640117,2.161574890233972e-06,random_local_offset,1.0,0.45,0.0,1.65,0.55,3.14,1004.3242378491086,True,False,False,0.7681605025421926,0.2063872069120407,1.0965856099730653,0.34216778863289427,0.34216778863289427,0.7544178213401711,24,0,0.23198673129081726,0.6930283904075623,False,0.0,,,78,1.0,0.0,63.92,1013.1093677030218,running,0.0,86.28510284423828,0.18605226278305054
185,3,hard_gap_turns,-0.9999321117141932,-0.04999711762046466,2.5930891354787653e-06,random_local_offset,1.0,0.45,0.0,1.65,-0.55,3.14,1007.8171434132681,True,False,False,0.7649789728639144,0.18385227024555206,1.0965856099730653,0.340934595637377,0.340934595637377,0.7556510143356883,23,0,0.20138229429721832,0.6925590634346008,False,0.0,,,81,1.0,0.0,64.88,1014.7363093383633,running,-482.7177734375,199.7884521484375,0.19009141623973846
186,3,hard_gap_turns,-1.1999305962330833,-0.8499979427530755,2.0931779664670006e-06,random_local_offset,0.8,-0.35,0.0,0.55,1.75,-1.57,1017.1240577670918,True,False,False,0.5433957393557485,0.4804583489894867,0.8732124598286489,0.3472035361065795,0.3472035361065795,0.5260089237220694,0,0,0.6012825965881348,0.4815243184566498,False,0.0,,,54,1.0,0.0,64.04,1014.6420894192835,running,-459.43682861328125,169.95468139648438,0.18934226036071777
187,3,hard_gap_turns,-1.1999308236551898,-0.14999784508011899,2.1855134051784287e-06,random_local_offset,0.8,0.35,0.0,1.65,-0.55,3.14,1016.7227626394547,True,False,False,0.5813430552593766,0.38226616382598877,0.8732124598286489,0.3488207748258014,0.3488207748258014,0.5243916850028475,5,0,0.9256316423416138,0.38226616382598877,False,0.0,,,59,1.0,0.0,64.24,1014.6396609673169,running,0.0,244.2701416015625,0.1902458667755127
188,3,hard_gap_turns,-1.199936624932257,-0.1499978365673046,2.291875238977075e-06,random_local_offset,0.8,0.35,0.0,0.55,1.75,-1.57,1016.3395691585621,True,False,False,0.5849751870174158,0.36757275462150574,0.873212459828649,0.349799155533945,0.349799155533945,0.523413304294704,7,0,0.8928546905517578,0.36757275462150574,False,0.0,,,60,1.0,0.0,64.44,1014.596040544652,running,0.0,113.76570892333984,0.1914527416229248
189,3,hard_gap_turns,-1.1999319949773428,-0.14999784982740527,2.2708370349904032e-06,random_local_offset,0.8,0.35,0.0,-0.55,-1.75,1.57,1016.4243977974904,True,False,False,0.5909350101390379,0.3679256737232208,0.8732124598286489,0.3437315077088038,0.3437315077088038,0.5294809521198451,7,0,0.9222678542137146,0.37897586822509766,False,0.0,,,58,1.0,0.0,64.52,1014.5408605001546,running,0.0,163.21807861328125,0.19331255555152893
190,3,hard_gap_turns,-0.9999299916436876,-0.9499974984302166,2.491289653870679e-06,random_local_offset,1.0,-0.45,0.0,1.65,0.55,3.14,1021.682874596384,True,False,False,0.7769036051780944,0.25399261713027954,1.0965856099730653,0.34394095572348526,0.34394095572348526,0.75264465424958,20,0,0.6291795969009399,0.25399261713027954,False,0.0,,,78,1.0,0.0,65.32,1014.7272040966959,running,0.0,161.091796875,0.1961522102355957
191,3,hard_gap_turns,-0.9999307762424797,-0.9499975434836225,2.3500727255185428e-06,random_local_offset,1.0,-0.45,0.0,1.65,-0.55,3.14,1021.5934825278906,True,False,False,0.763415530854086,0.25674936175346375,1.0965856099730653,0.3464534603430922,0.3464534603430922,0.7501321496299731,17,0,0.6340968012809753,0.25674936175346375,False,0.0,,,77,1.0,0.0,65.48,1015.2720290456167,running,-496.9613952636719,117.02057647705078,0.1958337426185608
192,3,hard_gap_turns,-1.1999304168802467,-0.8499978793212671,2.235826489889292e-06,random_local_offset,0.8,-0.35,0.0,-0.55,1.75,-1.57,1017.7465221243176,True,False,False,0.5351285059701861,0.46798205375671387,0.873212459828649,0.3486182836347334,0.3486182836347334,0.5245941761939157,0,0,0.6403520107269287,0.46798205375671387,False,0.0,,,54,1.0,0.0,65.44,1015.3075182092772,running,-511.0834655761719,108.19113159179688,0.1964550018310547
193,3,hard_gap_turns,-1.1999319993628648,-0.14999783242205045,2.2823039636148174e-06,random_local_offset,0.8,0.35,0.0,0.55,1.75,-1.57,1017.026713015868,True,False,False,0.5555252376624109,0.3863949477672577,0.8732124598286491,0.3473058905148965,0.3473058905148965,0.5259065693137526,3,0,0.773684561252594,0.3963397443294525,False,0.0,,,56,1.0,0.0,64.64,1015.1380458624741,running,-484.0328063964844,84.87933349609375,0.19608817994594574
194,3,hard_gap_turns,-0.9999347428586152,-0.9499974824446773,2.1560947531677484e-06,random_local_offset,1.0,-0.45,0.0,-0.55,1.75,-1.57,1021.8532929474036,True,False,False,0.7671962659777856,0.26344770193099976,1.0965856099730655,0.34011715287866134,0.34011715287866134,0.7564684570944042,17,0,0.6129241585731506,0.26344770193099976,False,0.0,,,76,1.0,0.0,65.56,1015.3447278106191,running,-479.11676025390625,145.4672393798828,0.1965395212173462
195,3,hard_gap_turns,-3.3572109394525165,0.8950998430334545,2.712044004671944,random_local_offset,1.0,-0.45,0.0,1.65,0.55,3.14,-957.2326358268192,False,False,True,2.7121714982314113,0.12102363258600235,1.0965856099730653,0.9656392389462227,0.8899897990947565,0.1309463710268426,241,190,0.12140674144029617,0.12104853242635727,True,0.04,,,250,0.96,0.0,73.44,936.3668474176862,running,-475.74078369140625,144.6817169189453,0.19474120438098907
196,3,hard_gap_turns,-0.9999320802136986,-0.0499975534219948,2.295285796934389e-06,random_local_offset,1.0,0.45,0.0,1.65,0.55,3.14,1007.0457700076279,True,False,False,0.7573800920190034,0.19560641050338745,1.0965856099730655,0.349702201081007,0.349702201081007,0.7468834088920585,24,0,0.23789344727993011,0.7099419236183167,False,0.04,,,76,0.96,0.0,74.32,935.9563015151085,running,-472.2552490234375,191.4590606689453,0.1933792531490326
197,3,hard_gap_turns,-0.9999331066247276,-0.049997369591899155,2.3484804767229167e-06,random_local_offset,1.0,0.45,0.0,1.65,0.55,3.14,1006.968537259843,True,False,False,0.7664964430870718,0.20630459487438202,1.0965856099730653,0.3493683698575887,0.3493683698575887,0.7472172401154766,24,0,0.22941038012504578,0.711552619934082,False,0.04,,,78,0.96,0.0,74.4,935.9265357563756,running,-477.58734130859375,94.58177185058594,0.19342204928398132
198,3,hard_gap_turns,-0.9999302573110493,-0.9499974894800596,2.1672671361305724e-06,random_local_offset,1.0,-0.45,0.0,-0.55,-1.75,1.57,1022.1925953188212,True,False,False,0.7544572450028809,0.2732912600040436,1.0965856099730653,0.3490752575601115,0.3490752575601115,0.7475103524129538,18,0,0.6464806199073792,0.2732912600040436,False,0.04,,,77,0.96,0.0,75.2,936.1292499707394,running,0.0,416.5199279785156,0.19366343319416046
199,3,hard_gap_turns,-1.1999304747611128,-0.8499979173907048,2.182377168358476e-06,random_local_offset,0.8,-0.35,0.0,-0.55,-1.75,1.57,1017.4342216588582,True,False,False,0.5409853691420259,0.4705101251602173,0.873212459828649,0.3458403751085804,0.3458403751085804,0.5273720847200687,0,0,0.6093065738677979,0.4705101251602173,False,0.04,,,54,0.96,0.0,75.24,936.1366852427378,running,0.0,543.6051025390625,0.19298967719078064
200,3,hard_gap_turns,-1.1999341579624874,-0.14999796312057373,2.285937660173114e-06,random_local_offset,0.8,0.35,0.0,-0.55,1.75,-1.57,1017.6299939037533,True,False,False,0.5605776892393148,0.38350170850753784,0.8732124598286489,0.3424430118238697,0.3424430118238697,0.5307694480047792,4,0,0.8124187588691711,0.38350170850753784,False,0.04,,,56,0.96,0.0,75.16,936.1849242339689,running,0.0,168.53775024414062,0.19271673262119293
201,3,hard_gap_turns,-0.9999300258941227,-0.9499975226162838,2.2887586188985436e-06,random_local_offset,1.0,-0.45,0.0,1.65,0.55,3.14,1021.7675596372068,True,False,False,0.765791905245434,0.2789165675640106,1.0965856099730653,0.3412416460625133,0.3412416460625133,0.755343963910552,17,0,0.6170688271522522,0.2789165675640106,False,0.04,,,75,0.96,0.0,76.0,936.3210424990285,running,-514.1680297851562,56.464576721191406,0.1906772404909134
202,3,hard_gap_turns,-1.1999341672444697,-0.14999792081025848,2.340326966955673e-06,random_local_offset,0.8,0.35,0.0,1.65,-0.55,3.14,1016.9766329168885,True,False,False,0.5500830425511987,0.39043989777565,0.8732124598286489,0.3479471002476015,0.3479471002476015,0.5252653595810475,2,0,0.927403450012207,0.3934154212474823,False,0.04,,,55,0.96,0.0,75.08,936.9857492650892,running,0.0,103.35995483398438,0.1890811175107956
203,3,hard_gap_turns,-1.199931560149643,-0.849997978803909,2.6121847932409482e-06,random_local_offset,0.8,-0.35,0.0,-0.55,1.75,-1.57,1017.7367875564323,True,False,False,0.5405326009386816,0.47455692291259766,0.8732124598286491,0.34464915388049766,0.34464915388049766,0.5285633059481515,0,0,0.6298821568489075,0.47455692291259766,False,0.04,,,54,0.96,0.0,74.92,937.0429642863485,running,0.0,125.91841125488281,0.18814024329185486
204,3,hard_gap_turns,-1.1999304148958518,-0.8499978831135231,2.222062382437364e-06,random_local_offset,0.8,-0.35,0.0,-0.55,-1.75,1.57,1017.2817638346063,True,False,False,0.5459801885912863,0.47907382249832153,0.8732124598286489,0.3433703753378939,0.3433703753378939,0.529842084490755,0,0,0.6128097772598267,0.486211359500885,False,0.04,,,53,0.96,0.0,73.96,936.8693542881821,running,-468.6787109375,277.3319396972656,0.18594776093959808
205,3,hard_gap_turns,-0.9999371121255689,-0.04999742466337248,2.284336795404746e-06,random_local_offset,1.0,0.45,0.0,0.55,-1.75,1.57,999.5928248639052,True,False,False,0.7659787622233739,0.21178996562957764,1.0965856099730653,0.343086364576535,0.343086364576535,0.7534992453965303,24,3,0.26123684644699097,0.2564251720905304,True,0.08,,,74,0.96,0.0,73.84,936.4216650311463,running,-517.5047607421875,679.2830810546875,0.18584482371807098
206,3,hard_gap_turns,-1.1999341794720026,-0.1499979327091725,2.3248328713306873e-06,random_local_offset,0.8,0.35,0.0,0.55,1.75,-1.57,1017.6667730264954,True,False,False,0.5877672658868411,0.36299625039100647,0.8732124598286489,0.34520019317889866,0.34520019317889866,0.5280122666497502,9,0,0.9150208830833435,0.36299625039100647,False,0.08,,,59,0.96,0.0,73.92,936.4797345841979,running,0.0,456.17181396484375,0.1853952556848526
207,3,hard_gap_turns,-1.1999304619405107,-0.8499979354611932,2.149078090412714e-06,random_local_offset,0.8,-0.35,0.0,0.55,-1.75,1.57,1017.1684349896125,True,False,False,0.5598628624803038,0.47788238525390625,0.8732124598286491,0.34162994646989536,0.34162994646989536,0.5315825133587537,0,0,0.5851619839668274,0.47788238525390625,False,0.08,,,56,0.96,0.0,73.08,936.3396646823302,running,0.0,98.24517822265625,0.18579283356666565
208,3,hard_gap_turns,-1.200020923711605,-0.8500585450407632,-2.7602985587588916e-05,random_local_offset,0.8,-0.35,0.0,1.65,0.55,3.14,1017.0104442318625,True,False,False,0.541776845750147,0.48779305815696716,0.8732124598286491,0.34839215990008376,0.34839215990008376,0.5248202999285654,0,0,0.6259099245071411,0.4971298277378082,False,0.08,,,55,0.96,0.0,72.12,936.7157902886373,running,-494.276611328125,205.49497985839844,0.18643267452716827
209,3,hard_gap_turns,-0.9999302424912088,-0.9499974988011206,2.1676496680651965e-06,random_local_offset,1.0,-0.45,0.0,1.65,0.55,3.14,1021.272338145113,True,False,False,0.7768473295205017,0.2728757858276367,1.0965856099730653,0.3419774946566189,0.3419774946566189,0.7546081153164463,18,0,0.6027138233184814,0.2728757858276367,False,0.08,,,78,0.96,0.0,72.12,937.3937143004778,running,-480.1358337402344,151.83506774902344,0.18445171415805817
210,3,hard_gap_turns,-0.999931465142894,-0.049997414689737396,2.2886456157380634e-06,random_local_offset,1.0,0.45,0.0,-0.55,1.75,-1.57,1003.9624614434281,True,False,False,0.7732988245971306,0.19457244873046875,1.0965856099730655,0.3412224287257388,0.3412224287257388,0.7553631812473267,23,4,0.2677198648452759,0.24842730164527893,True,0.12,,,76,0.96,0.0,71.92,937.2395270216842,running,-469.24725341796875,125.08932495117188,0.18405954539775848
211,3,hard_gap_turns,-1.1999296252583365,-0.8499979300404352,2.4392371975827417e-06,random_local_offset,0.8,-0.35,0.0,0.55,-1.75,1.57,1017.4027263615454,True,False,False,0.5496203364681163,0.48709815740585327,0.8732124598286491,0.3425683335779083,0.3425683335779083,0.5306441262507409,0,0,0.600753128528595,0.48709815740585327,False,0.12,,,54,0.96,0.0,71.92,937.2506737654622,running,-508.33929443359375,83.223388671875,0.18396155536174774
212,3,hard_gap_turns,-0.9999321929158739,-0.04999743139211227,2.2281531375077245e-06,random_local_offset,1.0,0.45,0.0,-0.55,1.75,-1.57,1006.4143047397824,True,False,False,0.773338226929226,0.19546812772750854,1.0965856099730653,0.3447631693408773,0.3447631693408773,0.7518224406321881,23,3,0.3354053199291229,0.2011082023382187,True,0.16,,,76,0.96,0.0,72.6,936.8383354494752,running,-495.5292053222656,94.2828140258789,0.18482470512390137
213,3,hard_gap_turns,-0.9999322003879175,-0.04999743866484763,2.2130862262176267e-06,random_local_offset,1.0,0.45,0.0,0.55,-1.75,1.57,1008.8641259040104,True,False,False,0.7648760044672034,0.20337726175785065,1.0965856099730655,0.3490353014564447,0.3490353014564447,0.7475503085166209,22,3,0.27590951323509216,0.32176515460014343,True,0.2,,,75,0.96,0.0,73.2,936.5393177192931,running,0.0,117.0218505859375,0.18463952839374542
214,3,hard_gap_turns,-1.1999319686173218,-0.1499978768825243,2.233199044895362e-06,random_local_offset,0.8,0.35,0.0,-0.55,-1.75,1.57,1017.1330264260732,True,False,False,0.5597538790213878,0.38241609930992126,0.8732124598286491,0.34619355553388187,0.34619355553388187,0.5270189042947673,4,0,0.8814998269081116,0.38241609930992126,False,0.2,,,55,0.96,0.0,73.08,936.5676628644363,running,-494.3597717285156,32.396949768066406,0.1850574016571045
215,3,hard_gap_turns,-0.9999302376369382,-0.9499974746898879,2.191335021271725e-06,random_local_offset,1.0,-0.45,0.0,0.55,1.75,-1.57,1022.0860462659112,True,False,False,0.7616993435123418,0.25818777084350586,1.0965856099730653,0.3448525427697893,0.3448525427697893,0.751733067203276,17,0,0.6343526244163513,0.25818777084350586,False,0.2,,,76,0.96,0.0,73.0,936.5837897312174,running,-486.9277038574219,143.0023651123047,0.183171808719635
216,3,hard_gap_turns,-0.999932190347298,-0.04999746802107813,2.196742260443828e-06,random_local_offset,1.0,0.45,0.0,-0.55,1.75,-1.57,1010.8170250010269,True,False,False,0.7655939200297124,0.21962903439998627,1.0965856099730655,0.3457404495917958,0.3457404495917958,0.7508451603812698,22,0,0.223078191280365,0.6666009426116943,False,0.2,,,79,0.96,0.0,73.08,936.1527314301429,running,0.0,129.9473419189453,0.18610048294067383
217,3,hard_gap_turns,-0.9999322325213206,-0.04999736816430933,2.2891954470349856e-06,random_local_offset,1.0,0.45,0.0,0.55,-1.75,1.57,1007.313780566368,True,False,False,0.7643759332927362,0.21573945879936218,1.0965856099730653,0.3458463479019209,0.3458463479019209,0.7507392620711444,23,0,0.21785138547420502,0.6802219152450562,False,0.2,,,76,0.96,0.0,73.96,935.7354217678248,running,0.0,75.38836669921875,0.18786153197288513
218,3,hard_gap_turns,-1.1999319808242808,-0.1499979372974769,2.1585258650797785e-06,random_local_offset,0.8,0.35,0.0,-0.55,-1.75,1.57,1016.9950764939059,True,False,False,0.5422020434727342,0.40711504220962524,0.873212459828649,0.3494164250463044,0.3494164250463044,0.5237960347823447,3,0,0.7703748941421509,0.5523194670677185,False,0.2,,,54,0.96,0.0,73.88,935.7341563069464,running,0.0,75.34336853027344,0.18454645574092865
219,3,hard_gap_turns,-1.1999319878207457,-0.1499979229344695,2.1656124202703363e-06,random_local_offset,0.8,0.35,0.0,0.55,-1.75,1.57,1018.5020706013314,True,False,False,0.5364008674907691,0.4147108197212219,0.8732124598286493,0.34242729316147724,0.34242729316147724,0.530785166667172,3,0,0.6047986149787903,0.7599102854728699,False,0.2,,,54,0.96,0.0,73.0,935.6001074131035,running,0.0,254.10385131835938,0.18316443264484406
220,3,hard_gap_turns,-1.1999319734915812,-0.1499979352822624,2.163189083485997e-06,random_local_offset,0.8,0.35,0.0,0.55,1.75,-1.57,1017.0212396253598,True,False,False,0.5480734508748683,0.4020531475543976,0.8732124598286489,0.34808068972415906,0.34808068972415906,0.5251317701044899,3,0,0.9166345000267029,0.40987715125083923,False,0.16,,,55,1.0,0.0,65.2,1014.5702624311906,running,-472.5689392089844,189.4595489501953,0.1834384948015213
221,3,hard_gap_turns,-1.199932002921663,-0.149997838464779,2.276550882978519e-06,random_local_offset,0.8,0.35,0.0,-0.55,1.75,-1.57,1017.0770399747169,True,False,False,0.5427622341619954,0.4032953977584839,0.8732124598286489,0.3485214707193515,0.3485214707193515,0.5246909891092975,3,0,0.43988916277885437,0.5680457353591919,False,0.16,,,57,1.0,0.0,64.44,1014.9715132298743,running,0.0,85.81897735595703,0.18377532064914703
222,3,hard_gap_turns,-1.1999304372141935,-0.8499978777356264,2.233673324309752e-06,random_local_offset,0.8,-0.35,0.0,0.55,1.75,-1.57,1017.9314555251688,True,False,False,0.5342305680095758,0.47591790556907654,0.873212459828649,0.34707225519190676,0.34707225519190676,0.5261402046367423,0,0,0.6256316304206848,0.476315438747406,False,0.16,,,53,1.0,0.0,63.44,1015.4100299604875,running,-494.6231384277344,96.69065856933594,0.1856137216091156
223,3,hard_gap_turns,-0.9999322005378264,-0.049997506613250586,2.156863329075841e-06,random_local_offset,1.0,0.45,0.0,0.55,-1.75,1.57,1007.1736829563916,True,False,False,0.7692641122177015,0.20500467717647552,1.0965856099730653,0.34615505452863865,0.34615505452863865,0.7504305554444266,22,0,0.24188892543315887,0.6729691624641418,False,0.16,,,76,1.0,0.0,63.4,1014.8092734659901,running,-453.89337158203125,40.190025329589844,0.1844879686832428
224,3,hard_gap_turns,-0.999930172474698,-0.9499973771368628,2.280014549383451e-06,random_local_offset,1.0,-0.45,0.0,1.65,-0.55,3.14,1022.6984307891835,True,False,False,0.7600157933797285,0.252712219953537,1.0965856099730655,0.34210237389748316,0.34210237389748316,0.7544832360755824,17,0,0.636564314365387,0.252712219953537,False,0.16,,,76,1.0,0.0,64.28,1015.0198418312033,running,-522.9021606445312,73.27798461914062,0.18248124420642853
225,3,hard_gap_turns,-1.199930405718407,-0.8499978396605243,2.2778113106223373e-06,random_local_offset,0.8,-0.35,0.0,1.65,0.55,3.14,1016.9171668768176,True,False,False,0.5412337748832858,0.4891531765460968,0.8732124598286489,0.3490061917225004,0.3490061917225004,0.5242062681061486,0,0,0.6047619581222534,0.49171918630599976,False,0.16,,,54,1.0,0.0,64.2,1014.9913287501258,running,-470.4729309082031,61.534202575683594,0.18176202476024628
226,3,hard_gap_turns,-0.9999303457859542,-0.9499974510443292,2.16158432182784e-06,random_local_offset,1.0,-0.45,0.0,-0.55,-1.75,1.57,1022.5572041533392,True,False,False,0.7618175337778338,0.25234267115592957,1.0965856099730653,0.3418263846080802,0.3418263846080802,0.7547592253649851,18,0,0.6263957619667053,0.25234267115592957,False,0.16,,,76,1.0,0.0,64.24,1015.0229145307711,running,-491.8188781738281,36.659767150878906,0.17949244379997253
227,3,hard_gap_turns,-0.999932376714826,-0.9499974531329801,2.34841766228943e-06,random_local_offset,1.0,-0.45,0.0,0.55,1.75,-1.57,1022.2962516972226,True,False,False,0.7569561739331814,0.2802993953227997,1.0965856099730653,0.34565849479280436,0.34565849479280436,0.750927115180261,17,0,0.6285755634307861,0.2802993953227997,False,0.16,,,75,1.0,0.0,65.04,1015.2356992819842,running,0.0,99.89781188964844,0.1798255890607834
228,3,hard_gap_turns,-1.1999304590574649,-0.8499979391423793,2.158812542750721e-06,random_local_offset,0.8,-0.35,0.0,0.55,1.75,-1.57,1017.668875234021,True,False,False,0.5325585409337386,0.4804344177246094,0.8732124598286491,0.3476434077761889,0.3476434077761889,0.5255690520524603,0,0,0.6181128025054932,0.4804344177246094,False,0.16,,,52,1.0,0.0,64.96,1015.2329827890878,running,0.0,126.84429931640625,0.18087509274482727
229,3,hard_gap_turns,-1.2232253233069772,-0.09970089958182476,0.062095341833822926,random_local_offset,0.8,0.35,0.0,-0.55,-1.75,1.57,1016.7399194609446,True,False,False,0.5482984502691645,0.39344191551208496,0.8732124598286493,0.3481352063642342,0.3481352063642342,0.525077253464415,3,0,0.9276047348976135,0.3935813307762146,False,0.16,,,56,1.0,0.0,65.08,1015.2113090141414,running,0.0,147.99986267089844,0.18064813315868378
230,3,hard_gap_turns,-1.1999297518086127,-0.8499980661656081,2.427135933508599e-06,random_local_offset,0.8,-0.35,0.0,-0.55,1.75,-1.57,1017.6523097603657,True,False,False,0.5347056785393487,0.4870139956474304,0.8732124598286491,0.3470770598984514,0.3470770598984514,0.5261353999301978,0,0,0.6302557587623596,0.4911493957042694,False,0.12,,,54,1.0,0.0,64.28,1015.9336884099997,running,0.0,185.27633666992188,0.1792931705713272
231,3,hard_gap_turns,-1.1999295391660252,-0.8499978540072264,2.3059840649905515e-06,random_local_offset,0.8,-0.35,0.0,1.65,-0.55,3.14,1017.7926319311232,True,False,False,0.5483056774477566,0.48155713081359863,0.8732124598286493,0.33976225838540713,0.33976225838540713,0.5334502014432421,0,0,0.5853152275085449,0.49921903014183044,False,0.12,,,55,1.0,0.0,64.12,1015.9387227661848,running,-508.174072265625,66.52086639404297,0.17754903435707092
232,3,hard_gap_turns,-0.9999321909061092,-0.049997422655346846,2.2377042632167046e-06,random_local_offset,1.0,0.45,0.0,1.65,0.55,3.14,1003.5496782528267,True,False,False,0.764634127102264,0.19765879213809967,1.0965856099730655,0.3419668738942092,0.3419668738942092,0.7546187360788563,22,0,0.21836920082569122,0.6921393275260925,False,0.12,,,76,1.0,0.0,64.92,1015.3939724967136,running,-492.2689514160156,302.39947509765625,0.1758609414100647
233,3,hard_gap_turns,-1.1999304751299025,-0.8499979117095747,2.1858390765669236e-06,random_local_offset,0.8,-0.35,0.0,1.65,-0.55,3.14,1018.16263180368,True,False,False,0.5347534620398033,0.48036691546440125,0.8732124598286491,0.3452506169601832,0.3452506169601832,0.5279618428684659,0,0,0.6298390626907349,0.48036691546440125,False,0.12,,,54,1.0,0.0,64.88,1015.4400599995862,running,-504.4305419921875,78.59458923339844,0.17727787792682648
234,3,hard_gap_turns,-0.9999287398884635,-0.9499973331048552,2.3841172223414468e-06,random_local_offset,1.0,-0.45,0.0,1.65,-0.55,3.14,1022.325474181079,True,False,False,0.7595040426134685,0.2644589841365814,1.0965856099730653,0.34455161937543727,0.34455161937543727,0.7520339905976281,18,0,0.6473836898803711,0.2644589841365814,False,0.12,,,76,1.0,0.0,64.8,1015.4821854410247,running,-437.6764831542969,113.65057373046875,0.1812347173690796
235,3,hard_gap_turns,-0.9999301848150897,-0.9499974210466765,2.2470258780850395e-06,random_local_offset,1.0,-0.45,0.0,0.55,-1.75,1.57,1022.3051384931478,True,False,False,0.766190064917473,0.2705901265144348,1.0965856099730655,0.33835825108639594,0.33835825108639594,0.7582273588866696,17,0,0.6276879906654358,0.2705901265144348,False,0.08,,,75,1.0,0.0,64.76,1016.2158925230137,running,0.0,79.4563217163086,0.18216553330421448
236,3,hard_gap_turns,-1.1999351657908377,-0.1500034031749956,9.676300229992423e-07,random_local_offset,0.8,0.35,0.0,1.65,0.55,3.14,1018.1976988494378,True,False,False,0.5338980070576826,0.4171920418739319,0.873212459828649,0.34383875757025667,0.34383875757025667,0.5293737022583924,1,0,0.45220398902893066,0.7288370728492737,False,0.08,,,52,1.0,0.0,64.68,1016.2476914225293,running,0.0,73.9435806274414,0.18359053134918213
237,3,hard_gap_turns,-1.1999319686710817,-0.14999794775860248,2.1412748441157377e-06,random_local_offset,0.8,0.35,0.0,0.55,-1.75,1.57,1017.586193147619,True,False,False,0.5319011241868945,0.41821977496147156,0.8732124598286489,0.3473988239710752,0.3473988239710752,0.5258136358575738,1,0,0.41821977496147156,0.7365988492965698,False,0.04,,,52,1.0,0.0,63.72,1016.6945669588428,running,0.0,125.75288391113281,0.18476243317127228
238,3,hard_gap_turns,-0.9999301845225852,-0.9499973888979278,2.2626161266517516e-06,random_local_offset,1.0,-0.45,0.0,0.55,1.75,-1.57,1022.2419421104624,True,False,False,0.7568715960526184,0.24903371930122375,1.0965856099730653,0.3440574165988107,0.3440574165988107,0.7525281933742547,17,0,0.6601067781448364,0.24903371930122375,False,0.0,,,74,1.0,0.0,63.68,1017.2296796071009,running,0.0,120.6533203125,0.1868264377117157
239,3,hard_gap_turns,-0.999932233362578,-0.04999739155058319,2.2665444376078143e-06,random_local_offset,1.0,0.45,0.0,-0.55,-1.75,1.57,1007.6623143739881,True,False,False,0.7654691163358662,0.19598618149757385,1.0965856099730655,0.3423134443383014,0.3423134443383014,0.7542721656347642,24,0,0.2381083220243454,0.6974581480026245,False,0.0,,,76,1.0,0.0,64.52,1016.8508511250178,running,0.0,158.6670379638672,0.18698272109031677
240,3,hard_gap_turns,-0.9999323003868597,-0.9499974707488921,2.3199635134539774e-06,random_local_offset,1.0,-0.45,0.0,-0.55,1.75,-1.57,1022.126895318179,True,False,False,0.7549522018717714,0.2600115239620209,1.0965856099730655,0.34755926834348994,0.34755926834348994,0.7490263416295756,16,0,0.6472022533416748,0.2600115239620209,False,0.0,,,75,1.0,0.0,64.48,1016.8524850871082,running,-454.03277587890625,229.99423217773438,0.1842707097530365
241,3,hard_gap_turns,-0.9999322617379595,-0.04999739486342114,2.2750289077690265e-06,random_local_offset,1.0,0.45,0.0,1.65,0.55,3.14,1002.0969813613638,True,False,False,0.7655917198908452,0.19433893263339996,1.0965856099730653,0.34379307632608974,0.34379307632608974,0.7527925336469756,24,1,0.23202702403068542,0.32240912318229675,False,0.0,,,76,1.0,0.0,64.36,1016.5036833415219,running,-483.5657043457031,89.16073608398438,0.18047671020030975
242,3,hard_gap_turns,-0.9999322071796296,-0.04999742806190072,2.234552247535359e-06,random_local_offset,1.0,0.45,0.0,0.55,1.75,-1.57,1007.8523675924982,True,False,False,0.7689424656400655,0.21298637986183167,1.0965856099730655,0.3406965917847544,0.3406965917847544,0.7558890181883111,24,0,0.2283177524805069,0.6852831840515137,False,0.0,,,75,1.0,0.0,64.32,1016.5252268225669,running,0.0,91.37259674072266,0.18036141991615295
243,3,hard_gap_turns,-1.1999294349291636,-0.8499978085372586,2.313363555697834e-06,random_local_offset,0.8,-0.35,0.0,-0.55,-1.75,1.57,1017.1759023366726,True,False,False,0.5496463025268644,0.48404040932655334,0.873212459828649,0.3424065201650598,0.3424065201650598,0.5308059396635892,0,0,0.5889306664466858,0.5001577734947205,False,0.0,,,54,1.0,0.0,64.32,1016.5324598562776,running,0.0,102.06257629394531,0.1819082498550415
244,3,hard_gap_turns,-0.9999322187083074,-0.0499974635031587,2.195524226208983e-06,random_local_offset,1.0,0.45,0.0,0.55,-1.75,1.57,1004.345631099837,True,False,False,0.7590004863764892,0.20313729345798492,1.0965856099730655,0.34726580211828856,0.34726580211828856,0.7493198078547769,24,0,0.24343731999397278,0.69886714220047,False,0.0,,,75,1.0,0.0,65.16,1015.9662022762178,running,-482.5317687988281,67.96500396728516,0.18203255534172058
245,3,hard_gap_turns,-1.1999319666149106,-0.1499978786999343,2.2285197638642787e-06,random_local_offset,0.8,0.35,0.0,-0.55,-1.75,1.57,1018.6537661046559,True,False,False,0.535812595158426,0.398247629404068,0.8732124598286493,0.3408269474325315,0.3408269474325315,0.5323855123961178,2,0,0.43358084559440613,0.7418242692947388,False,0.0,,,52,1.0,0.0,65.04,1016.0315033353897,running,-471.9292297363281,66.12448120117188,0.18263950943946838
246,3,hard_gap_turns,-1.1999325492051731,-0.8499979609334642,2.287079172284672e-06,random_local_offset,0.8,-0.35,0.0,-0.55,1.75,-1.57,1017.9066482805245,True,False,False,0.5284676465060065,0.48681360483169556,0.873212459828649,0.3489436362036925,0.3489436362036925,0.5242688236249565,0,0,0.6359218955039978,0.5085440278053284,False,0.0,,,52,1.0,0.0,64.84,1016.064687667622,running,-495.0730895996094,35.19490051269531,0.18284949660301208
247,3,hard_gap_turns,-0.999933314762557,-0.9499982989906255,1.6700440961360208e-06,random_local_offset,1.0,-0.45,0.0,1.65,-0.55,3.14,1022.3562790742525,True,False,False,0.754546121056193,0.26492711901664734,1.0965856099730655,0.3470909784101176,0.3470909784101176,0.7494946315629479,17,0,0.6449741125106812,0.26492711901664734,False,0.0,,,75,1.0,0.0,65.72,1016.2416806095852,running,0.0,120.23712158203125,0.18399059772491455
248,3,hard_gap_turns,-1.199932005718062,-0.1499978268444177,2.292254638540442e-06,random_local_offset,0.8,0.35,0.0,-0.55,-1.75,1.57,1018.337906700701,True,False,False,0.5346034946778334,0.41091927886009216,0.873212459828649,0.3444450094767791,0.3444450094767791,0.52876745035187,1,0,0.43541789054870605,0.7192655205726624,False,0.0,,,55,1.0,0.0,64.88,1016.6882495593577,running,-487.1590576171875,82.15847778320312,0.18451590836048126
249,3,hard_gap_turns,-1.1999304111499904,-0.8499978785957663,2.2326524369661017e-06,random_local_offset,0.8,-0.35,0.0,-0.55,-1.75,1.57,1018.1221965592691,True,False,False,0.5267034239603169,0.4774515628814697,0.8732124598286489,0.3499688616783667,0.3499688616783667,0.5232435981502822,0,0,0.6613258123397827,0.49452677369117737,False,0.0,,,52,1.0,0.0,63.92,1016.5052001901611,running,-482.7016906738281,83.5472412109375,0.18546245992183685
250,3,hard_gap_turns,-0.9999302606345103,-0.949997516347969,2.1392036995503014e-06,random_local_offset,1.0,-0.45,0.0,-0.55,-1.75,1.57,1022.5119902416063,True,False,False,0.7548572636826206,0.26471444964408875,1.0965856099730655,0.347733583262562,0.347733583262562,0.7488520267105035,18,0,0.6385488510131836,0.26471444964408875,False,0.0,,,76,1.0,0.0,64.8,1016.7289931247526,running,-493.2642517089844,73.00094604492188,0.1826266199350357
251,3,hard_gap_turns,-1.1999320435817136,-0.14999788802311653,2.1456509195189076e-06,random_local_offset,0.8,0.35,0.0,-0.55,-1.75,1.57,1018.6016770815817,True,False,False,0.5360515901252632,0.41003912687301636,0.873212459828649,0.3406135911953219,0.3406135911953219,0.5325988686333272,1,0,0.42466166615486145,0.7482088208198547,False,0.0,,,53,1.0,0.0,63.88,1016.5707720418823,running,0.0,81.67643737792969,0.1826188862323761
252,3,hard_gap_turns,-0.9999294163129799,-0.949997443318961,2.4373995577036368e-06,random_local_offset,1.0,-0.45,0.0,1.65,-0.55,3.14,1022.2807252382606,True,False,False,0.7600153179211412,0.2646609842777252,1.0965856099730653,0.3425083314846731,0.3425083314846731,0.7540772784883922,17,0,0.6434615850448608,0.2698328197002411,False,0.0,,,75,1.0,0.0,63.88,1016.570150983524,running,-537.4508666992188,72.90447235107422,0.18204298615455627
253,3,hard_gap_turns,-1.1999319721231276,-0.14999794208485412,2.149823331510371e-06,random_local_offset,0.8,0.35,0.0,1.65,-0.55,3.14,1018.7565056141284,True,False,False,0.5342548677524421,0.40187686681747437,0.8732124598286493,0.3417858193403069,0.3417858193403069,0.5314266404883423,3,0,0.44409388303756714,0.7425799369812012,False,0.0,,,53,1.0,0.0,63.92,1016.6136561987282,running,0.0,75.08392333984375,0.1802542507648468
254,3,hard_gap_turns,-0.9999302322984126,-0.9499974417424949,2.209392861124882e-06,random_local_offset,1.0,-0.45,0.0,0.55,-1.75,1.57,1022.059674340046,True,False,False,0.7556367697002732,0.2687169909477234,1.0965856099730655,0.3465544899032383,0.3465544899032383,0.7500311200698273,18,0,0.6430343985557556,0.2687169909477234,False,0.0,,,74,1.0,0.0,64.64,1016.8264463938923,running,0.0,158.4414520263672,0.1780288815498352
255,3,hard_gap_turns,-1.1999304004439437,-0.8499978298212714,2.2863552802476744e-06,random_local_offset,0.8,-0.35,0.0,0.55,1.75,-1.57,1018.0214239012275,True,False,False,0.5348396012382489,0.4848078191280365,0.873212459828649,0.3443811078985432,0.3443811078985432,0.5288313519301058,0,0,0.6200823187828064,0.49286141991615295,False,0.0,,,50,1.0,0.0,64.48,1016.8412109595268,running,0.0,97.59680938720703,0.1789190173149109
256,3,hard_gap_turns,-1.199937878671982,-0.8499979200744779,2.156597781364545e-06,random_local_offset,0.8,-0.35,0.0,0.55,-1.75,1.57,1017.868042563273,True,False,False,0.5434250735371449,0.47404050827026367,0.873212459828649,0.34169043815785327,0.34169043815785327,0.5315220216707958,0,0,0.6160852313041687,0.47404050827026367,False,0.0,,,54,1.0,0.0,64.44,1016.8442273848128,running,0.0,66.66058349609375,0.17852185666561127
257,3,hard_gap_turns,-0.9999302590226938,-0.9499975054269356,2.15753990736444e-06,random_local_offset,1.0,-0.45,0.0,0.55,1.75,-1.57,1022.8364515678355,True,False,False,0.7638219725649599,0.257368803024292,1.0965856099730655,0.3377183331273082,0.3377183331273082,0.7588672768457574,18,0,0.6456830501556396,0.257368803024292,False,0.0,,,78,1.0,0.0,64.52,1017.6156983174129,running,0.0,143.3894805908203,0.17948442697525024
258,3,hard_gap_turns,-1.1999304708058627,-0.8499979346405591,2.161435216602274e-06,random_local_offset,0.8,-0.35,0.0,-0.55,1.75,-1.57,1018.5634619617358,True,False,False,0.5298002137086633,0.47620338201522827,0.8732124598286491,0.3469473529575818,0.3469473529575818,0.5262651068710673,0,0,0.652823269367218,0.47620338201522827,False,0.0,,,55,1.0,0.0,64.56,1017.6317315237352,running,-485.0912170410156,65.46977233886719,0.1814376413822174
259,3,hard_gap_turns,-1.199929376791248,-0.8499982571500991,2.632827609357997e-06,random_local_offset,0.8,-0.35,0.0,0.55,-1.75,1.57,1018.176187066106,True,False,False,0.5293794184361196,0.4707677662372589,0.873212459828649,0.3486605572868066,0.3486605572868066,0.5245519025418424,0,0,0.6556271910667419,0.4707677662372589,False,0.0,,,55,1.0,0.0,63.72,1017.4657600391365,running,0.0,76.66510009765625,0.18037761747837067
260,3,hard_gap_turns,-1.1999313391326685,-0.14999793162870567,2.4451412895880436e-06,random_local_offset,0.8,0.35,0.0,0.55,1.75,-1.57,1018.2453998632049,True,False,False,0.5321365416724266,0.42154690623283386,0.8732124598286489,0.34640781988905905,0.34640781988905905,0.5268046399395898,0,0,0.44955432415008545,0.7405231595039368,False,0.0,,,54,1.0,0.0,62.88,1017.3033704939386,running,0.0,90.80948638916016,0.18006059527397156
261,3,hard_gap_turns,-1.1999304722298227,-0.8499979230768979,2.173730844280588e-06,random_local_offset,0.8,-0.35,0.0,-0.55,1.75,-1.57,1018.3791325459422,True,False,False,0.5324639116050573,0.48423710465431213,0.873212459828649,0.3460317130343801,0.3460317130343801,0.527180746794269,0,0,0.6383963227272034,0.48423710465431213,False,0.0,,,54,1.0,0.0,62.96,1017.3106278417988,running,0.0,32.225975036621094,0.17886483669281006
262,3,hard_gap_turns,-0.9999321952671635,-0.04999742360212989,2.2396225789153526e-06,random_local_offset,1.0,0.45,0.0,-0.55,1.75,-1.57,1004.6187261933876,True,False,False,0.7631242070536657,0.2132057100534439,1.0965856099730653,0.34326298637276953,0.34326298637276953,0.7533226236002958,23,0,0.21362446248531342,0.6902782320976257,False,0.0,,,77,1.0,0.0,63.96,1016.7919291636297,running,-555.6640014648438,203.89553833007812,0.17316409945487976
263,3,hard_gap_turns,-0.9999322076634521,-0.04999745769518965,2.1942247180793003e-06,random_local_offset,1.0,0.45,0.0,1.65,-0.55,3.14,1011.4732189014559,True,False,False,0.7691077708973256,0.20265622437000275,1.0965856099730655,0.34125329189946996,0.34125329189946996,0.7553323180735956,24,0,0.20759062469005585,0.6784076690673828,False,0.0,,,76,1.0,0.0,64.04,1016.3611802352694,running,-524.7320556640625,214.0702362060547,0.16941703855991364
264,3,hard_gap_turns,-0.9999322155971356,-0.04999746810601796,2.198170732383303e-06,random_local_offset,1.0,0.45,0.0,0.55,-1.75,1.57,1003.9625097751039,True,False,False,0.7649348689895092,0.1922718584537506,1.0965856099730655,0.3399143813698578,0.3399143813698578,0.7566712286032078,22,0,0.2229764610528946,0.7098870873451233,False,0.0,,,76,1.0,0.0,64.04,1016.2131880513142,running,-500.7451171875,81.557861328125,0.16902239620685577
265,3,hard_gap_turns,-1.199931969072793,-0.14999787874499632,2.231062764451133e-06,random_local_offset,0.8,0.35,0.0,0.55,1.75,-1.57,1016.8519010739058,True,False,False,0.5467131169269405,0.39873865246772766,0.873212459828649,0.3482145029512818,0.3482145029512818,0.5249979568773673,4,0,0.9009027481079102,0.41865235567092896,False,0.0,,,55,1.0,0.0,63.24,1016.0021882815433,running,0.0,114.04020690917969,0.1673680692911148
266,3,hard_gap_turns,-1.1999312754411438,-0.14999803494259517,2.665587339514488e-06,random_local_offset,0.8,0.35,0.0,-0.55,-1.75,1.57,1017.6392593139036,True,False,False,0.555042679310267,0.38329753279685974,0.873212459828649,0.34022752735509054,0.34022752735509054,0.5329849324735585,4,0,0.9243887662887573,0.46595677733421326,False,0.0,,,57,1.0,0.0,62.48,1016.6238793996448,running,-488.0305480957031,104.41825103759766,0.16721254587173462
267,3,hard_gap_turns,-1.1999319761677254,-0.14999794829558677,2.1442709730951934e-06,random_local_offset,0.8,0.35,0.0,1.65,0.55,3.14,1017.9660450610704,True,False,False,0.5307993715439261,0.4137738049030304,0.8732124598286491,0.3490118703459366,0.3490118703459366,0.5242005894827125,2,0,0.6252838969230652,0.7595860958099365,False,0.0,,,54,1.0,0.0,61.64,1017.0284264983877,running,-481.7162780761719,114.52550506591797,0.16659507155418396
268,3,hard_gap_turns,-1.199931992288002,-0.14999790791764178,2.1968283748394745e-06,random_local_offset,0.8,0.35,0.0,1.65,-0.55,3.14,1018.2249041529352,True,False,False,0.5317189203940634,0.4134657680988312,0.8732124598286489,0.347347818950116,0.347347818950116,0.5258646408785329,1,0,0.45409712195396423,0.7780995965003967,False,0.0,,,53,1.0,0.0,61.6,1017.0703865710383,running,0.0,91.92330932617188,0.16749611496925354
269,3,hard_gap_turns,-0.9999302592007769,-0.9499975211925692,2.137877194642466e-06,random_local_offset,1.0,-0.45,0.0,-0.55,1.75,-1.57,1022.5384671759856,True,False,False,0.757709693679338,0.25137168169021606,1.0965856099730655,0.34415957565082067,0.34415957565082067,0.7524260343222449,18,0,0.6604362726211548,0.25137168169021606,False,0.0,,,77,1.0,0.0,61.68,1017.7981000140842,running,-551.910888671875,58.41143798828125,0.16983644664287567
270,3,hard_gap_turns,-0.9999302327779174,-0.9499974549419345,2.206568811143124e-06,random_local_offset,1.0,-0.45,0.0,0.55,1.75,-1.57,1022.8439135553458,True,False,False,0.7596730932838452,0.26354044675827026,1.0965856099730655,0.34163196818834124,0.34163196818834124,0.7549536417847242,17,0,0.6517083048820496,0.26354044675827026,False,0.0,,,77,1.0,0.0,62.68,1017.9657059121117,running,0.0,84.78642272949219,0.17110222578048706
271,3,hard_gap_turns,-0.9999302420604715,-0.9499974558851263,2.1975957002569106e-06,random_local_offset,1.0,-0.45,0.0,1.65,0.55,3.14,1018.9958431118158,True,False,False,0.7527724677402076,0.24729913473129272,1.0965856099730653,0.34767276590688384,0.34767276590688384,0.7489128440661814,17,0,0.6499052047729492,0.24729913473129272,False,0.0,,,78,1.0,0.0,63.72,1018.0092737053634,running,0.0,132.28240966796875,0.17186754941940308
272,3,hard_gap_turns,-1.1999319916532167,-0.14999784748561013,2.2630465042871165e-06,random_local_offset,0.8,0.35,0.0,-0.55,1.75,-1.57,1018.614423301488,True,False,False,0.5374913501350803,0.40000206232070923,0.873212459828649,0.3403082801300205,0.3403082801300205,0.5329041796986285,1,0,0.4958786368370056,0.7444301247596741,False,0.0,,,54,1.0,0.0,62.88,1017.8595994744528,running,0.0,33.36265563964844,0.17217783629894257
273,3,hard_gap_turns,-1.1999304464615606,-0.8499978847395742,2.218696788831639e-06,random_local_offset,0.8,-0.35,0.0,1.65,-0.55,3.14,1018.631273294215,True,False,False,0.540797620267401,0.4777456521987915,0.873212459828649,0.337717274083493,0.337717274083493,0.535495185745156,0,0,0.6276738047599792,0.48070985078811646,False,0.0,,,54,1.0,0.0,62.84,1017.8713341381933,running,0.0,62.60137176513672,0.17180205881595612
274,3,hard_gap_turns,-1.1999341846945404,-0.14999792752781865,2.3265141357071537e-06,random_local_offset,0.8,0.35,0.0,-0.55,-1.75,1.57,1017.776638438351,True,False,False,0.5394439235697891,0.4091956913471222,0.873212459828649,0.345678695232389,0.345678695232389,0.5275337645962601,2,0,0.7513841986656189,0.5007413625717163,False,0.0,,,55,1.0,0.0,62.96,1017.8575118133565,running,-487.218017578125,28.873931884765625,0.17169897258281708
275,3,hard_gap_turns,-0.9999383717144957,-0.049997503762675255,2.1755872534106664e-06,random_local_offset,1.0,0.45,0.0,-0.55,1.75,-1.57,1004.1223971877259,True,False,False,0.7563370952585683,0.20756301283836365,1.0965856099730655,0.3487943160012764,0.3487943160012764,0.7477912939717891,22,0,0.21964748203754425,0.6957046389579773,False,0.0,,,77,1.0,0.0,63.0,1017.1219280912014,running,0.0,38.03654479980469,0.17387628555297852
276,3,hard_gap_turns,-0.9999302094172735,-0.9499974331954516,2.2345231267549573e-06,random_local_offset,1.0,-0.45,0.0,1.65,0.55,3.14,1022.0845354660134,True,False,False,0.7530535765774069,0.2633729875087738,1.0965856099730655,0.3487503517274869,0.3487503517274869,0.7478352582455786,17,0,0.6593765020370483,0.2633965015411377,False,0.0,,,74,1.0,0.0,63.84,1017.2612424265785,running,0.0,34.0014533996582,0.1733395904302597
277,3,hard_gap_turns,-1.1999304706166252,-0.8499979310398402,2.169615049292526e-06,random_local_offset,0.8,-0.35,0.0,-0.55,-1.75,1.57,1018.1859217733237,True,False,False,0.5304371741170373,0.4745679795742035,0.8732124598286494,0.3477007429767491,0.3477007429767491,0.5255117168519003,0,0,0.6305770874023438,0.4968610405921936,False,0.0,,,53,1.0,0.0,62.96,1017.097450287981,running,-505.3369140625,77.5682373046875,0.1723974496126175
278,3,hard_gap_turns,-1.1999307579897935,-0.14999788361527028,2.379364265987335e-06,random_local_offset,0.8,0.35,0.0,-0.55,1.75,-1.57,1017.7119787333728,True,False,False,0.5317967372961726,0.4290967583656311,0.8732124598286489,0.34892310916945435,0.34892310916945435,0.5242893506591946,0,0,0.47942426800727844,0.7250770926475525,False,0.0,,,53,1.0,0.0,62.96,1017.0556692127508,running,0.0,51.40992736816406,0.17136730253696442
279,3,hard_gap_turns,-1.1999319772133115,-0.1499978898190948,2.2097303111152153e-06,random_local_offset,0.8,0.35,0.0,0.55,-1.75,1.57,1018.5869329899392,True,False,False,0.5360920942718013,0.4155901074409485,0.8732124598286489,0.34209695971405757,0.34209695971405757,0.5311155001145913,2,0,0.6494221687316895,0.730410635471344,False,0.0,,,53,1.0,0.0,62.12,1016.9167595587465,running,-489.7840576171875,245.04383850097656,0.1698043793439865
280,3,hard_gap_turns,-1.199931642534485,-0.1499977520088704,2.4273472124139647e-06,random_local_offset,0.8,0.35,0.0,1.65,0.55,3.14,1018.0492431689065,True,False,False,0.5377513499019315,0.4117099940776825,0.8732124598286491,0.3419574673034716,0.3419574673034716,0.5312549925251775,1,0,0.632036566734314,0.7194420099258423,False,0.0,,,51,1.0,0.0,62.16,1016.9178723294535,running,0.0,129.74383544921875,0.16842392086982727
281,3,hard_gap_turns,-1.1999319681122036,-0.14999792520129868,2.1730505522195228e-06,random_local_offset,0.8,0.35,0.0,1.65,-0.55,3.14,1018.2799597320168,True,False,False,0.5334249403232163,0.40744122862815857,0.873212459828649,0.3449636454958197,0.3449636454958197,0.5282488143328293,1,0,0.5347276926040649,0.7367182374000549,False,0.0,,,51,1.0,0.0,62.04,1016.9343490162033,running,-544.1311645507812,144.9464569091797,0.16611351072788239
282,3,hard_gap_turns,-0.9999344138915872,-0.049997459783240605,2.3307094415099484e-06,random_local_offset,1.0,0.45,0.0,0.55,-1.75,1.57,1005.8371638128102,True,False,False,0.7569948343270978,0.19822834432125092,1.0965856099730655,0.3479992969080195,0.3479992969080195,0.7485863130650461,23,2,0.21854087710380554,0.34672221541404724,False,0.0,,,72,1.0,0.0,61.8,1016.2543775060024,running,-486.9443054199219,144.14854431152344,0.16556723415851593
283,3,hard_gap_turns,-1.1999319959571215,-0.14999790268606927,2.2046906060467196e-06,random_local_offset,0.8,0.35,0.0,1.65,-0.55,3.14,1018.0533076852623,True,False,False,0.5277611555946276,0.41464748978614807,0.8732124598286491,0.3499577231481617,0.3499577231481617,0.5232547366804874,1,0,0.4315359592437744,0.7218879461288452,False,0.0,,,53,1.0,0.0,61.72,1016.2339713349434,running,0.0,59.162452697753906,0.1653696447610855
284,3,hard_gap_turns,-0.9999323164392774,-0.949997495070023,2.29470697993144e-06,random_local_offset,1.0,-0.45,0.0,-0.55,1.75,-1.57,1022.6370083969107,True,False,False,0.7625053061502777,0.22953549027442932,1.0965856099730655,0.33941783056569436,0.33941783056569436,0.7571677794073712,18,0,0.659231424331665,0.22953549027442932,False,0.0,,,75,1.0,0.0,62.52,1016.4124041881757,running,-496.1271057128906,85.88577270507812,0.168664813041687
285,3,hard_gap_turns,-1.1999304026199364,-0.8499978562690792,2.259905652373615e-06,random_local_offset,0.8,-0.35,0.0,0.55,1.75,-1.57,1017.9079874102288,True,False,False,0.5259840887627066,0.476285845041275,0.8732124598286489,0.3495193853688064,0.3495193853688064,0.5236930744598425,0,0,0.6574862599372864,0.5261244177818298,False,0.0,,,53,1.0,0.0,62.48,1016.3989076900566,running,0.0,89.65564727783203,0.17166663706302643
286,3,hard_gap_turns,-0.9999302588193765,-0.9499975206871452,2.1429874938664507e-06,random_local_offset,1.0,-0.45,0.0,-0.55,-1.75,1.57,1022.8614360343008,True,False,False,0.7597893735612402,0.24873638153076172,1.0965856099730653,0.3414778231185243,0.3414778231185243,0.755107786854541,17,0,0.6551702618598938,0.24873638153076172,False,0.0,,,74,1.0,0.0,63.28,1016.5781998295911,running,0.0,84.74961853027344,0.1690487414598465
287,3,hard_gap_turns,-0.9999293192095462,-0.9499976187055496,2.5698595608360935e-06,random_local_offset,1.0,-0.45,0.0,0.55,1.75,-1.57,1022.8746277436513,True,False,False,0.7601246974163267,0.2561888098716736,1.0965856099730655,0.3410214961543064,0.3410214961543064,0.7555641138187592,18,0,0.6521814465522766,0.2608823776245117,False,0.0,,,76,1.0,0.0,63.24,1017.3084358916016,running,0.0,107.77896118164062,0.1686743199825287
288,3,hard_gap_turns,-0.99993221926354,-0.04999741066277086,2.257082562542325e-06,random_local_offset,1.0,0.45,0.0,-0.55,-1.75,1.57,1004.5816993561161,True,False,False,0.7701384578624615,0.18819355964660645,1.0965856099730655,0.33806254461221874,0.33806254461221874,0.7585230653608468,25,0,0.18819355964660645,0.6802406311035156,False,0.0,,,76,1.0,0.0,63.24,1017.0327751097881,running,0.0,97.62909698486328,0.16991519927978516
289,3,hard_gap_turns,-0.9999322130510016,-0.04999741680033093,2.250814343906944e-06,random_local_offset,1.0,0.45,0.0,1.65,0.55,3.14,1010.4634341428782,True,False,False,0.759398982577034,0.2026893049478531,1.0965856099730655,0.3493698707869651,0.3493698707869651,0.7472157391861005,24,0,0.2279045283794403,0.6974510550498962,False,0.0,,,77,1.0,0.0,63.28,1017.2928120844991,running,-527.3884887695312,52.51996994018555,0.17027029395103455
290,3,hard_gap_turns,-1.1999319753081663,-0.1499978574539203,2.247334152634832e-06,random_local_offset,0.8,0.35,0.0,1.65,0.55,3.14,1018.3478335268835,True,False,False,0.5312498463222591,0.4093261957168579,0.8732124598286491,0.34634140362381866,0.34634140362381866,0.5268710562048304,1,0,0.46224135160446167,0.7181554436683655,False,0.0,,,53,1.0,0.0,63.2,1017.3526493826184,running,0.0,70.837646484375,0.16618600487709045
291,3,hard_gap_turns,-0.9999322630079838,-0.04999739748324883,2.2688170914046162e-06,random_local_offset,1.0,0.45,0.0,0.55,1.75,-1.57,1004.1302134004402,True,False,False,0.7687792036751238,0.21236780285835266,1.0965856099730655,0.34532181368278964,0.34532181368278964,0.751263796290276,25,0,0.21236780285835266,0.6848129034042358,False,0.0,,,80,1.0,0.0,64.12,1016.8122875460798,running,0.0,67.49954986572266,0.16208866238594055
292,3,hard_gap_turns,-1.1999319862564706,-0.1499978726594034,2.2367714659303586e-06,random_local_offset,0.8,0.35,0.0,0.55,-1.75,1.57,1017.7274806802777,True,False,False,0.5308035334552799,0.40885138511657715,0.873212459828649,0.3492459242386535,0.3492459242386535,0.5239665355899955,1,0,0.7058327198028564,0.7277317643165588,False,0.0,,,54,1.0,0.0,64.12,1016.802744970848,running,0.0,56.57432556152344,0.16031233966350555
293,3,hard_gap_turns,-0.9999301974212591,-0.9499973932635486,2.25793435571342e-06,random_local_offset,1.0,-0.45,0.0,0.55,-1.75,1.57,1022.6426691198963,True,False,False,0.7583409180747108,0.2598487138748169,1.0965856099730653,0.34245865527386743,0.34245865527386743,0.7541269546991979,16,0,0.6576292514801025,0.26035791635513306,False,0.0,,,75,1.0,0.0,65.0,1016.9794555695265,running,-479.9154357910156,100.78089141845703,0.1573445349931717
294,3,hard_gap_turns,-0.999932234382797,-0.04999736760569068,2.292746206286531e-06,random_local_offset,1.0,0.45,0.0,0.55,-1.75,1.57,1003.5891020568947,True,False,False,0.770003638869241,0.1957480013370514,1.0965856099730655,0.34165978529919544,0.34165978529919544,0.7549258246738701,24,0,0.1957480013370514,0.6677793264389038,False,0.0,,,76,1.0,0.0,64.96,1016.2214809647629,running,-509.5,59.521270751953125,0.15782774984836578
295,3,hard_gap_turns,-1.199930174972018,-0.8499980022223002,2.5290111234202305e-06,random_local_offset,0.8,-0.35,0.0,1.65,0.55,3.14,1018.3503829983001,True,False,False,0.5320780585666073,0.47584956884384155,0.8732124598286491,0.3440661158515849,0.3440661158515849,0.5291463439770643,0,0,0.6517842411994934,0.5219841599464417,False,0.0,,,52,1.0,0.0,63.96,1016.0417397424809,running,-414.7442932128906,60.790016174316406,0.15998752415180206
296,3,hard_gap_turns,-0.9999302539531745,-0.9499974707975067,2.1872503472710567e-06,random_local_offset,1.0,-0.45,0.0,0.55,-1.75,1.57,1022.2152368241489,True,False,False,0.7605682241788829,0.2660497725009918,1.0965856099730653,0.3424228135618502,0.3424228135618502,0.7541627964112151,15,0,0.638112485408783,0.2660497725009918,False,0.0,,,74,1.0,0.0,63.8,1016.1705154909743,running,-484.5052795410156,59.80229187011719,0.16194851696491241
297,3,hard_gap_turns,-0.9999291734113237,-0.9499974711615773,2.4057874987699124e-06,random_local_offset,1.0,-0.45,0.0,-0.55,1.75,-1.57,1022.380464159721,True,False,False,0.7573269748809928,0.2730081081390381,1.0965856099730653,0.3441165545359946,0.3441165545359946,0.7524690554370708,16,0,0.6372862458229065,0.27734553813934326,False,0.0,,,77,1.0,0.0,64.72,1016.3211571253036,running,0.0,57.33006286621094,0.16376426815986633
298,3,hard_gap_turns,-1.1999320066533297,-0.14999783190555904,2.279512985609076e-06,random_local_offset,0.8,0.35,0.0,1.65,0.55,3.14,1017.9099326700274,True,False,False,0.5293385793871312,0.4204356372356415,0.873212459828649,0.34966458983206317,0.34966458983206317,0.5235478699965859,0,0,0.52691650390625,0.7153214812278748,False,0.0,,,52,1.0,0.0,64.64,1016.292303500336,running,0.0,106.39370727539062,0.16361936926841736
299,3,hard_gap_turns,-0.9999321927815928,-0.04999742301765275,2.2336528217670783e-06,random_local_offset,1.0,0.45,0.0,-0.55,1.75,-1.57,1007.8072086662715,True,False,False,0.7611344957107494,0.20749615132808685,1.0965856099730655,0.3442698789391492,0.3442698789391492,0.7523157310339164,23,0,0.22050297260284424,0.699797511100769,False,0.0,,,75,1.0,0.0,65.44,1015.8935263094529,running,-483.6039733886719,53.877685546875,0.16419470310211182
300,3,hard_gap_turns,-1.1999341790762246,-0.14999794138127603,2.305803316580875e-06,random_local_offset,0.8,0.35,0.0,1.65,-0.55,3.14,1018.1168576646478,True,False,False,0.5296410986911527,0.4145534038543701,0.8732124598286493,0.34949759953042087,0.34949759953042087,0.5237148602982284,1,0,0.44204971194267273,0.7071865200996399,False,0.0,,,55,1.0,0.0,64.56,1016.4533047285295,running,0.0,119.01429748535156,0.16558924317359924
301,3,hard_gap_turns,-0.9999302097924057,-0.9499974439338668,2.21478404431124e-06,random_local_offset,1.0,-0.45,0.0,0.55,-1.75,1.57,1021.7879198544373,True,False,False,0.754092221694825,0.27283963561058044,1.0965856099730655,0.34980319199185955,0.34980319199185955,0.7467824179812059,15,0,0.6259859204292297,0.27283963561058044,False,0.0,,,74,1.0,0.0,64.56,1016.4414401040664,running,0.0,39.248687744140625,0.164968803524971
302,3,hard_gap_turns,-1.1999304183041875,-0.8499978753970387,2.239575623292103e-06,random_local_offset,0.8,-0.35,0.0,0.55,-1.75,1.57,1017.5222093525798,True,False,False,0.5305421860483771,0.46556296944618225,0.873212459828649,0.34984136471937854,0.34984136471937854,0.5233710951092705,0,0,0.6238513588905334,0.5575879216194153,False,0.0,,,51,1.0,0.0,64.48,1016.4148916072368,running,-504.9419250488281,101.28530883789062,0.16517215967178345
303,3,hard_gap_turns,-1.199930455078941,-0.8499979148295923,2.1806602772699968e-06,random_local_offset,0.8,-0.35,0.0,0.55,-1.75,1.57,1018.243931439502,True,False,False,0.5312862374555651,0.4737742841243744,0.8732124598286489,0.34724628195714546,0.34724628195714546,0.5259661778715035,0,0,0.6434767246246338,0.4737742841243744,False,0.0,,,52,1.0,0.0,64.44,1016.4361697154818,running,-477.39007568359375,63.12183380126953,0.1644648015499115
304,3,hard_gap_turns,-0.9999301889822317,-0.9499974338675015,2.2261456579660653e-06,random_local_offset,1.0,-0.45,0.0,1.65,0.55,3.14,1019.2246310379401,True,False,False,0.7634365447634137,0.24668800830841064,1.0965856099730653,0.3389883239449678,0.3389883239449678,0.7575972860280975,16,0,0.6449027061462402,0.24668800830841064,False,0.0,,,73,1.0,0.0,65.24,1016.4616776374019,running,0.0,52.652069091796875,0.16036316752433777
305,3,hard_gap_turns,-1.1999319802699049,-0.14999787010293214,2.2343581544805033e-06,random_local_offset,0.8,0.35,0.0,-0.55,-1.75,1.57,1018.8325014691391,True,False,False,0.5363823374232,0.4027600586414337,0.8732124598286489,0.3409614308270816,0.3409614308270816,0.5322510290015674,1,0,0.4033010005950928,0.754774272441864,False,0.0,,,52,1.0,0.0,65.28,1016.4930079694115,running,0.0,65.27433776855469,0.1602018028497696
306,3,hard_gap_turns,-0.9999319618810825,-0.049997539040277206,2.303275187883907e-06,random_local_offset,1.0,0.45,0.0,-0.55,1.75,-1.57,999.5640450244115,True,False,False,0.7753878246105633,0.19867180287837982,1.0965856099730655,0.34443061234943934,0.34443061234943934,0.7521549976236261,24,0,0.19867180287837982,0.6723920106887817,False,0.0,,,77,1.0,0.0,66.32,1015.7443713811072,running,-464.33184814453125,135.57693481445312,0.1627911627292633
307,3,hard_gap_turns,-0.9999321855436859,-0.04999751693041121,2.1402661729439163e-06,random_local_offset,1.0,0.45,0.0,0.55,1.75,-1.57,1009.6786382186614,True,False,False,0.7834403372588757,0.2164786159992218,1.0965856099730655,0.3488822350949565,0.3488822350949565,0.747703374878109,24,0,0.2164786159992218,0.646203339099884,False,0.0,,,79,1.0,0.0,66.6,1015.8980303573412,running,0.0,127.70074462890625,0.16649365425109863
308,3,hard_gap_turns,-1.1999304304837435,-0.8499978811426927,2.2217439693955936e-06,random_local_offset,0.8,-0.35,0.0,0.55,1.75,-1.57,1017.6848738102843,True,False,False,0.5306376775873222,0.4801223576068878,0.873212459828649,0.3494834218481679,0.3494834218481679,0.5237290379804811,0,0,0.6199182868003845,0.4833175241947174,False,0.0,,,54,1.0,0.0,66.64,1015.8832930023422,running,0.0,43.8355827331543,0.16681843996047974
309,3,hard_gap_turns,-0.9999301932827508,-0.9499974148103547,2.2351949222515563e-06,random_local_offset,1.0,-0.45,0.0,1.65,-0.55,3.14,1022.5749697974607,True,False,False,0.7642266100234193,0.25179925560951233,1.0965856099730653,0.3403537879433775,0.3403537879433775,0.7562318220296878,16,0,0.6642529368400574,0.25179925560951233,False,0.0,,,76,1.0,0.0,66.68,1015.8808114583642,running,0.0,69.97103118896484,0.16693732142448425
310,3,hard_gap_turns,-1.1999309098302873,-0.1499980181751545,2.2530071558974493e-06,random_local_offset,0.8,0.35,0.0,0.55,-1.75,1.57,1018.9567658647753,True,False,False,0.5375702750149964,0.4115026593208313,0.873212459828649,0.33985804297089256,0.33985804297089256,0.5333544168577564,3,0,0.5300484299659729,0.7243162393569946,False,0.0,,,53,1.0,0.0,66.68,1015.9227625965459,running,-545.6904907226562,63.59257507324219,0.1677829474210739
311,3,hard_gap_turns,-1.1999304316404644,-0.8499978649901835,2.240490446331887e-06,random_local_offset,0.8,-0.35,0.0,1.65,0.55,3.14,1018.5384905710135,True,False,False,0.5366783490007333,0.4625212252140045,0.873212459828649,0.34067106755028526,0.34067106755028526,0.5325413922783637,0,0,0.6599653959274292,0.4625212252140045,False,0.0,,,52,1.0,0.0,65.8,1015.7498447780146,running,-532.5172119140625,112.5211410522461,0.16787013411521912
312,3,hard_gap_turns,-0.9999377426167547,-0.049997349610514774,2.2201356455365977e-06,random_local_offset,1.0,0.45,0.0,0.55,-1.75,1.57,1010.7244900594848,True,False,False,0.798070843683791,0.20282749831676483,1.0965856099730655,0.34029016387450495,0.34029016387450495,0.7562954460985606,23,0,0.20282749831676483,0.651817262172699,False,0.0,,,80,1.0,0.0,65.96,1015.2638392706478,running,-461.7308349609375,91.48439025878906,0.171272411942482
313,3,hard_gap_turns,-0.9999312911327012,-0.04999718801282943,2.3313913952277875e-06,random_local_offset,1.0,0.45,0.0,1.65,-0.55,3.14,1006.9307545788673,True,False,False,0.7803463841836915,0.19802506268024445,1.0965856099730653,0.33598882450102063,0.33598882450102063,0.7605967854720447,24,0,0.19802506268024445,0.6770082116127014,False,0.0,,,77,1.0,0.0,66.0,1015.3578014795577,running,0.0,483.105712890625,0.1727759689092636
314,3,hard_gap_turns,-1.1999319825511616,-0.1499979363846119,2.164292817621289e-06,random_local_offset,0.8,0.35,0.0,-0.55,1.75,-1.57,1018.4396600861764,True,False,False,0.5335313833093971,0.4076683223247528,0.8732124598286491,0.3447786550360069,0.3447786550360069,0.5284338047926422,2,0,0.7271965146064758,0.7314619421958923,False,0.0,,,54,1.0,0.0,65.08,1015.6768505172897,running,0.0,100.25418853759766,0.171424999833107
315,3,hard_gap_turns,-0.9999405214299608,-0.0499975887159671,2.150220759061456e-06,random_local_offset,1.0,0.45,0.0,1.65,-0.55,3.14,1007.2472238084592,True,False,False,0.763902350383386,0.21421654522418976,1.0965856099730655,0.34699418158414197,0.34699418158414197,0.7495914283889236,23,0,0.21421654522418976,0.6746078729629517,False,0.0,,,78,1.0,0.0,66.08,1015.2328261285527,running,0.0,68.40302276611328,0.17305386066436768
316,3,hard_gap_turns,-0.9999322166869385,-0.04999746449065423,2.2013530191480945e-06,random_local_offset,1.0,0.45,0.0,-0.55,-1.75,1.57,1003.3821902494742,True,False,False,0.7723732891582888,0.2005150467157364,1.0965856099730655,0.34411134004606336,0.34411134004606336,0.7524742699270022,22,0,0.2005150467157364,0.6842564344406128,False,0.0,,,76,1.0,0.0,65.92,1015.2029052025141,running,0.0,64.70822143554688,0.17278063297271729
317,3,hard_gap_turns,-1.1999304207471355,-0.8499978758132402,2.239008615604123e-06,random_local_offset,0.8,-0.35,0.0,1.65,0.55,3.14,1018.4448585276076,True,False,False,0.5306371542945159,0.48220762610435486,0.8732124598286489,0.34652882803744417,0.34652882803744417,0.5266836317912047,0,0,0.6472519636154175,0.49530228972435,False,0.0,,,55,1.0,0.0,65.96,1015.2316003164073,running,-507.51226806640625,61.11126708984375,0.17439797520637512
318,3,hard_gap_turns,-0.9999302365481337,-0.9499974955206498,2.163917337556121e-06,random_local_offset,1.0,-0.45,0.0,-0.55,-1.75,1.57,1022.821688260678,True,False,False,0.7588718452393541,0.26296672224998474,1.0965856099730655,0.34260593213104534,0.34260593213104534,0.7539796778420202,17,0,0.6433750987052917,0.26453498005867004,False,0.0,,,76,1.0,0.0,66.0,1015.2387610820385,running,-489.94647216796875,79.77653503417969,0.1764557808637619
319,3,hard_gap_turns,-0.9999318362758157,-0.04999760779799178,2.6320192626711857e-06,random_local_offset,1.0,0.45,0.0,1.65,0.55,3.14,1000.7219481792372,True,False,False,0.7680162507940299,0.18667936325073242,1.0965856099730653,0.3375986088769124,0.3375986088769124,0.7589870010961529,24,1,0.21905916929244995,0.3108173906803131,False,0.0,,,77,1.0,0.0,66.04,1015.1240749269324,running,0.0,70.58140563964844,0.17742522060871124
320,3,hard_gap_turns,-0.9999322307424688,-0.049997402298415206,2.2628577403026533e-06,random_local_offset,1.0,0.45,0.0,0.55,-1.75,1.57,1006.9113132453057,True,False,False,0.7650300043420704,0.18987643718719482,1.0965856099730655,0.3453689211764417,0.3453689211764417,0.7512166887966238,21,0,0.2362150400876999,0.6875622272491455,False,0.0,,,72,1.0,0.0,66.84,1014.6665121368127,running,0.0,52.12431335449219,0.1762326955795288
321,3,hard_gap_turns,-1.1999341537284418,-0.14999791863686135,2.3400307657479044e-06,random_local_offset,0.8,0.35,0.0,0.55,1.75,-1.57,1018.7551066326688,True,False,False,0.5385531505628885,0.4175109565258026,0.873212459828649,0.33914069385565265,0.33914069385565265,0.5340717659729963,2,0,0.675586998462677,0.7300131320953369,False,0.0,,,52,1.0,0.0,65.96,1014.5281069291536,running,0.0,41.48674774169922,0.17506197094917297
322,3,hard_gap_turns,-1.1999320050727307,-0.14999783727478266,2.2670430715380393e-06,random_local_offset,0.8,0.35,0.0,1.65,0.55,3.14,1019.0645420836669,True,False,False,0.5340693374412084,0.39164769649505615,0.873212459828649,0.3417167399074939,0.3417167399074939,0.5314957199211552,1,0,0.48199284076690674,0.7471673488616943,False,0.0,,,51,1.0,0.0,64.92,1014.3954700461113,running,-511.2327880859375,116.04237365722656,0.17614871263504028
323,3,hard_gap_turns,-1.1999341686109815,-0.14999788796101504,2.3858470261385693e-06,random_local_offset,0.8,0.35,0.0,1.65,0.55,3.14,1018.5459535494107,True,False,False,0.5367187752867428,0.4168078899383545,0.8732124598286489,0.3430558494362088,0.3430558494362088,0.5301566103924401,2,0,0.4551841616630554,0.7040863633155823,False,0.0,,,53,1.0,0.0,64.96,1014.4209108812867,running,0.0,141.33181762695312,0.1764618158340454
324,3,hard_gap_turns,-1.1999341814721391,-0.14999789215379888,2.3795228318880973e-06,random_local_offset,0.8,0.35,0.0,-0.55,1.75,-1.57,1018.5730483537288,True,False,False,0.5323997245072244,0.41297438740730286,0.873212459828649,0.34477258783529807,0.34477258783529807,0.528439871993351,1,0,0.4501608908176422,0.7203751802444458,False,0.0,,,54,1.0,0.0,64.12,1014.851544468785,running,0.0,86.41563415527344,0.17701485753059387
325,3,hard_gap_turns,-0.9999344115374824,-0.04999740903653205,2.387876668440756e-06,random_local_offset,1.0,0.45,0.0,0.55,-1.75,1.57,1004.1665875723336,True,False,False,0.7575965431251891,0.20466098189353943,1.0965856099730655,0.3474006470688332,0.3474006470688332,0.7491849629042323,24,0,0.2119537740945816,0.6985228657722473,False,0.0,,,78,1.0,0.0,65.04,1014.2935336650924,running,0.0,57.687965393066406,0.1773197501897812
326,3,hard_gap_turns,-1.1999659373586908,-0.8499754205261626,9.259383063525345e-06,random_local_offset,0.8,-0.35,0.0,1.65,-0.55,3.14,1018.831979457731,True,False,False,0.534540215399567,0.4793263077735901,0.8732124598286491,0.34253006952862386,0.34253006952862386,0.5306823903000253,0,0,0.6428754329681396,0.507581889629364,False,0.0,,,55,1.0,0.0,64.28,1014.1752960492242,running,-533.0550537109375,89.86802673339844,0.1762470155954361
327,3,hard_gap_turns,-0.9999308740204769,-0.04999736916922071,2.3965806946271107e-06,random_local_offset,1.0,0.45,0.0,1.65,-0.55,3.14,1007.6623482119794,True,False,False,0.7539261396431812,0.20913296937942505,1.0965856099730655,0.34970950919288063,0.34970950919288063,0.746876100780185,21,0,0.2333092838525772,0.6992287635803223,False,0.0,,,73,1.0,0.0,65.16,1013.7809016036002,running,0.0,239.2282257080078,0.1763826459646225
328,3,hard_gap_turns,-0.999932218758941,-0.04999746709021352,2.1953920316035387e-06,random_local_offset,1.0,0.45,0.0,1.65,-0.55,3.14,1008.1130704578096,True,False,False,0.7598469685942857,0.188254252076149,1.0965856099730655,0.34435753838252364,0.34435753838252364,0.7522280715905418,25,0,0.21389909088611603,0.6896101832389832,False,0.0,,,76,1.0,0.0,66.12,1013.3756671643323,running,0.0,42.90609359741211,0.17527683079242706
329,3,hard_gap_turns,-1.199930471328058,-0.8499979338680935,2.149742028683975e-06,random_local_offset,0.8,-0.35,0.0,0.55,-1.75,1.57,1017.579633944972,True,False,False,0.528891951660322,0.4726472795009613,0.8732124598286491,0.34988187284595856,0.34988187284595856,0.5233305869826905,0,0,0.6185933947563171,0.5128229856491089,False,0.0,,,51,1.0,0.0,65.24,1013.3098672806138,running,-486.5516357421875,100.40696716308594,0.17330561578273773
330,3,hard_gap_turns,-0.999931082096094,-0.04999746879359446,2.602316956260847e-06,random_local_offset,1.0,0.45,0.0,-0.55,-1.75,1.57,1004.6886983499859,True,False,False,0.755036581695314,0.2124175727367401,1.0965856099730653,0.348432893103508,0.348432893103508,0.7481527168695573,24,0,0.21604914963245392,0.7013159990310669,False,0.0,,,76,1.0,0.0,66.2,1012.7441151558476,running,-524.1820068359375,113.9005355834961,0.17167863249778748
331,3,hard_gap_turns,-1.1999320672611749,-0.1499978498867579,2.2044260107711398e-06,random_local_offset,0.8,0.35,0.0,0.55,1.75,-1.57,1018.500401159293,True,False,False,0.5299688482464956,0.4151894152164459,0.8732124598286491,0.3461034695345494,0.3461034695345494,0.5271089902940997,2,0,0.4350772202014923,0.7552564144134521,False,0.0,,,53,1.0,0.0,65.24,1013.5015694012426,running,0.0,55.44586181640625,0.1696242094039917
332,3,hard_gap_turns,-1.199931971502339,-0.14999794045545473,2.155139404332498e-06,random_local_offset,0.8,0.35,0.0,0.55,1.75,-1.57,1018.6651707169871,True,False,False,0.5272516874470283,0.4170088768005371,0.8732124598286491,0.3480829028000877,0.3480829028000877,0.5251295570285615,1,0,0.5232645273208618,0.7565322518348694,False,0.0,,,53,1.0,0.0,64.2,1013.8610307011757,running,-533.031982421875,55.91057586669922,0.167580708861351
333,3,hard_gap_turns,-0.9999302359605665,-0.9499974599479847,2.2030478401545533e-06,random_local_offset,1.0,-0.45,0.0,0.55,-1.75,1.57,1022.6343288479908,True,False,False,0.7630175190353929,0.25881344079971313,1.0965856099730655,0.340241252124642,0.340241252124642,0.7563443578484235,16,0,0.6274348497390747,0.28475749492645264,False,0.0,,,75,1.0,0.0,65.04,1014.0590089026839,running,0.0,197.29574584960938,0.16772758960723877
334,3,hard_gap_turns,-0.999929239013074,-0.949997428937136,2.3274194619923988e-06,random_local_offset,1.0,-0.45,0.0,1.65,-0.55,3.14,1021.4543167067457,True,False,False,0.7574142687301811,0.24704214930534363,1.0965856099730655,0.34909655785101573,0.34909655785101573,0.7474890521220499,15,0,0.6253971457481384,0.24704214930534363,False,0.0,,,74,1.0,0.0,64.96,1014.0141827790554,running,0.0,84.06505584716797,0.16880211234092712
335,3,hard_gap_turns,-1.1999320057697431,-0.14999786038545249,2.2432568743940095e-06,random_local_offset,0.8,0.35,0.0,-0.55,1.75,-1.57,1018.6527393514625,True,False,False,0.5370926891995104,0.41207951307296753,0.8732124598286491,0.34085641677075684,0.34085641677075684,0.5323560430578923,1,0,0.6763049960136414,0.7266825437545776,False,0.0,,,54,1.0,0.0,65.0,1014.0020217185229,running,0.0,36.06166458129883,0.17094701528549194
336,3,hard_gap_turns,-0.9999319670130553,-0.04999745591902999,2.3018296848169923e-06,random_local_offset,1.0,0.45,0.0,-0.55,1.75,-1.57,1004.4571066923312,True,False,False,0.7625503154358877,0.1872338354587555,1.0965856099730653,0.34276439805847264,0.34276439805847264,0.7538212119145926,24,0,0.19836272299289703,0.7119698524475098,False,0.0,,,75,1.0,0.0,65.92,1013.4387663633755,running,-529.3655395507812,83.56890869140625,0.17163598537445068
337,3,hard_gap_turns,-0.9999302587405021,-0.9499975063411086,2.149093391251119e-06,random_local_offset,1.0,-0.45,0.0,1.65,0.55,3.14,1021.7194567967007,True,False,False,0.7663299595497389,0.26530981063842773,1.0965856099730655,0.34393591066985035,0.34393591066985035,0.7526496993032152,14,0,0.6010779738426208,0.26530981063842773,False,0.0,,,75,1.0,0.0,65.72,1013.8785650328642,running,0.0,243.36331176757812,0.17189143598079681
338,3,hard_gap_turns,-0.9999322102385436,-0.04999740901678135,2.2582080247032107e-06,random_local_offset,1.0,0.45,0.0,0.55,-1.75,1.57,1003.8005992781968,True,False,False,0.7560619674940289,0.19518312811851501,1.0965856099730655,0.3465939808393193,0.3465939808393193,0.7499916291337463,23,0,0.19518312811851501,0.7227768301963806,False,0.0,,,74,1.0,0.0,65.6,1013.7533588208374,running,0.0,51.50849914550781,0.17159533500671387
339,3,hard_gap_turns,-0.9999302206938978,-0.9499974663647412,2.2004770280731163e-06,random_local_offset,1.0,-0.45,0.0,-0.55,1.75,-1.57,1021.8116604847102,True,False,False,0.7633629891199653,0.2819259762763977,1.0965856099730653,0.34582387970277656,0.34582387970277656,0.7507617302702887,13,0,0.595783531665802,0.2819259762763977,False,0.0,,,74,1.0,0.0,66.4,1013.8882388367788,running,0.0,51.93939971923828,0.17170138657093048
340,3,hard_gap_turns,-1.1999305015617825,-0.8499979315483902,2.1743291103381695e-06,random_local_offset,0.8,-0.35,0.0,-0.55,1.75,-1.57,1017.787590279744,True,False,False,0.5325299798128819,0.4813636839389801,0.873212459828649,0.34826429323147884,0.34826429323147884,0.5249481665971703,0,0,0.6248288750648499,0.49746793508529663,False,0.0,,,53,1.0,0.0,65.4,1014.3098534956301,running,-518.858642578125,27.172666549682617,0.1706152856349945
341,3,hard_gap_turns,-0.9999301958346298,-0.9499974061436949,2.2587352993617143e-06,random_local_offset,1.0,-0.45,0.0,1.65,-0.55,3.14,1019.0070293966754,True,False,False,0.7618460198777328,0.2491357922554016,1.0965856099730653,0.3415768208991975,0.3415768208991975,0.7550087890738678,16,0,0.6464382410049438,0.2491357922554016,False,0.0,,,74,1.0,0.0,65.32,1014.9348470615181,running,-461.196044921875,28.38455581665039,0.16920234262943268
342,3,hard_gap_turns,-0.9999322136920099,-0.04999745547007284,2.2114426893631597e-06,random_local_offset,1.0,0.45,0.0,1.65,-0.55,3.14,1000.4644421633133,True,False,False,0.7593817013897881,0.19181056320667267,1.0965856099730653,0.34574429019946895,0.34574429019946895,0.7508413197735964,24,0,0.21522819995880127,0.7030755877494812,False,0.0,,,75,1.0,0.0,66.12,1014.2156304069463,running,0.0,42.77100372314453,0.16908878087997437
343,3,hard_gap_turns,-0.9999301756600008,-0.9499974036881312,2.2514067070910557e-06,random_local_offset,1.0,-0.45,0.0,0.55,1.75,-1.57,1022.0361259829252,True,False,False,0.7656950983531475,0.27486705780029297,1.0965856099730653,0.342037788363871,0.342037788363871,0.7545478216091943,16,0,0.6046083569526672,0.27486705780029297,False,0.0,,,75,1.0,0.0,66.08,1014.1842079158362,running,-498.3010559082031,53.61425018310547,0.16796477138996124
344,3,hard_gap_turns,-0.9999309659729986,-0.0499974393682765,2.4347477737132434e-06,random_local_offset,1.0,0.45,0.0,0.55,-1.75,1.57,1004.098743212161,True,False,False,0.7544848815218741,0.19459876418113708,1.0965856099730655,0.34813131791976276,0.34813131791976276,0.7484542920533028,21,0,0.22728484869003296,0.7269097566604614,False,0.0,,,74,1.0,0.0,65.96,1014.3192797171532,running,-544.3870239257812,152.3748779296875,0.16936884820461273
345,3,hard_gap_turns,-1.199932501312233,-0.8499978626193236,2.409966932754482e-06,random_local_offset,0.8,-0.35,0.0,0.55,1.75,-1.57,1018.4256290203701,True,False,False,0.5304129779481862,0.4698359966278076,0.8732124598286489,0.34658201546423667,0.34658201546423667,0.5266304443644123,0,0,0.6463502645492554,0.4807508587837219,False,0.0,,,53,1.0,0.0,65.2,1014.7798523481558,running,0.0,74.85256958007812,0.16937395930290222
346,3,hard_gap_turns,-0.9999312468720588,-0.049997536119638086,2.320360305199375e-06,random_local_offset,1.0,0.45,0.0,-0.55,-1.75,1.57,1001.4076980981396,True,False,False,0.7625411109181033,0.17867301404476166,1.0965856099730655,0.341422761764728,0.341422761764728,0.7551628482083375,23,3,0.20972684025764465,0.26342713832855225,True,0.04,,,76,1.0,0.0,66.16,1014.0859560067746,running,0.0,48.66377639770508,0.1680513322353363
347,3,hard_gap_turns,-0.9999303051305115,-0.9499974044288158,2.198244349165233e-06,random_local_offset,1.0,-0.45,0.0,-0.55,1.75,-1.57,1022.6399847805533,True,False,False,0.7611287774791234,0.2594655454158783,1.0965856099730655,0.34275098525365794,0.34275098525365794,0.7538346247194077,18,0,0.6254702210426331,0.2594655454158783,False,0.04,,,77,1.0,0.0,67.2,1014.2289737146499,running,-497.06640625,78.78730773925781,0.16736754775047302
348,3,hard_gap_turns,-0.9999323122854225,-0.9499975023929191,2.2938358459170943e-06,random_local_offset,1.0,-0.45,0.0,0.55,1.75,-1.57,1022.8077980942221,True,False,False,0.761944761290118,0.2509896755218506,1.0965856099730653,0.3404387797754443,0.3404387797754443,0.7561468301976211,16,0,0.6423620581626892,0.26160261034965515,False,0.04,,,74,1.0,0.0,68.04,1014.3994474964425,running,-501.4830017089844,144.83172607421875,0.1679220050573349
349,3,hard_gap_turns,-1.1999304748618584,-0.8499979433546068,2.153473174849162e-06,random_local_offset,0.8,-0.35,0.0,-0.55,-1.75,1.57,1017.4059811139412,True,False,False,0.5342658541137971,0.4867897629737854,0.8732124598286491,0.3470847867524753,0.3470847867524753,0.5261276730761739,0,0,0.6208673119544983,0.4886501431465149,False,0.04,,,51,1.0,0.0,67.92,1014.352764806851,running,0.0,153.91934204101562,0.16667845845222473
350,3,hard_gap_turns,-0.9999301777358156,-0.949997422684759,2.237452490021118e-06,random_local_offset,1.0,-0.45,0.0,0.55,-1.75,1.57,1022.0737169407698,True,False,False,0.7587285268449884,0.25990864634513855,1.0965856099730655,0.34539358164421596,0.34539358164421596,0.7511920283288496,17,0,0.6366590261459351,0.25990864634513855,False,0.04,,,74,1.0,0.0,67.76,1015.0690499815885,running,0.0,55.99794006347656,0.16336728632450104
351,3,hard_gap_turns,-0.9999322794098363,-0.9499974495549781,2.342667720295651e-06,random_local_offset,1.0,-0.45,0.0,0.55,-1.75,1.57,1022.1666939772998,True,False,False,0.764400927228768,0.25486817955970764,1.0965856099730653,0.3397075134402707,0.3397075134402707,0.7568780965327946,15,0,0.6126628518104553,0.25486817955970764,False,0.04,,,76,1.0,0.0,68.6,1015.2024385623711,running,0.0,46.27140808105469,0.1629706174135208
352,3,hard_gap_turns,-0.9999289268736967,-0.9499975820469313,2.5102909175848194e-06,random_local_offset,1.0,-0.45,0.0,0.55,1.75,-1.57,1021.7589885024431,True,False,False,0.753691039120394,0.2774064242839813,1.0965856099730653,0.3499132349742231,0.3499132349742231,0.7466723749988422,14,0,0.6255053877830505,0.28356078267097473,False,0.04,,,74,1.0,0.0,68.64,1015.7663041739897,running,0.0,80.08617401123047,0.16322726011276245
353,3,hard_gap_turns,-1.19993197436518,-0.14999791174805965,2.184854796725416e-06,random_local_offset,0.8,0.35,0.0,-0.55,1.75,-1.57,1017.6610616604721,True,False,False,0.5312500263854326,0.4232398271560669,0.8732124598286491,0.34964962730514393,0.34964962730514393,0.5235628325235052,0,0,0.6868228316307068,0.7408923506736755,False,0.04,,,53,1.0,0.0,67.72,1016.1482238220962,running,-479.30792236328125,107.38958740234375,0.16344304382801056
354,3,hard_gap_turns,-1.199930407095993,-0.8499978294177842,2.2786839828873026e-06,random_local_offset,0.8,-0.35,0.0,0.55,1.75,-1.57,1017.5426330188413,True,False,False,0.5305189145730175,0.4826490879058838,0.873212459828649,0.34933360031939775,0.34933360031939775,0.5238788595092513,0,0,0.6300693154335022,0.48931625485420227,False,0.04,,,50,1.0,0.0,67.68,1016.146743785051,running,-492.353271484375,256.3934326171875,0.16348896920681
355,3,hard_gap_turns,-0.9999288866795895,-0.9499974441784302,2.4320444753356e-06,random_local_offset,1.0,-0.45,0.0,1.65,0.55,3.14,1022.3578898230838,True,False,False,0.758047216613031,0.25826218724250793,1.0965856099730655,0.344607946370038,0.344607946370038,0.7519776636030275,17,0,0.654213011264801,0.25826218724250793,False,0.04,,,76,1.0,0.0,67.68,1016.8535114439749,running,-446.6912841796875,97.43193817138672,0.163288876414299
356,3,hard_gap_turns,-0.999932209353585,-0.04999748380211805,2.183132719049771e-06,random_local_offset,1.0,0.45,0.0,1.65,-0.55,3.14,1007.4233430333973,True,False,False,0.7576268968965415,0.2112412303686142,1.0965856099730655,0.3495332288774132,0.3495332288774132,0.7470523810956523,22,0,0.22223107516765594,0.6928600072860718,False,0.04,,,76,1.0,0.0,68.6,1016.410429118939,running,-516.0007934570312,359.3656005859375,0.16432565450668335
357,3,hard_gap_turns,-1.1999327408368514,-0.1499979312181698,2.259598321961793e-06,random_local_offset,0.8,0.35,0.0,-0.55,1.75,-1.57,1018.2703702041839,True,False,False,0.5365792158085925,0.4175402522087097,0.873212459828649,0.34297944574006917,0.34297944574006917,0.5302330140885798,1,0,0.43041080236434937,0.7123966813087463,False,0.04,,,53,1.0,0.0,68.6,1016.3946370984271,running,0.0,151.69898986816406,0.16376622021198273
358,3,hard_gap_turns,-1.199931998460547,-0.14999790019324744,2.1969140194923775e-06,random_local_offset,0.8,0.35,0.0,1.65,0.55,3.14,1018.2408013361954,True,False,False,0.5354188933687796,0.41781774163246155,0.8732124598286489,0.34251506693734096,0.34251506693734096,0.5306973928913079,2,0,0.4985795319080353,0.7108312249183655,False,0.04,,,52,1.0,0.0,67.68,1016.2188959979553,running,0.0,119.5287857055664,0.16433817148208618
359,3,hard_gap_turns,-0.9999314476725257,-0.04999749618622035,2.401512899753238e-06,random_local_offset,1.0,0.45,0.0,0.55,1.75,-1.57,1001.1012337704365,True,False,False,0.7555231507297326,0.20131263136863708,1.0965856099730655,0.3477935981200795,0.3477935981200795,0.748792011852986,23,0,0.21484783291816711,0.709100067615509,False,0.04,,,74,1.0,0.0,67.68,1015.4047726805029,running,0.0,255.37490844726562,0.1645626425743103
360,3,hard_gap_turns,-1.1999313025628044,-0.8499977350090715,2.2904043295486957e-06,random_local_offset,0.8,-0.35,0.0,-0.55,1.75,-1.57,1018.1436475132617,True,False,False,0.5336166194256567,0.4835018515586853,0.8732124598286489,0.3454642972404164,0.3454642972404164,0.5277481625882325,0,0,0.6324606537818909,0.527277410030365,False,0.04,,,53,1.0,0.0,67.64,1015.3844090069749,running,-491.1473388671875,119.18154907226562,0.16592799127101898
361,3,hard_gap_turns,-0.9999302573630111,-0.9499974835525616,2.1791425835239394e-06,random_local_offset,1.0,-0.45,0.0,1.65,0.55,3.14,1021.8035574789219,True,False,False,0.7574806367952842,0.2687458395957947,1.0965856099730653,0.3490892228693061,0.3490892228693061,0.7474963871037592,17,0,0.6748682260513306,0.2763173282146454,False,0.04,,,77,1.0,0.0,67.72,1016.0782670384385,running,0.0,492.22027587890625,0.1676052063703537
362,3,hard_gap_turns,-0.999937325713579,-0.9499975067725652,2.1648194374254144e-06,random_local_offset,1.0,-0.45,0.0,0.55,1.75,-1.57,1018.3572045430276,True,False,False,0.7631236132863919,0.22588150203227997,1.0965856099730653,0.3435711042655765,0.3435711042655765,0.7530145057074888,20,0,0.6895238161087036,0.22588150203227997,False,0.04,,,74,1.0,0.0,67.68,1015.9437769482915,running,0.0,217.22918701171875,0.17167553305625916
363,3,hard_gap_turns,-1.1999304245694113,-0.8499978725847146,2.2350627354724636e-06,random_local_offset,0.8,-0.35,0.0,1.65,-0.55,3.14,1018.8016424660866,True,False,False,0.534420402531942,0.48281291127204895,0.8732124598286491,0.34142270192311297,0.34142270192311297,0.5317897579055362,0,0,0.6652190089225769,0.5117927193641663,False,0.04,,,54,1.0,0.0,66.88,1016.5438186758071,running,0.0,1004.1611328125,0.17492707073688507
364,3,hard_gap_turns,-1.1999314240720373,-0.1499980898761596,2.6002352403891558e-06,random_local_offset,0.8,0.35,0.0,-0.55,-1.75,1.57,1018.5838466798843,True,False,False,0.5289084257245632,0.4212064743041992,0.873212459828649,0.34748560605902146,0.34748560605902146,0.5257268537696276,0,0,0.688736617565155,0.7393537759780884,False,0.04,,,52,1.0,0.0,66.0,1016.414706123614,running,0.0,374.260986328125,0.1730484664440155
365,3,hard_gap_turns,-0.9999322269630981,-0.0499973928546984,2.2717823357931803e-06,random_local_offset,1.0,0.45,0.0,0.55,1.75,-1.57,1003.2956195997584,True,False,False,0.7666816486755126,0.21215462684631348,1.0965856099730655,0.34805989283914057,0.34805989283914057,0.748525717133925,24,0,0.21215462684631348,0.684646487236023,False,0.04,,,77,1.0,0.0,66.96,1015.8350272964146,running,-472.9144592285156,335.9234619140625,0.1711370199918747
366,3,hard_gap_turns,-1.1999320015913169,-0.1499978528929718,2.2671014747130437e-06,random_local_offset,0.8,0.35,0.0,1.65,-0.55,3.14,1018.7786995481116,True,False,False,0.5349842332386372,0.41125762462615967,0.873212459828649,0.342900682911434,0.342900682911434,0.530311776917215,2,0,0.41125762462615967,0.7624953985214233,False,0.04,,,54,1.0,0.0,66.16,1015.8258941024719,running,-475.10101318359375,188.1776123046875,0.17008087038993835
367,3,hard_gap_turns,-0.9999322269407437,-0.04999743389249989,2.2201229835735173e-06,random_local_offset,1.0,0.45,0.0,-0.55,1.75,-1.57,1003.2376867113309,True,False,False,0.7902518805372162,0.20394253730773926,1.0965856099730655,0.34215577231477357,0.34215577231477357,0.754429837658292,26,0,0.20394253730773926,0.6514363288879395,False,0.04,,,79,1.0,0.0,66.32,1015.9368238843925,running,0.0,1237.10205078125,0.17115990817546844
368,3,hard_gap_turns,-0.9999321744479256,-0.049997449551259565,2.1966785582405506e-06,random_local_offset,1.0,0.45,0.0,0.55,-1.75,1.57,985.3756471547247,True,False,False,0.826242753538339,0.2075980007648468,1.0965856099730653,0.3494766690337388,0.3494766690337388,0.7471089409393266,31,0,0.2075980007648468,0.6445170640945435,False,0.04,,,83,1.0,0.0,66.64,1014.4704047312646,running,-468.9576110839844,923.1326904296875,0.17493557929992676
369,3,hard_gap_turns,-1.1999304654835177,-0.8499979410564672,2.1435771686166386e-06,random_local_offset,0.8,-0.35,0.0,1.65,0.55,3.14,1018.9195149847594,True,False,False,0.5343529359736168,0.474505752325058,0.8732124598286489,0.34184783412391356,0.34184783412391356,0.5313646257047353,0,0,0.6512503623962402,0.474505752325058,False,0.04,,,53,1.0,0.0,65.8,1015.0632356021684,running,0.0,235.21295166015625,0.17606458067893982
370,3,hard_gap_turns,-0.9999322039482831,-0.04999741202180619,2.2442099958332394e-06,random_local_offset,1.0,0.45,0.0,1.65,-0.55,3.14,1000.2195926240662,True,False,False,0.7611552643328708,0.18386365473270416,1.0965856099730655,0.3452474061035467,0.3452474061035467,0.7513382038695189,23,0,0.18386365473270416,0.7196524143218994,False,0.04,,,75,1.0,0.0,66.68,1014.3349941463163,running,-433.5550537109375,291.1695556640625,0.1737886369228363
371,3,hard_gap_turns,-0.9999343809417659,-0.04999753091892756,2.2655362894211782e-06,random_local_offset,1.0,0.45,0.0,-0.55,1.75,-1.57,996.7909604802594,True,False,False,0.7753272039356305,0.21152067184448242,1.0965856099730655,0.34373855405545417,0.34373855405545417,0.7528470559176114,25,0,0.21152067184448242,0.692592442035675,False,0.0,,,77,1.0,0.0,66.72,1014.1503246416012,running,0.0,130.67898559570312,0.1710912436246872
372,3,hard_gap_turns,-0.9999302178407523,-0.949997418916753,2.235618982915229e-06,random_local_offset,1.0,-0.45,0.0,0.55,1.75,-1.57,1022.066645159581,True,False,False,0.7547135937368286,0.2695242762565613,1.0965856099730655,0.34831357293357207,0.34831357293357207,0.7482720370394935,17,0,0.6240734457969666,0.2695242762565613,False,0.0,,,77,1.0,0.0,66.72,1014.1273910567625,running,-497.350830078125,470.23638916015625,0.1738954335451126
373,3,hard_gap_turns,-1.1999320041317445,-0.14999782800126193,2.2914372445830473e-06,random_local_offset,0.8,0.35,0.0,-0.55,-1.75,1.57,1018.7013563289297,True,False,False,0.5386393034119569,0.4029921293258667,0.873212459828649,0.34022517706498184,0.34022517706498184,0.5329872827636672,1,0,0.5527613162994385,0.7261732220649719,False,0.0,,,54,1.0,0.0,65.92,1013.9631333861506,running,-457.17596435546875,426.96856689453125,0.17645546793937683
374,3,hard_gap_turns,-0.999930215972598,-0.9499974626649013,2.1899531183071576e-06,random_local_offset,1.0,-0.45,0.0,0.55,1.75,-1.57,1022.7032738879243,True,False,False,0.7607162829050202,0.2403656542301178,1.0965856099730655,0.34027581237082305,0.34027581237082305,0.7563097976022425,17,0,0.6656313538551331,0.2403656542301178,False,0.0,,,77,1.0,0.0,66.96,1014.17502509711,running,0.0,104.33708190917969,0.17965757846832275
375,3,hard_gap_turns,-1.199938112573246,-0.1499979310440906,2.259050104433489e-06,random_local_offset,0.8,0.35,0.0,0.55,-1.75,1.57,1017.8188350810678,True,False,False,0.5362951721724999,0.417502224445343,0.8732124598286491,0.3453743111470292,0.3453743111470292,0.5278381486816199,2,0,0.7071903944015503,0.53153395652771,False,0.0,,,52,1.0,0.0,66.08,1014.004829822722,running,0.0,2287.91650390625,0.1812090426683426
376,3,hard_gap_turns,-0.9999291725016073,-0.9499973905983834,2.518699543354103e-06,random_local_offset,1.0,-0.45,0.0,-0.55,-1.75,1.57,1022.8624289659436,True,False,False,0.7596353870347211,0.26661762595176697,1.0965856099730653,0.34180097586804065,0.34180097586804065,0.7547846341050246,17,0,0.6415748596191406,0.2727903127670288,False,0.0,,,74,1.0,0.0,66.0,1014.0326592222677,running,0.0,380.7300720214844,0.18516431748867035
377,3,hard_gap_turns,-0.9999295994595285,-0.9499975313439657,2.750251670662819e-06,random_local_offset,1.0,-0.45,0.0,0.55,-1.75,1.57,1022.9952375852548,True,False,False,0.754864986943987,0.2710922658443451,1.0965856099730653,0.34550169171563727,0.34550169171563727,0.751083918257428,17,0,0.635413646697998,0.2710922658443451,False,0.0,,,76,1.0,0.0,66.08,1014.0821091855801,running,0.0,216.46676635742188,0.1866634339094162
378,3,hard_gap_turns,-1.1999312813446126,-0.14999803119058625,2.6174459417557057e-06,random_local_offset,0.8,0.35,0.0,1.65,0.55,3.14,1017.8104250156291,True,False,False,0.5481984463314736,0.3983922302722931,0.8732124598286491,0.3396889716026442,0.3396889716026442,0.5335234882260049,3,0,0.9257060289382935,0.4909631907939911,False,0.0,,,55,1.0,0.0,66.16,1014.0880837197864,running,-496.4794616699219,213.27919006347656,0.18761667609214783
379,3,hard_gap_turns,-1.1999375624063584,-0.1499978868387149,2.1774732281202594e-06,random_local_offset,0.8,0.35,0.0,0.55,-1.75,1.57,1018.2036935465353,True,False,False,0.5340221945098316,0.4035802185535431,0.873212459828649,0.34438866871082874,0.34438866871082874,0.5288237911178203,3,0,0.567193865776062,0.4509254992008209,False,0.0,,,53,1.0,0.0,66.28,1014.1145261408942,running,0.0,384.85919189453125,0.1906045824289322
380,3,hard_gap_turns,-0.9999302127790505,-0.9499974550906469,2.202794212263748e-06,random_local_offset,1.0,-0.45,0.0,1.65,-0.55,3.14,1022.1130064169535,True,False,False,0.7595262741217473,0.25589489936828613,1.0965856099730653,0.3432309443549731,0.3432309443549731,0.7533546656180923,17,0,0.637850284576416,0.2950924336910248,False,0.0,,,74,1.0,0.0,66.2,1014.1047308046487,running,0.0,80.73779296875,0.19250290095806122
381,3,hard_gap_turns,-1.199934162674116,-0.14999813987942656,2.2925313632349128e-06,random_local_offset,0.8,0.35,0.0,0.55,1.75,-1.57,1017.9398886715159,True,False,False,0.532203145833509,0.4156429171562195,0.8732124598286489,0.34761727582068636,0.34761727582068636,0.5255951840079626,2,0,0.7483400106430054,0.7457060217857361,False,0.0,,,53,1.0,0.0,65.28,1014.5253926301735,running,-521.3072509765625,309.32470703125,0.1940045803785324
382,3,hard_gap_turns,-0.999932215894412,-0.04999741708873051,2.2388412911794838e-06,random_local_offset,1.0,0.45,0.0,0.55,1.75,-1.57,997.8340253582222,True,False,False,0.7590266926128497,0.17665837705135345,1.0965856099730655,0.34337539604605183,0.34337539604605183,0.7532102139270137,24,2,0.22365190088748932,0.24361999332904816,False,0.0,,,76,1.0,0.0,66.2,1013.7079388363351,running,-449.84234619140625,205.77049255371094,0.1927753984928131
383,3,hard_gap_turns,-0.9999301764277441,-0.949997392757786,2.2730890594675894e-06,random_local_offset,1.0,-0.45,0.0,0.55,1.75,-1.57,1022.4267486408057,True,False,False,0.7549646722699903,0.24868954718112946,1.0965856099730655,0.3462166353656029,0.3462166353656029,0.7503689746074627,18,0,0.6515586972236633,0.24868954718112946,False,0.0,,,75,1.0,0.0,67.12,1013.8753767285197,running,0.0,157.0439453125,0.19271345436573029
384,3,hard_gap_turns,-0.9999302258697983,-0.9499974579065685,2.208898447672533e-06,random_local_offset,1.0,-0.45,0.0,0.55,-1.75,1.57,1021.8265616056591,True,False,False,0.7693503850670019,0.2799769937992096,1.0965856099730653,0.3445900300310377,0.3445900300310377,0.7519955799420276,16,0,0.5998249053955078,0.2799769937992096,False,0.0,,,78,1.0,0.0,67.28,1014.7043898419284,running,0.0,639.8900146484375,0.19498440623283386
385,3,hard_gap_turns,-1.1999304573690173,-0.8499979080248327,2.1969815600240052e-06,random_local_offset,0.8,-0.35,0.0,1.65,-0.55,3.14,1018.190420827205,True,False,False,0.5396768517353696,0.4659922420978546,0.873212459828649,0.3417022951244152,0.3417022951244152,0.5315101647042338,0,0,0.6238036155700684,0.4659922420978546,False,0.0,,,55,1.0,0.0,67.36,1014.7062607744863,running,-458.96148681640625,50.36100769042969,0.19548676908016205
386,3,hard_gap_turns,-1.1999304744817942,-0.8499979397218556,2.152467131931748e-06,random_local_offset,0.8,-0.35,0.0,-0.55,-1.75,1.57,1018.6173564631091,True,False,False,0.5368273840704085,0.46049124002456665,0.8732124598286493,0.3416221309524848,0.3416221309524848,0.5315903288761645,0,0,0.6389363408088684,0.46049124002456665,False,0.0,,,56,1.0,0.0,66.52,1014.578812733854,running,-403.26104736328125,221.2869873046875,0.19632796943187714
387,3,hard_gap_turns,-0.9999323387680292,-0.9499974999423635,2.2843062355392357e-06,random_local_offset,1.0,-0.45,0.0,0.55,-1.75,1.57,1022.7293271947033,True,False,False,0.7612250262578641,0.2615937292575836,1.0965856099730655,0.34165766039433365,0.34165766039433365,0.7549279495787319,17,0,0.6568930745124817,0.2615937292575836,False,0.0,,,77,1.0,0.0,66.64,1014.7536976399209,running,0.0,389.8377990722656,0.20034907758235931
388,3,hard_gap_turns,-0.9999355769487228,-0.9499974927899595,2.1891067150395355e-06,random_local_offset,1.0,-0.45,0.0,0.55,1.75,-1.57,1022.0442042909966,True,False,False,0.7657108848498902,0.2699865698814392,1.0965856099730655,0.3420611526462054,0.3420611526462054,0.7545244573268601,17,0,0.6395441889762878,0.2699865698814392,False,0.0,,,78,1.0,0.0,67.6,1014.8834001129171,running,0.0,83.31379699707031,0.20150552690029144
389,3,hard_gap_turns,-0.9999293314600826,-0.9499974498007036,2.507208661020869e-06,random_local_offset,1.0,-0.45,0.0,0.55,1.75,-1.57,1022.8384839172359,True,False,False,0.7625473260206089,0.24178002774715424,1.0965856099730653,0.34139062346830384,0.34139062346830384,0.7551949865047615,18,0,0.6591030359268188,0.25333741307258606,False,0.0,,,77,1.0,0.0,68.6,1015.0535856024112,running,-515.3567504882812,134.28851318359375,0.20326082408428192
390,3,hard_gap_turns,-1.199930399322147,-0.8499978287640308,2.2841736922241033e-06,random_local_offset,0.8,-0.35,0.0,-0.55,-1.75,1.57,1018.7200817938747,True,False,False,0.5391018611731445,0.46995043754577637,0.873212459828649,0.339799501630184,0.339799501630184,0.533412958198465,0,0,0.6397759318351746,0.46995043754577637,False,0.0,,,55,1.0,0.0,67.72,1015.670564090176,running,0.0,483.624755859375,0.20458678901195526
391,3,hard_gap_turns,-1.1999304294219648,-0.8499978644162938,2.2489154057824755e-06,random_local_offset,0.8,-0.35,0.0,-0.55,1.75,-1.57,1018.7231587496295,True,False,False,0.5261501055099276,0.48532548546791077,0.873212459828649,0.3498962253003008,0.3498962253003008,0.5233162345283482,0,0,0.6715396642684937,0.4904370903968811,False,0.0,,,53,1.0,0.0,67.68,1015.6683424582366,running,-473.1484375,174.08546447753906,0.20299522578716278
392,3,hard_gap_turns,-1.1999319986003045,-0.14999795532915267,2.1372007172887595e-06,random_local_offset,0.8,0.35,0.0,0.55,1.75,-1.57,1018.5816282729169,True,False,False,0.5282627620522895,0.41178321838378906,0.8732124598286491,0.3484975689203938,0.3484975689203938,0.5247148909082553,2,0,0.636885941028595,0.7489244341850281,False,0.0,,,56,1.0,0.0,66.76,1016.2821001207001,running,-452.7987060546875,517.8447265625,0.20152269303798676
393,3,hard_gap_turns,-0.9999322147375382,-0.0499974865700874,2.1752177345407027e-06,random_local_offset,1.0,0.45,0.0,-0.55,1.75,-1.57,994.0578004915131,True,False,False,0.7580487026339269,0.17338286340236664,1.0965856099730655,0.34201815472454866,0.34201815472454866,0.7545674552485169,24,0,0.2000925987958908,0.7402801513671875,False,0.0,,,78,1.0,0.0,66.56,1016.6293862541715,running,-436.3583068847656,856.9713134765625,0.20262227952480316
394,3,hard_gap_turns,-1.1999299174000124,-0.8499979418672037,2.4056853600469044e-06,random_local_offset,0.8,-0.35,0.0,0.55,-1.75,1.57,1018.7553482274233,True,False,False,0.5335872930840608,0.48328065872192383,0.8732124598286493,0.3428990436538414,0.3428990436538414,0.5303134161748079,0,0,0.6325488686561584,0.4883381724357605,False,0.0,,,54,1.0,0.0,66.6,1016.622819583878,running,-492.5361022949219,380.2860412597656,0.20093059539794922
395,3,hard_gap_turns,-1.1999304432258575,-0.8499979056375847,2.1999020247561023e-06,random_local_offset,0.8,-0.35,0.0,0.55,1.75,-1.57,1018.8181802887068,True,False,False,0.5338729552200446,0.47626036405563354,0.8732124598286491,0.3431710491650264,0.3431710491650264,0.5300414106636228,0,0,0.6423920392990112,0.5114936232566833,False,0.0,,,53,1.0,0.0,65.72,1017.3667630904638,running,0.0,436.13555908203125,0.19872327148914337
396,3,hard_gap_turns,-1.1999319989487012,-0.1499978365482333,2.282458141871625e-06,random_local_offset,0.8,0.35,0.0,-0.55,1.75,-1.57,1019.0657404712331,True,False,False,0.5343468398165476,0.39805859327316284,0.873212459828649,0.34174518180869284,0.34174518180869284,0.5314672780199562,2,0,0.528680145740509,0.7439420223236084,False,0.0,,,53,1.0,0.0,64.76,1018.2577542901029,running,-461.9946594238281,120.55152893066406,0.19624853134155273
397,3,hard_gap_turns,-1.1999311620955324,-0.8499979891958516,2.485170021005003e-06,random_local_offset,0.8,-0.35,0.0,-0.55,-1.75,1.57,1018.2811190237538,True,False,False,0.5328766805502001,0.4754672348499298,0.873212459828649,0.3442977875864287,0.3442977875864287,0.5289146722422203,0,0,0.6401703357696533,0.4997967779636383,False,0.0,,,53,1.0,0.0,63.8,1018.1063332446698,running,0.0,132.08592224121094,0.19272381067276
398,3,hard_gap_turns,-1.1999319966781181,-0.14999789528608987,2.2027183139235577e-06,random_local_offset,0.8,0.35,0.0,0.55,-1.75,1.57,1018.756112642785,True,False,False,0.5298611213890728,0.40902599692344666,0.873212459828649,0.34608069371777883,0.34608069371777883,0.5271317661108702,2,0,0.5285843014717102,0.762019157409668,False,0.0,,,55,1.0,0.0,63.84,1018.108523497224,running,-450.4531555175781,137.7811279296875,0.19163407385349274
399,3,hard_gap_turns,-0.999930231971365,-0.9499974917145808,2.1684273373556177e-06,random_local_offset,1.0,-0.45,0.0,-0.55,-1.75,1.57,1022.1404477184697,True,False,False,0.7552315260512503,0.2724129259586334,1.0965856099730655,0.34761141728268,0.34761141728268,0.7489741926903855,18,0,0.6322208642959595,0.2724129259586334,False,0.0,,,75,1.0,0.0,63.76,1018.0860104504459,running,0.0,116.24563598632812,0.1894863396883011
400,3,hard_gap_turns,-0.9999323389064321,-0.9499975302743859,2.258512168442689e-06,random_local_offset,1.0,-0.45,0.0,-0.55,1.75,-1.57,1022.2540598603919,True,False,False,0.7541243629397045,0.269964337348938,1.0965856099730655,0.34790954377907013,0.34790954377907013,0.7486760661939954,16,0,0.6409775614738464,0.269964337348938,False,0.0,,,75,1.0,0.0,64.68,1018.2634194416188,running,-444.7508850097656,118.96855163574219,0.18647733330726624
401,3,hard_gap_turns,-0.9999336217283873,-0.050001931736789185,1.439081831000368e-06,random_local_offset,1.0,0.45,0.0,1.65,-0.55,3.14,1004.1856513308766,True,False,False,0.758326352804277,0.18616114556789398,1.0965856099730655,0.3454741707356019,0.3454741707356019,0.7511114392374636,22,0,0.20071113109588623,0.7075634598731995,False,0.0,,,76,1.0,0.0,64.76,1017.5163483362163,running,-427.3052978515625,111.21713256835938,0.18457211554050446
402,3,hard_gap_turns,-1.1999304593912536,-0.8499978928847689,2.1998053078500534e-06,random_local_offset,0.8,-0.35,0.0,0.55,-1.75,1.57,1017.5467057092796,True,False,False,0.5395740939919077,0.48512858152389526,0.8732124598286493,0.3451815624629733,0.3451815624629733,0.528030897365676,0,0,0.6030668616294861,0.5105816125869751,False,0.0,,,55,1.0,0.0,63.92,1017.2984070611773,running,0.0,104.8612060546875,0.1819862723350525
403,3,hard_gap_turns,-1.1999319893630336,-0.1499978802299221,2.219678008665524e-06,random_local_offset,0.8,0.35,0.0,1.65,-0.55,3.14,1018.0338363798575,True,False,False,0.5268916035649498,0.41008687019348145,0.8732124598286493,0.34989519785885415,0.34989519785885415,0.5233172619697951,1,0,0.4843162000179291,0.7215633988380432,False,0.0,,,51,1.0,0.0,63.76,1017.3073435157463,running,-468.6041259765625,45.789947509765625,0.1781996190547943
404,3,hard_gap_turns,-1.1999319741288148,-0.1499979168825698,2.1860616701749947e-06,random_local_offset,0.8,0.35,0.0,0.55,1.75,-1.57,1018.9323347739328,True,False,False,0.5308523914550871,0.4104301333427429,0.873212459828649,0.34491314950284796,0.34491314950284796,0.5282993103258011,1,0,0.46966058015823364,0.7577735185623169,False,0.0,,,54,1.0,0.0,63.8,1017.3364891648423,running,-481.3569641113281,117.90992736816406,0.17567993700504303
405,3,hard_gap_turns,-1.1999319945258677,-0.1499978971875472,2.19952634910106e-06,random_local_offset,0.8,0.35,0.0,1.65,0.55,3.14,1018.6788961833882,True,False,False,0.5290420289643454,0.4188430905342102,0.8732124598286491,0.34721874101448796,0.34721874101448796,0.5259937188141612,1,0,0.5427247881889343,0.7451151013374329,False,0.0,,,53,1.0,0.0,62.96,1017.1991247554995,running,0.0,92.85643005371094,0.1757832020521164
406,3,hard_gap_turns,-0.9999302385017187,-0.9499975029401648,2.1591219326218003e-06,random_local_offset,1.0,-0.45,0.0,0.55,-1.75,1.57,1022.2710067496935,True,False,False,0.7533694968447858,0.2633358836174011,1.0965856099730655,0.34908749673973827,0.34908749673973827,0.7474981132333273,17,0,0.6547701954841614,0.2633358836174011,False,0.0,,,76,1.0,0.0,63.88,1017.3723694786266,running,0.0,112.50076293945312,0.1758192777633667
407,3,hard_gap_turns,-0.9999321807831079,-0.049997503249074204,2.1509014507900136e-06,random_local_offset,1.0,0.45,0.0,1.65,0.55,3.14,1008.0454649779263,True,False,False,0.7723383337346194,0.19233670830726624,1.0965856099730655,0.3404329808011742,0.3404329808011742,0.7561526291718914,23,1,0.2077891230583191,0.3542511761188507,False,0.0,,,77,1.0,0.0,63.92,1017.7808270634146,running,-461.85284423828125,61.40743637084961,0.17372721433639526
408,3,hard_gap_turns,-0.9999302399381601,-0.9499974770798439,2.18112945443986e-06,random_local_offset,1.0,-0.45,0.0,-0.55,-1.75,1.57,1022.3395135484208,True,False,False,0.7584517955089386,0.25808706879615784,1.0965856099730653,0.3436768548397502,0.3436768548397502,0.7529087551333151,18,0,0.6772751212120056,0.26482805609703064,False,0.0,,,75,1.0,0.0,63.92,1017.7773376597194,running,0.0,147.4927978515625,0.1766984909772873
409,3,hard_gap_turns,-0.9999322147151789,-0.0499974797834109,2.1774829037944176e-06,random_local_offset,1.0,0.45,0.0,1.65,0.55,3.14,1004.0863691456445,True,False,False,0.7634243917433395,0.20054350793361664,1.0965856099730653,0.342387952552188,0.342387952552188,0.7541976574208773,22,0,0.21461567282676697,0.6998310089111328,False,0.0,,,75,1.0,0.0,63.8,1017.0677299613187,running,-476.64666748046875,110.53178405761719,0.17701536417007446
410,3,hard_gap_turns,-1.199930430640563,-0.8499978853863834,2.2282331566722148e-06,random_local_offset,0.8,-0.35,0.0,-0.55,1.75,-1.57,1018.7555257116876,True,False,False,0.5360368039353411,0.4719454050064087,0.8732124598286491,0.33997402688241185,0.33997402688241185,0.5332384329462373,0,0,0.6465351581573486,0.4958367645740509,False,0.0,,,52,1.0,0.0,63.68,1017.090334156698,running,-486.2395324707031,343.7491455078125,0.17516452074050903
411,3,hard_gap_turns,-0.9999302087809793,-0.9499974291537074,2.2290202026972318e-06,random_local_offset,1.0,-0.45,0.0,-0.55,1.75,-1.57,1021.3130777453921,True,False,False,0.7645890683654688,0.28576937317848206,1.0965856099730655,0.34876259738902515,0.34876259738902515,0.7478230125840404,16,0,0.6118413209915161,0.28576937317848206,False,0.0,,,76,1.0,0.0,64.48,1017.1981630079893,running,-437.2466125488281,81.53822326660156,0.17002704739570618
412,3,hard_gap_turns,-1.1999320746806068,-0.14999785325142112,2.201964838554576e-06,random_local_offset,0.8,0.35,0.0,0.55,1.75,-1.57,1017.5343867256314,True,False,False,0.5398085070170301,0.396430641412735,0.8732124598286493,0.3457911495911343,0.3457911495911343,0.5274213102375149,3,0,0.675537645816803,0.4419756233692169,False,0.0,,,53,1.0,0.0,63.52,1016.9903653892262,running,0.0,310.29046630859375,0.16712051630020142
413,3,hard_gap_turns,-1.199931741503594,-0.1499978832133118,2.3329484563081584e-06,random_local_offset,0.8,0.35,0.0,1.65,-0.55,3.14,1018.4268680656028,True,False,False,0.5381073180441507,0.4020340144634247,0.873212459828649,0.3414814193086529,0.3414814193086529,0.5317310405199962,2,0,0.6316413879394531,0.47022610902786255,False,0.0,,,55,1.0,0.0,62.6,1016.8456719402104,running,-481.663818359375,97.94866180419922,0.1656600683927536
414,3,hard_gap_turns,-0.9999321964723559,-0.04999747595487902,2.1837977291045445e-06,random_local_offset,1.0,0.45,0.0,1.65,-0.55,3.14,1003.7660876921756,True,False,False,0.7551445891371396,0.18940095603466034,1.0965856099730653,0.3478369361914716,0.3478369361914716,0.7487486737815937,23,0,0.22990117967128754,0.7117630243301392,False,0.0,,,75,1.0,0.0,62.52,1016.0827760912081,running,0.0,196.13046264648438,0.1620216816663742
415,3,hard_gap_turns,-1.199931968357316,-0.14999793078598417,2.1546048931621733e-06,random_local_offset,0.8,0.35,0.0,1.65,0.55,3.14,1018.3880118842812,True,False,False,0.5328634361617377,0.411953330039978,0.873212459828649,0.3455942280297645,0.3455942280297645,0.5276182317988845,2,0,0.6701378226280212,0.47520530223846436,False,0.0,,,54,1.0,0.0,62.48,1016.0694932948245,running,0.0,86.02703857421875,0.16261634230613708
416,3,hard_gap_turns,-0.9999302583315662,-0.94999750091521,2.160759331079845e-06,random_local_offset,1.0,-0.45,0.0,0.55,-1.75,1.57,1022.1685938318741,True,False,False,0.7582691669477647,0.27911534905433655,1.0965856099730655,0.3454771951308684,0.3454771951308684,0.7511084148421971,17,0,0.6226184368133545,0.27911534905433655,False,0.0,,,76,1.0,0.0,63.4,1016.2073106981142,running,0.0,73.80804443359375,0.16297441720962524
417,3,hard_gap_turns,-0.9999343840129561,-0.04999751212532455,2.2807296384157083e-06,random_local_offset,1.0,0.45,0.0,0.55,1.75,-1.57,1002.7796862130983,True,False,False,0.7635982511340286,0.18687477707862854,1.0965856099730655,0.34519031390300503,0.34519031390300503,0.7513952960700605,23,2,0.19873596727848053,0.32686352729797363,False,0.0,,,76,1.0,0.0,64.2,1015.5752330157214,running,0.0,196.22488403320312,0.16517074406147003
418,3,hard_gap_turns,-0.9999300549032712,-0.9499974761440448,2.407111012586958e-06,random_local_offset,1.0,-0.45,0.0,1.65,0.55,3.14,1022.4603705152545,True,False,False,0.7634433988623254,0.2633780837059021,1.0965856099730653,0.34112721012326197,0.34112721012326197,0.7554583998498033,18,0,0.6457064151763916,0.27436625957489014,False,0.0,,,77,1.0,0.0,64.16,1016.7113358166713,running,-483.41473388671875,236.39117431640625,0.1680908054113388
419,3,hard_gap_turns,-1.1999305941952902,-0.8499979548544259,2.065021209667653e-06,random_local_offset,0.8,-0.35,0.0,1.65,0.55,3.14,1018.4531535092647,True,False,False,0.532980474491964,0.4762721657752991,0.8732124598286491,0.3446349282098723,0.3446349282098723,0.5285775316187769,0,0,0.6383702754974365,0.5195888876914978,False,0.0,,,54,1.0,0.0,64.16,1016.6992480279451,failed,-449.3524169921875,42.74882507324219,0.16676145792007446
