episode,stage_index,stage_name,goal_x,goal_y,goal_yaw,goal_mode,local_goal_dx,local_goal_dy,local_goal_dyaw,start_x,start_y,start_yaw,episode_reward,success,collision,timeout,path_length,min_obstacle_distance,initial_DG,final_DG,min_DG,goal_progress,close_obstacle_steps,narrow_gap_steps,waypoints_reached,waypoint_count,left_min_obstacle_distance,right_min_obstacle_distance,obstacle_exposure_met,rolling_obstacle_exposure_rate,eval_success_rate,eval_collision_rate,steps,rolling_success_rate,rolling_collision_rate,rolling_avg_steps,rolling_avg_reward,stage_status,actor_loss,critic_loss,alpha
0,5,hard_two_turn_sequences,-1.619931738608667,-0.2999987985969834,2.1416567651329778e-06,local_goal_sequence,0.38,0.2,0.0,-0.15,1.25,-1.57,1068.5236527669797,True,False,False,0.8611640328221035,0.3958657383918762,0.42941821107167777,0.2752934405908505,0.2752934405908505,0.1541247704808273,84,54,2,3,0.4071769118309021,0.4152996838092804,True,1.0,,,103,1.0,0.0,103.0,1068.5236527669797,running,0.0,6920.521484375,0.12430854141712189
1,5,hard_two_turn_sequences,-1.6499315479131618,-0.339998884316393,2.2233065417944825e-06,local_goal_sequence,0.35,0.16,0.0,-1.05,-1.25,1.57,1053.1760493625052,True,False,False,0.768002547719624,0.4176047146320343,0.3848376280978772,0.27485417042875987,0.27485417042875987,0.10998345766911732,54,42,2,3,0.42814135551452637,0.4176047146320343,True,1.0,,,76,1.0,0.0,89.5,1060.8498510647423,running,0.0,10594.19921875,0.1169937327504158
2,5,hard_two_turn_sequences,-1.6199237803186364,-0.2999990612418796,1.994740900887974e-06,local_goal_sequence,0.38,0.2,0.0,-1.05,1.25,-1.57,1052.173247160751,True,False,False,0.8845183489244399,0.37361133098602295,0.4294182110716777,0.27915800298632976,0.27915800298632976,0.15026020808534796,70,45,2,3,0.4520973861217499,0.37361133098602295,True,1.0,,,85,1.0,0.0,88.0,1057.9576497634118,running,-411.5074157714844,1772.401123046875,0.12349540740251541
3,5,hard_two_turn_sequences,-1.6199308079303842,-0.29999936509297875,2.645935436422613e-06,local_goal_sequence,0.38,0.2,0.0,1.05,1.25,-1.57,1061.3016497228948,True,False,False,0.8535922528176231,0.3786923289299011,0.4294182110716778,0.27529656168267264,0.27529656168267264,0.1541216493890052,64,43,2,3,0.4222698509693146,0.3786923289299011,True,1.0,,,82,1.0,0.0,86.5,1058.7936497532826,running,-421.5987854003906,4400.009765625,0.1253768503665924
4,5,hard_two_turn_sequences,-1.6499308841302254,-0.6599989048950458,2.1780882076776908e-06,local_goal_sequence,0.35,-0.16,0.0,-0.15,-1.25,1.57,965.7344792999885,True,False,False,0.9172132708256955,0.1514110416173935,0.38483762809787714,0.27587633748184587,0.27587633748184587,0.10896129061603127,71,11,2,3,0.1514110416173935,0.5211533308029175,True,1.0,,,88,1.0,0.0,86.8,1040.1818156626236,running,-339.5127258300781,11562.947265625,0.13455671072006226
5,5,hard_two_turn_sequences,-1.6499308456858341,-0.6599988582159065,2.278061356773533e-06,local_goal_sequence,0.35,-0.16,0.0,-0.15,1.25,-1.57,1030.0399280726679,True,False,False,0.8768226758147486,0.22303730249404907,0.38483762809787697,0.2779509497555911,0.2779509497555911,0.10688667834228588,78,20,2,3,0.22303730249404907,0.5205946564674377,True,1.0,,,93,1.0,0.0,87.83333333333333,1038.4915010642978,running,0.0,1702.614501953125,0.14304475486278534
6,5,hard_two_turn_sequences,-1.6199338208280143,-0.2999988723998729,2.4057403748559774e-06,local_goal_sequence,0.38,0.2,0.0,1.05,1.25,-1.57,1061.1127247777943,True,False,False,0.8687935022964567,0.3854511082172394,0.42941821107167777,0.27471616832409035,0.27471616832409035,0.15470204274758742,69,44,2,3,0.3854511082172394,0.42010536789894104,True,1.0,,,88,1.0,0.0,87.85714285714286,1041.7231044519401,running,0.0,225.77642822265625,0.14773832261562347
7,5,hard_two_turn_sequences,-1.6499322582757743,-0.339998955680084,2.4642096012916106e-06,local_goal_sequence,0.35,0.16,0.0,-1.05,-1.25,1.57,1051.7267837149031,True,False,False,0.7978847463607806,0.40411242842674255,0.38483762809787714,0.27196545699669533,0.27196545699669533,0.1128721711011818,55,45,2,3,0.44599077105522156,0.40411242842674255,True,1.0,,,80,1.0,0.0,86.875,1042.9735643598106,running,0.0,277.8143310546875,0.15118077397346497
8,5,hard_two_turn_sequences,-1.6499368035901854,-0.6599989285021705,2.1563074467688926e-06,local_goal_sequence,0.35,-0.16,0.0,1.05,-1.25,1.57,1052.1947250565322,True,False,False,0.7632654953983572,0.4088532328605652,0.3848376280978771,0.2777940865485586,0.2777940865485586,0.1070435415493185,55,51,2,3,0.4088532328605652,0.4364241659641266,True,1.0,,,81,1.0,0.0,86.22222222222223,1043.9981377705574,running,-416.689453125,716.3565063476562,0.1487484723329544
9,5,hard_two_turn_sequences,-1.619929939132389,-0.6999987623300303,2.287078593848807e-06,local_goal_sequence,0.38,-0.2,0.0,0.55,-1.75,1.57,1052.878697170924,True,False,False,0.936192834559281,0.28273284435272217,0.42941821107167794,0.2771557916256002,0.2771557916256002,0.1522624194460777,78,52,2,3,0.446331650018692,0.31231603026390076,True,1.0,,,98,1.0,0.0,87.4,1044.886193710594,running,-351.3787536621094,2079.440185546875,0.14745205640792847
10,5,hard_two_turn_sequences,-1.649930843516767,-0.6599988670295857,2.2766297785941256e-06,local_goal_sequence,0.35,-0.16,0.0,-0.55,1.75,-1.57,1049.312409827726,True,False,False,0.7665685314244824,0.3990529179573059,0.3848376280978773,0.26987091638202676,0.26987091638202676,0.11496671171585054,55,49,2,3,0.3990529179573059,0.4437316060066223,True,1.0,,,77,1.0,0.0,86.45454545454545,1045.2885769939696,running,0.0,464.85479736328125,0.15079782903194427
11,5,hard_two_turn_sequences,-1.649932989718053,-0.6599989977471276,2.2640354758787788e-06,local_goal_sequence,0.35,-0.16,0.0,-1.05,-1.25,1.57,1052.2839519213126,True,False,False,0.7571979063904305,0.38341042399406433,0.3848376280978772,0.277290087897269,0.277290087897269,0.1075475402006082,61,52,2,3,0.38341042399406433,0.4765084683895111,True,1.0,,,85,1.0,0.0,86.33333333333333,1045.8715249045815,running,-390.135986328125,391.892578125,0.15070953965187073
12,5,hard_two_turn_sequences,-1.6199338322501704,-0.29999891181110594,2.3183439098393773e-06,local_goal_sequence,0.38,0.2,0.0,-0.15,-1.25,1.57,1064.019754909991,True,False,False,0.85596403392042,0.39639097452163696,0.4294182110716776,0.2764397317728304,0.2764397317728304,0.15297847929884723,69,46,2,3,0.40816840529441833,0.39639097452163696,True,1.0,,,86,1.0,0.0,86.3076923076923,1047.2675425973052,running,-391.524658203125,192.5909423828125,0.14842644333839417
13,5,hard_two_turn_sequences,-1.6199317363838657,-0.29999881600182804,2.1104023839140633e-06,local_goal_sequence,0.38,0.2,0.0,-0.15,1.25,-1.57,1066.4814288701796,True,False,False,0.8314823488033469,0.37491756677627563,0.42941821107167766,0.2757630294400857,0.2757630294400857,0.15365518163159197,66,50,2,3,0.4136028289794922,0.37491756677627563,True,1.0,,,89,1.0,0.0,86.5,1048.6399630453677,running,0.0,181.14654541015625,0.14483094215393066
14,5,hard_two_turn_sequences,-1.6550637859367658,-0.3286406085513778,0.03085577140297465,local_goal_sequence,0.35,0.16,0.0,-1.05,-1.25,1.57,1053.940293029854,True,False,False,0.7696109179159415,0.40027254819869995,0.3848376280978771,0.27581761787304737,0.27581761787304737,0.10902001022482971,58,49,2,3,0.4311554431915283,0.4075876772403717,True,1.0,,,87,1.0,0.0,86.53333333333333,1048.9933183776668,running,-434.90899658203125,238.25437927246094,0.14106032252311707
15,5,hard_two_turn_sequences,-1.6499315828719423,-0.3399988958131336,2.1755193648707458e-06,local_goal_sequence,0.35,0.16,0.0,1.05,1.25,-1.57,1049.6092137701655,True,False,False,0.7674800691848415,0.3941888213157654,0.3848376280978771,0.27296796398206213,0.27296796398206213,0.11186966411581495,53,46,2,3,0.46501022577285767,0.3941888213157654,True,1.0,,,77,1.0,0.0,85.9375,1049.031811839698,running,0.0,294.0373840332031,0.13910728693008423
16,5,hard_two_turn_sequences,-1.6499315853174916,-0.3399988941112807,2.192540828251025e-06,local_goal_sequence,0.35,0.16,0.0,-1.05,-1.25,1.57,1051.8664282585478,True,False,False,0.7557431798454153,0.40580281615257263,0.3848376280978772,0.2796300223604467,0.2796300223604467,0.10520760573743049,52,46,2,3,0.4415518641471863,0.40580281615257263,True,1.0,,,79,1.0,0.0,85.52941176470588,1049.1985539819834,running,-427.4321594238281,344.833740234375,0.13791535794734955
17,5,hard_two_turn_sequences,-1.6499299446132392,-0.6599992357400899,2.5894852732217754e-06,local_goal_sequence,0.35,-0.16,0.0,-1.05,1.25,-1.57,1050.6812428545943,True,False,False,0.7705660465847118,0.3924156129360199,0.3848376280978772,0.2710589237520913,0.2710589237520913,0.11377870434578591,55,46,2,3,0.3924156129360199,0.470630019903183,True,1.0,,,76,1.0,0.0,85.0,1049.2809255860172,running,-450.9566650390625,129.05575561523438,0.13742351531982422
18,5,hard_two_turn_sequences,-1.6499329517073724,-0.6599989733861992,2.3496125698096793e-06,local_goal_sequence,0.35,-0.16,0.0,-0.15,-1.25,1.57,1050.7168069005577,True,False,False,0.7675162302023407,0.3969196677207947,0.384837628097877,0.27593024513705855,0.27593024513705855,0.10890738296081848,57,48,2,3,0.3969196677207947,0.45205897092819214,True,1.0,,,78,1.0,0.0,84.63157894736842,1049.3564982867824,running,-430.1708679199219,121.24134826660156,0.13897062838077545
19,5,hard_two_turn_sequences,-1.6499315887976345,-0.33999889456926613,2.1866719599740364e-06,local_goal_sequence,0.35,0.16,0.0,-1.05,-1.25,1.57,1054.6121880418357,True,False,False,0.7601501862424879,0.4237132966518402,0.3848376280978771,0.26778756550114746,0.26778756550114746,0.11705006259672962,57,43,2,3,0.424717515707016,0.4237132966518402,True,1.0,,,77,1.0,0.0,84.25,1049.6192827745351,running,0.0,237.54026794433594,0.13872657716274261
20,5,hard_two_turn_sequences,-1.6199328534673907,-0.6999988786207372,2.396589276919836e-06,local_goal_sequence,0.38,-0.2,0.0,0.55,-1.75,1.57,1056.4080536749516,True,False,False,0.9356521536217816,0.33789029717445374,0.4294182110716778,0.27803118146337513,0.27803118146337513,0.1513870296083027,81,55,2,3,0.429015189409256,0.34295302629470825,True,1.0,,,94,1.0,0.0,84.71428571428571,1049.942557579317,running,0.0,410.0239562988281,0.13610999286174774
21,5,hard_two_turn_sequences,-1.6499299841970105,-0.6599992673511303,2.6528485145805156e-06,local_goal_sequence,0.35,-0.16,0.0,0.55,1.75,-1.57,1050.8499952499112,True,False,False,0.7620325523670237,0.37085023522377014,0.3848376280978771,0.27990727319406317,0.27990727319406317,0.10493035490381392,60,43,2,3,0.37085023522377014,0.47956475615501404,True,1.0,,,78,1.0,0.0,84.4090909090909,1049.9838047461621,running,0.0,160.02944946289062,0.13723881542682648
22,5,hard_two_turn_sequences,-1.6499308290961028,-0.6599988648096499,2.2620431203836257e-06,local_goal_sequence,0.35,-0.16,0.0,-0.55,1.75,-1.57,1051.530475448955,True,False,False,0.758448375701475,0.379843533039093,0.38483762809787725,0.2768865281736711,0.2768865281736711,0.10795109992420615,57,47,2,3,0.379843533039093,0.4838429391384125,True,1.0,,,78,1.0,0.0,84.1304347826087,1050.0510512984577,running,0.0,108.88723754882812,0.1399988830089569
23,5,hard_two_turn_sequences,-1.619935492640479,-0.6999988350217856,2.1520840728067806e-06,local_goal_sequence,0.38,-0.2,0.0,0.55,-1.75,1.57,1054.2155229615748,True,False,False,0.8407232704724181,0.3251000940799713,0.429418211071678,0.27068955757350066,0.27068955757350066,0.15872865349817733,61,53,2,3,0.3251000940799713,0.4628084897994995,True,1.0,,,83,1.0,0.0,84.08333333333333,1050.2245709510873,running,-476.5262451171875,278.7755126953125,0.14136603474617004
24,5,hard_two_turn_sequences,-1.6199307514119559,-0.6999988216086869,2.2223601886929353e-06,local_goal_sequence,0.38,-0.2,0.0,0.55,-1.75,1.57,1053.3332503411211,True,False,False,0.8291579751125865,0.31584325432777405,0.42941821107167777,0.27439254400267193,0.27439254400267193,0.15502566706900583,59,49,2,3,0.31584325432777405,0.4693540036678314,True,1.0,,,80,1.0,0.0,83.92,1050.348918126689,running,-460.7577209472656,214.45046997070312,0.14177682995796204
25,5,hard_two_turn_sequences,-1.6199317364597934,-0.2999988077826767,2.091894426760591e-06,local_goal_sequence,0.38,0.2,0.0,0.55,-1.75,1.57,1057.0774060528215,True,False,False,0.8948807493492587,0.35810065269470215,0.4294182110716778,0.27302264594874254,0.27302264594874254,0.1563955651229353,75,40,2,3,0.35810065269470215,0.43737396597862244,True,1.0,,,93,1.0,0.0,83.52,1049.8910682581222,running,0.0,163.02633666992188,0.14420907199382782
26,5,hard_two_turn_sequences,-1.6199316474530063,-0.29999881168817977,2.2297340227164446e-06,local_goal_sequence,0.38,0.2,0.0,1.05,1.25,-1.57,1057.032429427986,True,False,False,0.9016691030406505,0.34138622879981995,0.42941821107167766,0.27713169846527375,0.27713169846527375,0.1522865126064039,77,40,2,3,0.3447279930114746,0.43411991000175476,True,1.0,,,94,1.0,0.0,84.24,1050.0453234607414,running,0.0,186.15228271484375,0.14470167458057404
27,5,hard_two_turn_sequences,-1.6499297962713402,-0.6599989314502865,2.2558229910617543e-06,local_goal_sequence,0.35,-0.16,0.0,-0.55,-1.75,1.57,1050.5011768085217,True,False,False,0.7745719101846815,0.347478985786438,0.3848376280978771,0.273588225548164,0.273588225548164,0.1112494025497131,58,32,2,3,0.347478985786438,0.5057517290115356,True,1.0,,,78,1.0,0.0,83.96,1049.9784406466524,running,0.0,152.48069763183594,0.14487136900424957
28,5,hard_two_turn_sequences,-1.6499308266807482,-0.6599988770285437,2.241223731661464e-06,local_goal_sequence,0.35,-0.16,0.0,0.55,1.75,-1.57,1049.744123185008,True,False,False,0.7779657405201242,0.3518509864807129,0.3848376280978772,0.27811200703305555,0.27811200703305555,0.10672562106482164,60,31,2,3,0.3518509864807129,0.497435063123703,True,1.0,,,79,1.0,0.0,83.84,1049.516139585137,running,-486.827880859375,54.640621185302734,0.14314880967140198
29,5,hard_two_turn_sequences,-1.619930791987493,-0.6999988460896248,2.135052583331601e-06,local_goal_sequence,0.38,-0.2,0.0,1.05,1.25,-1.57,1049.1338266056287,True,False,False,0.8341775719877238,0.3361557722091675,0.4294182110716779,0.2778840685239625,0.2778840685239625,0.15153414254771536,62,44,2,3,0.3361557722091675,0.47010692954063416,True,1.0,,,81,1.0,0.0,83.56,1052.8521134773625,running,0.0,107.30967712402344,0.14102107286453247
30,5,hard_two_turn_sequences,-1.6499315582003802,-0.33999888929560906,2.2003830907412487e-06,local_goal_sequence,0.35,0.16,0.0,-0.55,-1.75,1.57,1049.1895059963363,True,False,False,0.7824960816819033,0.4052866995334625,0.3848376280978772,0.2752120569313843,0.2752120569313843,0.10962557116649291,59,38,2,3,0.4052866995334625,0.4591166079044342,True,1.0,,,80,1.0,0.0,83.04,1053.6180965943092,running,0.0,152.8680419921875,0.13846620917320251
31,5,hard_two_turn_sequences,-1.6199338364741285,-0.29999891896560815,2.303232513726764e-06,local_goal_sequence,0.38,0.2,0.0,0.55,-1.75,1.57,1057.0579466202885,True,False,False,0.8827832876787718,0.3749254047870636,0.42941821107167777,0.27578139811570784,0.27578139811570784,0.15363681295596993,66,44,2,3,0.42571815848350525,0.3749254047870636,True,1.0,,,86,1.0,0.0,82.96,1053.455905468009,running,0.0,137.10568237304688,0.13653716444969177
32,5,hard_two_turn_sequences,-1.6199306739306927,-0.29999898089163185,2.495797149122738e-06,local_goal_sequence,0.38,0.2,0.0,-1.05,-1.25,1.57,1061.7678612827604,True,False,False,0.8443312534944064,0.3928413391113281,0.42941821107167794,0.27628443389856466,0.27628443389856466,0.15313377717311327,68,47,2,3,0.39775022864341736,0.39974093437194824,True,1.0,,,87,1.0,0.0,83.24,1053.8575485707233,running,-478.1185607910156,118.35623168945312,0.13378751277923584
33,5,hard_two_turn_sequences,-1.6499308546956302,-0.6599988759789103,2.2350990077069675e-06,local_goal_sequence,0.35,-0.16,0.0,-0.15,1.25,-1.57,1049.3017187062558,True,False,False,0.7655078690015367,0.3924047648906708,0.38483762809787697,0.2756360342903494,0.2756360342903494,0.10920159380752759,58,41,2,3,0.3924047648906708,0.45460280776023865,True,1.0,,,76,1.0,0.0,83.04,1053.7418283167121,running,-468.1172180175781,79.73146057128906,0.13202722370624542
34,5,hard_two_turn_sequences,-1.6199307935499068,-0.6999988488122693,2.137246502143013e-06,local_goal_sequence,0.38,-0.2,0.0,-0.55,1.75,-1.57,1050.314583195202,True,False,False,0.8457380224972958,0.3467361330986023,0.42941821107167777,0.2740658652680581,0.2740658652680581,0.15535234580361967,61,48,2,3,0.3467361330986023,0.45042183995246887,True,1.0,,,82,1.0,0.0,82.4,1053.6392637576832,running,-482.786376953125,83.03843688964844,0.13105447590351105
35,5,hard_two_turn_sequences,-1.649932641675109,-0.3399994723769816,2.910734212602055e-06,local_goal_sequence,0.35,0.16,0.0,-0.55,-1.75,1.57,1049.0854955988477,True,False,False,0.757644719866538,0.4058745801448822,0.38483762809787714,0.2772847646117898,0.2772847646117898,0.10755286348608734,53,44,2,3,0.4058745801448822,0.4523024559020996,True,1.0,,,75,1.0,0.0,82.32,1053.630187188528,running,0.0,87.80624389648438,0.13100047409534454
36,5,hard_two_turn_sequences,-1.6199309101728325,-0.6999988143629412,2.1099537852229087e-06,local_goal_sequence,0.38,-0.2,0.0,1.05,1.25,-1.57,1059.5104378801511,True,False,False,0.8650915168255151,0.36866673827171326,0.4294182110716777,0.2693221359663684,0.2693221359663684,0.16009607510530932,64,48,2,3,0.36866673827171326,0.42680802941322327,True,1.0,,,84,1.0,0.0,82.28,1053.9192466268819,running,0.0,81.2644271850586,0.12968403100967407
37,5,hard_two_turn_sequences,-1.6199448940736612,-0.2999990678896698,2.0289072968419384e-06,local_goal_sequence,0.38,0.2,0.0,1.05,-1.25,1.57,1062.7147550516027,True,False,False,0.8430080849781686,0.3629526197910309,0.42941821107167777,0.27245342001042905,0.27245342001042905,0.15696479106124872,67,50,2,3,0.42190229892730713,0.3629526197910309,True,1.0,,,90,1.0,0.0,82.44,1053.8670466325464,running,0.0,52.31250762939453,0.1277965009212494
38,5,hard_two_turn_sequences,-1.6499315455111745,-0.3399988787815255,2.232956885527084e-06,local_goal_sequence,0.35,0.16,0.0,-0.55,-1.75,1.57,1050.9636204248825,True,False,False,0.7885714374559847,0.3861948549747467,0.3848376280978771,0.2774495151641451,0.2774495151641451,0.10738811293373196,58,46,2,3,0.4576358199119568,0.3890685737133026,True,1.0,,,83,1.0,0.0,82.2,1053.2463342947342,running,-491.0157775878906,86.76492309570312,0.12657040357589722
39,5,hard_two_turn_sequences,-1.6499315557320082,-0.3399988899237392,2.202251928473671e-06,local_goal_sequence,0.35,0.16,0.0,-1.05,-1.25,1.57,1049.3037467356362,True,False,False,0.7918799374878455,0.3883030414581299,0.38483762809787714,0.27774223545368104,0.27774223545368104,0.1070953926441961,51,46,2,3,0.45632392168045044,0.3900482654571533,True,1.0,,,79,1.0,0.0,81.88,1053.0608724429655,running,0.0,118.57623291015625,0.12510474026203156
40,5,hard_two_turn_sequences,-1.649931547054685,-0.3399988776663939,2.2484366269973457e-06,local_goal_sequence,0.35,0.16,0.0,-0.15,-1.25,1.57,1051.7226844891052,True,False,False,0.7701417545094981,0.40376541018486023,0.3848376280978771,0.27168080197170036,0.27168080197170036,0.11315682612617672,54,44,2,3,0.4274037182331085,0.40598854422569275,True,1.0,,,78,1.0,0.0,81.92,1053.1454112717233,running,0.0,85.51005554199219,0.12393900752067566
41,5,hard_two_turn_sequences,-1.6199307398604095,-0.699998807380742,2.259928167155086e-06,local_goal_sequence,0.38,-0.2,0.0,1.05,1.25,-1.57,1057.1891843376432,True,False,False,0.8498794590230649,0.36338233947753906,0.42941821107167766,0.277172332880233,0.277172332880233,0.15224587819144464,64,53,2,3,0.36338233947753906,0.4336484372615814,True,1.0,,,85,1.0,0.0,82.16,1053.3583215148872,running,-503.3778991699219,59.15936279296875,0.1228284016251564
42,5,hard_two_turn_sequences,-1.6499316477211134,-0.3399988767456813,2.1182196162356834e-06,local_goal_sequence,0.35,0.16,0.0,0.55,-1.75,1.57,1053.9307335346607,True,False,False,0.7574294573905954,0.414750337600708,0.384837628097877,0.2795009589004769,0.2795009589004769,0.10533666919740015,56,43,2,3,0.43394598364830017,0.414750337600708,True,1.0,,,77,1.0,0.0,82.2,1053.4883011420898,running,0.0,29.3668212890625,0.12011910229921341
43,5,hard_two_turn_sequences,-1.649930886467616,-0.6599989072230332,2.1654231295180013e-06,local_goal_sequence,0.35,-0.16,0.0,-0.55,1.75,-1.57,1049.6042454652563,True,False,False,0.7588520463706259,0.37590137124061584,0.3848376280978772,0.27890112133680606,0.27890112133680606,0.10593650676107114,57,40,2,3,0.37590137124061584,0.48232951760292053,True,1.0,,,75,1.0,0.0,82.08,1053.4437986846776,running,-496.0045166015625,88.87956237792969,0.11927992850542068
44,5,hard_two_turn_sequences,-1.6199329008056371,-0.699998934787535,2.2669768847919183e-06,local_goal_sequence,0.38,-0.2,0.0,0.55,1.75,-1.57,1059.6833603218138,True,False,False,0.8552031664920956,0.371766060590744,0.4294182110716779,0.27350986834651553,0.27350986834651553,0.15590834272516235,62,50,2,3,0.371766060590744,0.4261694848537445,True,1.0,,,83,1.0,0.0,82.32,1053.6466455758768,running,0.0,42.321388244628906,0.11879594624042511
45,5,hard_two_turn_sequences,-1.619930738404449,-0.6999988098251065,2.2414497778962014e-06,local_goal_sequence,0.38,-0.2,0.0,-1.05,1.25,-1.57,1059.9687835316208,True,False,False,0.8573117045333302,0.36742258071899414,0.4294182110716777,0.2720901839072068,0.2720901839072068,0.15732802716447092,61,50,2,3,0.36742258071899414,0.4194723069667816,True,1.0,,,84,1.0,0.0,81.92,1053.7890747701435,running,0.0,110.35978698730469,0.11788588762283325
46,5,hard_two_turn_sequences,-1.649937421862773,-0.6599990866049369,2.2310133327253694e-06,local_goal_sequence,0.35,-0.16,0.0,-0.15,1.25,-1.57,1048.8030907619261,True,False,False,0.7620399671358519,0.38704222440719604,0.3848376280978772,0.2739683036393815,0.2739683036393815,0.11086932445849568,54,40,2,3,0.38704222440719604,0.4678977429866791,True,1.0,,,74,1.0,0.0,81.76,1053.7071985906243,running,0.0,55.4566535949707,0.11572536826133728
47,5,hard_two_turn_sequences,-1.6499315852922545,-0.33999887549808383,2.2517639155373254e-06,local_goal_sequence,0.35,0.16,0.0,0.55,1.75,-1.57,1051.367578207287,True,False,False,0.7679011626405177,0.3906964063644409,0.38483762809787725,0.26901534081054057,0.26901534081054057,0.11582228728733668,55,48,2,3,0.4471494257450104,0.4155212342739105,True,1.0,,,80,1.0,0.0,81.84,1053.7006827009575,running,0.0,59.95136260986328,0.11449559777975082
48,5,hard_two_turn_sequences,-1.6199338195121402,-0.2999988732624064,2.411320706760059e-06,local_goal_sequence,0.38,0.2,0.0,1.05,-1.25,1.57,1054.7575838036407,True,False,False,0.8339374660048396,0.3670160174369812,0.42941821107167777,0.27975918643078745,0.27975918643078745,0.14965902464089031,61,46,2,3,0.42145857214927673,0.3670160174369812,True,1.0,,,85,1.0,0.0,81.92,1053.72236513464,running,-479.5845642089844,74.8633804321289,0.11461738497018814
49,5,hard_two_turn_sequences,-1.619933837390099,-0.29999891501845044,2.3058688299767206e-06,local_goal_sequence,0.38,0.2,0.0,-0.55,1.75,-1.57,1053.1938406006927,True,False,False,0.8385220545393568,0.3421711325645447,0.42941821107167777,0.275330399373808,0.275330399373808,0.15408781169786978,63,48,2,3,0.43571212887763977,0.3421711325645447,True,1.0,,,84,1.0,0.0,82.08,1053.7167887450228,running,-488.9752197265625,74.93952178955078,0.11368408054113388
50,5,hard_two_turn_sequences,-1.6499308453882,-0.6599988779092463,2.2445249075278236e-06,local_goal_sequence,0.35,-0.16,0.0,-1.05,-1.25,1.57,1049.9363659681833,True,False,False,0.758477531911186,0.3549914062023163,0.38483762809787714,0.27515654082852453,0.27515654082852453,0.1096810872693526,53,43,2,3,0.3549914062023163,0.47860100865364075,True,1.0,,,75,1.0,0.0,81.36,1053.4311471416374,running,0.0,67.75454711914062,0.11355113238096237
51,5,hard_two_turn_sequences,-1.6199389144116303,-0.29999888140054637,2.1934839032458526e-06,local_goal_sequence,0.38,0.2,0.0,-0.55,-1.75,1.57,1053.2370639815424,True,False,False,0.8472907649033573,0.34192222356796265,0.4294182110716779,0.27164688655795044,0.27164688655795044,0.15777132451372744,59,46,2,3,0.42433738708496094,0.34192222356796265,True,1.0,,,83,1.0,0.0,80.92,1053.2793325237797,running,-488.3553161621094,41.41451644897461,0.11205267161130905
52,5,hard_two_turn_sequences,-1.649931544144885,-0.3399988799603757,2.233186670816648e-06,local_goal_sequence,0.35,0.16,0.0,-0.55,1.75,-1.57,1050.552603564787,True,False,False,0.7645073182483613,0.4063618779182434,0.3848376280978772,0.2768423164373295,0.2768423164373295,0.10799531166054771,50,43,2,3,0.45655688643455505,0.41099613904953003,True,1.0,,,76,1.0,0.0,80.84,1053.28138959403,running,-483.973388671875,39.649261474609375,0.11194073408842087
53,5,hard_two_turn_sequences,-1.6499311875772884,-0.33999909182500654,2.419152113504586e-06,local_goal_sequence,0.35,0.16,0.0,1.05,-1.25,1.57,1050.4891988933712,True,False,False,0.7619715327980349,0.400431752204895,0.38483762809787714,0.2789611971274546,0.2789611971274546,0.10587643097042254,49,45,2,3,0.4314841032028198,0.416178435087204,True,1.0,,,74,1.0,0.0,80.64,1053.3111926223646,running,-505.14422607421875,31.73935317993164,0.11147359013557434
54,5,hard_two_turn_sequences,-1.6199307987748355,-0.6999988261462462,2.1913066897550004e-06,local_goal_sequence,0.38,-0.2,0.0,-1.05,-1.25,1.57,1054.9263111730154,True,False,False,0.8517658518500794,0.36671486496925354,0.4294182110716778,0.27171618602164216,0.27171618602164216,0.15770202505003567,67,54,2,3,0.36671486496925354,0.44102805852890015,True,1.0,,,87,1.0,0.0,80.88,1053.54289200506,running,0.0,73.07186889648438,0.11126615852117538
55,5,hard_two_turn_sequences,-1.649932303826032,-0.3399990277669942,2.3719696789722666e-06,local_goal_sequence,0.35,0.16,0.0,1.05,-1.25,1.57,1051.6129679478563,True,False,False,0.7588969301250158,0.4236292839050293,0.384837628097877,0.27702640379609506,0.27702640379609506,0.10781122430178197,52,43,2,3,0.434616357088089,0.4236292839050293,True,1.0,,,74,1.0,0.0,80.64,1053.6398304831207,running,0.0,64.38733673095703,0.11056786775588989
56,5,hard_two_turn_sequences,-1.6499316426917665,-0.3399988467284389,2.1851594615368364e-06,local_goal_sequence,0.35,0.16,0.0,1.05,-1.25,1.57,1051.6565544180469,True,False,False,0.7610182406005902,0.41213709115982056,0.384837628097877,0.27380108394470243,0.27380108394470243,0.1110365441531746,49,43,2,3,0.43262168765068054,0.41213709115982056,True,1.0,,,73,1.0,0.0,80.12,1053.4237747950312,running,-554.9359741210938,64.28636932373047,0.10937698930501938
57,5,hard_two_turn_sequences,-1.6199307802028275,-0.6999988206259726,2.2105413414280267e-06,local_goal_sequence,0.38,-0.2,0.0,0.55,-1.75,1.57,1059.6913335933473,True,False,False,0.8474267246139057,0.35326412320137024,0.42941821107167766,0.2771306212001931,0.2771306212001931,0.15228758987148455,61,49,2,3,0.35326412320137024,0.44172006845474243,True,1.0,,,80,1.0,0.0,79.84,1053.3407136874548,running,-530.0585327148438,51.07070541381836,0.10868871212005615
58,5,hard_two_turn_sequences,-1.6499308356234088,-0.6599988723721291,2.2450149626672006e-06,local_goal_sequence,0.35,-0.16,0.0,-1.05,-1.25,1.57,1049.4614690102749,True,False,False,0.7694925764281949,0.38397908210754395,0.3848376280978771,0.26774446688575826,0.26774446688575826,0.11709316121211882,54,36,2,3,0.38397908210754395,0.46361592411994934,True,1.0,,,73,1.0,0.0,79.72,1053.347103699616,running,0.0,34.0958251953125,0.1088736280798912
59,5,hard_two_turn_sequences,-1.6499315579239189,-0.33999886202924523,2.2707411284484208e-06,local_goal_sequence,0.35,0.16,0.0,-0.15,-1.25,1.57,1048.4503968180302,True,False,False,0.7574120033876122,0.38987967371940613,0.3848376280978772,0.27875645828994033,0.27875645828994033,0.10608116980793686,51,44,2,3,0.4560600221157074,0.4171416163444519,True,1.0,,,74,1.0,0.0,79.4,1053.2725362445287,running,0.0,84.38880157470703,0.10828977823257446
60,5,hard_two_turn_sequences,-1.6499308404450792,-0.6599988690980955,2.2567964808340065e-06,local_goal_sequence,0.35,-0.16,0.0,-1.05,-1.25,1.57,1049.022879093633,True,False,False,0.7612668584807877,0.36964118480682373,0.3848376280978769,0.2750566250111631,0.2750566250111631,0.10978100308671379,56,44,2,3,0.36964118480682373,0.48354434967041016,True,1.0,,,74,1.0,0.0,79.36,1053.2700315843203,running,0.0,46.78157043457031,0.10561089962720871
61,5,hard_two_turn_sequences,-1.6499302179470767,-0.6599992878477388,2.7590699059667085e-06,local_goal_sequence,0.35,-0.16,0.0,-0.15,1.25,-1.57,1049.2856318201984,True,False,False,0.757100170782187,0.3466712534427643,0.38483762809787714,0.27852381216900396,0.27852381216900396,0.10631381592887318,53,36,2,3,0.3466712534427643,0.49994805455207825,True,1.0,,,73,1.0,0.0,78.92,1052.8610393419224,running,-486.1178894042969,28.58416748046875,0.10478545725345612
62,5,hard_two_turn_sequences,-1.6199307428442677,-0.6999988096127407,2.2553208623182035e-06,local_goal_sequence,0.38,-0.2,0.0,0.55,-1.75,1.57,1051.2782290043172,True,False,False,0.8480150561118378,0.3392883837223053,0.42941821107167777,0.27081366180016225,0.27081366180016225,0.15860454927151552,61,50,2,3,0.3392883837223053,0.4519616663455963,True,1.0,,,80,1.0,0.0,78.52,1052.4035783000306,running,-499.37530517578125,40.413795471191406,0.10491687059402466
63,5,hard_two_turn_sequences,-1.6199343586742168,-0.7000033406491539,8.253314368684579e-07,local_goal_sequence,0.38,-0.2,0.0,-1.05,-1.25,1.57,1051.137306759969,True,False,False,0.8396185154443104,0.32477977871894836,0.4294182110716778,0.27642164999487195,0.27642164999487195,0.15299656107680587,60,45,2,3,0.32477977871894836,0.4683729410171509,True,1.0,,,80,1.0,0.0,78.4,1052.4105257534343,running,-526.7546997070312,36.81114196777344,0.10451088100671768
64,5,hard_two_turn_sequences,-1.6199316477331995,-0.2999988388106569,2.1456083627321383e-06,local_goal_sequence,0.38,0.2,0.0,0.55,1.75,-1.57,1053.1241248474807,True,False,False,0.8409800881870007,0.3842288553714752,0.42941821107167766,0.27521893883858517,0.27521893883858517,0.1541992722330925,63,45,2,3,0.4155879020690918,0.3842288553714752,True,1.0,,,82,1.0,0.0,78.52,1052.563340877908,running,-489.97576904296875,50.890525817871094,0.10344041883945465
65,5,hard_two_turn_sequences,-1.649930858016248,-0.6599988751518897,2.2416086475914653e-06,local_goal_sequence,0.35,-0.16,0.0,-0.15,1.25,-1.57,1048.8112943404747,True,False,False,0.7665343290141904,0.36641886830329895,0.384837628097877,0.27412981437912304,0.27412981437912304,0.11070781371875399,53,39,2,3,0.36641886830329895,0.480880469083786,True,1.0,,,73,1.0,0.0,78.32,1052.4468852719629,running,0.0,36.26490783691406,0.10271602869033813
66,5,hard_two_turn_sequences,-1.649933422295077,-0.3399990219858535,2.2936884625938417e-06,local_goal_sequence,0.35,0.16,0.0,-0.15,1.25,-1.57,1054.8268219982401,True,False,False,0.7664165269675309,0.419053852558136,0.3848376280978771,0.2755753893152721,0.2755753893152721,0.10926223878260499,52,43,2,3,0.42309829592704773,0.419053852558136,True,1.0,,,74,1.0,0.0,77.88,1052.3523907783865,running,0.0,32.39506149291992,0.10300438106060028
67,5,hard_two_turn_sequences,-1.6499308307617047,-0.33999911262621774,2.606197510511689e-06,local_goal_sequence,0.35,0.16,0.0,1.05,1.25,-1.57,1052.5824765550553,True,False,False,0.7603178380976133,0.41364437341690063,0.384837628097877,0.27936732058177904,0.27936732058177904,0.10547030751609798,54,41,2,3,0.44995829463005066,0.4140470325946808,True,1.0,,,76,1.0,0.0,77.84,1052.2984604992025,running,0.0,69.38256072998047,0.10328031331300735
68,5,hard_two_turn_sequences,-1.6499315619879231,-0.33999888330618055,2.2248042175754003e-06,local_goal_sequence,0.35,0.16,0.0,1.05,-1.25,1.57,1054.5927058835102,True,False,False,0.7606382628279331,0.4025438725948334,0.3848376280978771,0.2760204444361231,0.2760204444361231,0.10881718366175397,52,43,2,3,0.44228169322013855,0.42070332169532776,True,1.0,,,75,1.0,0.0,77.84,1052.4979989159326,running,-511.5701904296875,24.14089584350586,0.1032804399728775
69,5,hard_two_turn_sequences,-1.6199307673130399,-0.6999988127177874,2.2249849538229974e-06,local_goal_sequence,0.38,-0.2,0.0,-0.15,1.25,-1.57,1052.0886444206699,True,False,False,0.8321744778173499,0.3226984441280365,0.4294182110716777,0.2775331587405783,0.2775331587405783,0.1518850523310994,62,47,2,3,0.3226984441280365,0.47779014706611633,True,1.0,,,80,1.0,0.0,77.72,1052.194210279887,running,-460.54925537109375,25.559871673583984,0.10335812717676163
70,5,hard_two_turn_sequences,-1.6199307872812838,-0.6999987977845861,2.2737272340836634e-06,local_goal_sequence,0.38,-0.2,0.0,-0.15,1.25,-1.57,1051.9968843053218,True,False,False,0.8350698588947726,0.3349717855453491,0.4294182110716779,0.2777146878824667,0.2777146878824667,0.15170352318921115,62,48,2,3,0.3349717855453491,0.4757935404777527,True,1.0,,,81,1.0,0.0,77.6,1051.8753343108351,running,0.0,104.08381652832031,0.10351467877626419
71,5,hard_two_turn_sequences,-1.6199379484060625,-0.29999881897654435,2.2139096084140007e-06,local_goal_sequence,0.38,0.2,0.0,-1.05,1.25,-1.57,1056.6790474265795,True,False,False,0.8394490119327582,0.34853968024253845,0.42941821107167777,0.27519256121698704,0.27519256121698704,0.15422564985469073,62,45,2,3,0.43070393800735474,0.34853968024253845,True,1.0,,,84,1.0,0.0,78.0,1052.1903725774212,running,0.0,49.158355712890625,0.1027229055762291
72,5,hard_two_turn_sequences,-1.6499338163215442,-0.3399989548981236,2.4089175079886387e-06,local_goal_sequence,0.35,0.16,0.0,-0.15,1.25,-1.57,1054.054150068494,True,False,False,0.7553407836881176,0.4255327880382538,0.384837628097877,0.2799334815597777,0.2799334815597777,0.10490414653809932,51,43,2,3,0.43241986632347107,0.4255327880382538,True,1.0,,,73,1.0,0.0,77.72,1052.2978354518696,running,-539.2962646484375,33.01259231567383,0.10161934047937393
73,5,hard_two_turn_sequences,-1.6199328535022228,-0.6999988924023562,2.385869729419759e-06,local_goal_sequence,0.38,-0.2,0.0,-0.15,-1.25,1.57,1052.683161298125,True,False,False,0.8355860468216504,0.32939523458480835,0.4294182110716779,0.27518754381739685,0.27518754381739685,0.15423066725428103,63,50,2,3,0.32939523458480835,0.48277711868286133,True,1.0,,,84,1.0,0.0,77.68,1052.214858551649,running,-522.9589233398438,59.37234878540039,0.10055643320083618
74,5,hard_two_turn_sequences,-1.619930868314754,-0.2999991705532158,2.5252586923740657e-06,local_goal_sequence,0.38,0.2,0.0,0.55,1.75,-1.57,1055.8796643151159,True,False,False,0.8424852644829415,0.382605642080307,0.4294182110716778,0.27940657459936613,0.27940657459936613,0.1500116364723117,63,43,2,3,0.42255303263664246,0.382605642080307,True,1.0,,,85,1.0,0.0,77.72,1052.322291500226,running,0.0,34.361351013183594,0.1006210446357727
75,5,hard_two_turn_sequences,-1.6499308589727615,-0.6599988869449795,2.2349155329807265e-06,local_goal_sequence,0.35,-0.16,0.0,0.55,1.75,-1.57,1049.1918862331418,True,False,False,0.7613998516388301,0.36513906717300415,0.3848376280978772,0.27344019292059574,0.27344019292059574,0.11139743517728146,51,39,2,3,0.36513906717300415,0.478249728679657,True,1.0,,,74,1.0,0.0,77.68,1052.2925123108241,running,0.0,57.04595184326172,0.10077522695064545
76,5,hard_two_turn_sequences,-1.6199353443521591,-0.6999986717034661,2.1071595230586246e-06,local_goal_sequence,0.38,-0.2,0.0,0.55,1.75,-1.57,1050.6605669792498,True,False,False,0.8287285991375071,0.30741965770721436,0.4294182110716778,0.2797883893203194,0.2797883893203194,0.14962982175135842,61,43,2,3,0.30741965770721436,0.483102411031723,True,1.0,,,80,1.0,0.0,77.56,1052.1894524307322,running,0.0,216.1865234375,0.10043349862098694
77,5,hard_two_turn_sequences,-1.619931673775961,-0.2999988288376617,2.1947681381018997e-06,local_goal_sequence,0.38,0.2,0.0,1.05,1.25,-1.57,1064.4493153681997,True,False,False,0.8337465207171961,0.3997734487056732,0.42941821107167777,0.2691761632077748,0.2691761632077748,0.16024204786390295,65,49,2,3,0.3997734487056732,0.4083995223045349,True,1.0,,,85,1.0,0.0,77.92,1052.7453209028688,running,-535.7932739257812,35.234619140625,0.10119567811489105
78,5,hard_two_turn_sequences,-1.6199305158979092,-0.6999989104377647,2.229420825094928e-06,local_goal_sequence,0.38,-0.2,0.0,-0.55,1.75,-1.57,1051.2759197876169,True,False,False,0.8318201465709778,0.3251016438007355,0.4294182110716778,0.2786614637041454,0.2786614637041454,0.15075674736753242,60,48,2,3,0.3251016438007355,0.46996796131134033,True,1.0,,,80,1.0,0.0,78.16,1052.7767897386384,running,-497.9041442871094,37.637210845947266,0.0992656797170639
79,5,hard_two_turn_sequences,-1.6499315706251558,-0.3399988658475405,2.270346176483582e-06,local_goal_sequence,0.35,0.16,0.0,0.55,-1.75,1.57,1052.296916522651,True,False,False,0.7638879063061141,0.40838950872421265,0.38483762809787714,0.27574965011310504,0.27574965011310504,0.1090879779847721,51,43,2,3,0.4405059814453125,0.41853955388069153,True,1.0,1.0,0.0,78,1.0,0.0,77.8,1052.6716139526238,promoted,-501.070068359375,104.81593322753906,0.09879693388938904
80,6,hard_s_curve_sequences,-1.619932805725092,-0.7199988942815169,2.359083591109111e-06,local_goal_sequence,0.38,-0.22,0.0,0.55,1.75,-1.57,1069.9232893632416,True,False,False,1.0847442963200533,0.2677551805973053,0.4390899680020029,0.27778089748807105,0.27778089748807105,0.16130907051393184,84,56,3,4,0.2896197736263275,0.42146795988082886,True,1.0,,,104,1.0,0.0,104.0,1069.9232893632416,running,-495.0298156738281,67.62542724609375,0.0985642522573471
81,6,hard_s_curve_sequences,-1.649930799510732,-0.67999886665102,2.2461089411590204e-06,local_goal_sequence,0.35,-0.18,0.0,-0.15,1.25,-1.57,1090.060559885704,True,False,False,1.0606135953391227,0.3319239616394043,0.3935733730830884,0.27341648562443266,0.27341648562443266,0.12015688745865571,87,63,3,4,0.3881632089614868,0.35367217659950256,True,1.0,,,105,1.0,0.0,104.5,1079.9919246244726,running,0.0,285.4288330078125,0.09836679697036743
82,6,hard_s_curve_sequences,-1.649930831660842,-0.6799988797821639,2.2427531266333638e-06,local_goal_sequence,0.35,-0.18,0.0,0.55,-1.75,1.57,1090.696927369475,True,False,False,1.0384238876135559,0.3575637638568878,0.3935733730830884,0.27910214808035316,0.27910214808035316,0.11447122500273521,81,67,3,4,0.36390599608421326,0.3854563236236572,True,1.0,,,99,1.0,0.0,102.66666666666667,1083.5602588728068,running,-573.8224487304688,270.6037292480469,0.09865859895944595
83,6,hard_s_curve_sequences,-1.6199338752064574,-0.2799989021899361,2.3637696336998487e-06,local_goal_sequence,0.38,0.22,0.0,-0.55,-1.75,1.57,1105.7974736358642,True,False,False,1.0608154696695655,0.3440397083759308,0.4390899680020031,0.27960488442244974,0.27960488442244974,0.15948508357955338,82,70,3,4,0.38127151131629944,0.3633410334587097,True,1.0,,,104,1.0,0.0,103.0,1089.119562563571,running,-513.8854370117188,458.63702392578125,0.1003696545958519
84,6,hard_s_curve_sequences,-1.649932907190829,-0.6799989624424041,2.3930893718221663e-06,local_goal_sequence,0.35,-0.18,0.0,1.05,-1.25,1.57,1068.5304305052484,True,False,False,1.1139639697949526,0.2770330607891083,0.3935733730830886,0.27207495448280783,0.27207495448280783,0.12149841860028077,87,48,3,4,0.3849458396434784,0.2992511987686157,True,1.0,,,107,1.0,0.0,103.8,1085.0017361519065,running,0.0,124.13465881347656,0.10102687776088715
85,6,hard_s_curve_sequences,-1.6499308460357727,-0.6799988977462502,2.1857995086720747e-06,local_goal_sequence,0.35,-0.18,0.0,1.05,1.25,-1.57,1093.7756036491971,True,False,False,1.050571612209885,0.36145418882369995,0.39357337308308843,0.26735912196957184,0.26735912196957184,0.12621425111351658,84,62,3,4,0.36145418882369995,0.3815847635269165,True,1.0,,,102,1.0,0.0,103.5,1086.464047401455,running,0.0,389.96417236328125,0.10029812902212143
86,6,hard_s_curve_sequences,-1.6499307900863724,-0.6799988664631957,2.2804768850373947e-06,local_goal_sequence,0.35,-0.18,0.0,0.55,-1.75,1.57,1091.5979109272214,True,False,False,1.0434338030988273,0.3635936677455902,0.39357337308308854,0.27395091519775305,0.27395091519775305,0.11962245788533549,81,60,3,4,0.36739787459373474,0.38101235032081604,True,1.0,,,99,1.0,0.0,102.85714285714286,1087.1974564765644,running,-584.682373046875,323.1402282714844,0.0998314842581749
87,6,hard_s_curve_sequences,-1.6199317133086157,-0.27999880243875447,2.2447698831423793e-06,local_goal_sequence,0.38,0.22,0.0,-0.15,-1.25,1.57,1060.7010731887867,True,False,False,1.142093799678,0.23695862293243408,0.43908996800200306,0.27317728840807165,0.27317728840807165,0.1659126795939314,89,64,3,4,0.4725794792175293,0.25192421674728394,True,1.0,,,111,1.0,0.0,103.875,1083.8854085655921,running,0.0,179.6687774658203,0.09851159900426865
88,6,hard_s_curve_sequences,-1.6499309052068039,-0.6799988541154959,2.149953253712562e-06,local_goal_sequence,0.35,-0.18,0.0,-1.05,1.25,-1.57,1070.704071538356,True,False,False,1.0938011983677733,0.2889978289604187,0.3935733730830886,0.2760121256025144,0.2760121256025144,0.11756124748057417,88,49,3,4,0.41351813077926636,0.31021007895469666,True,1.0,,,106,1.0,0.0,104.11111111111111,1082.4208155625658,running,0.0,1314.040771484375,0.09655970335006714
89,6,hard_s_curve_sequences,-1.6199299327844008,-0.7199985524377497,2.255572530560879e-06,local_goal_sequence,0.38,-0.22,0.0,-0.55,1.75,-1.57,1068.9106736057654,True,False,False,1.064147398910582,0.2999025285243988,0.43908996800200306,0.2799734794343947,0.2799734794343947,0.15911648856760835,79,72,3,4,0.30316513776779175,0.4361931085586548,True,1.0,,,101,1.0,0.0,103.8,1081.0698013668857,running,-493.46234130859375,806.77197265625,0.09797344356775284
90,6,hard_s_curve_sequences,-1.619931719368683,-0.27999883004314624,2.186741501046215e-06,local_goal_sequence,0.38,0.22,0.0,-0.15,-1.25,1.57,1074.6182377182674,True,False,False,1.0855150278951347,0.3013306260108948,0.43908996800200306,0.2679909412170277,0.2679909412170277,0.17109902678497535,84,60,3,4,0.39840537309646606,0.3285977840423584,True,1.0,,,103,1.0,0.0,103.72727272727273,1080.4832955806478,running,0.0,774.7100830078125,0.10107046365737915
91,6,hard_s_curve_sequences,-1.6199316856966952,-0.27999882394150905,2.1865333281666676e-06,local_goal_sequence,0.38,0.22,0.0,1.05,1.25,-1.57,1098.1441038167425,True,False,False,1.0613799367638777,0.34859031438827515,0.4390899680020029,0.272310053768769,0.272310053768769,0.1667799142332339,86,69,3,4,0.39753562211990356,0.36057355999946594,True,1.0,,,106,1.0,0.0,103.91666666666667,1081.9550296003224,running,0.0,439.38616943359375,0.10534187406301498
92,6,hard_s_curve_sequences,-1.6199316845707463,-0.2799988036069462,2.249931525891466e-06,local_goal_sequence,0.38,0.22,0.0,-1.05,-1.25,1.57,1097.9894019880946,True,False,False,1.0748721714664695,0.3294440507888794,0.439089968002003,0.27620887415292644,0.27620887415292644,0.16288109384907656,89,66,3,4,0.39640578627586365,0.3366277515888214,True,1.0,,,111,1.0,0.0,104.46153846153847,1083.18844286092,running,-491.08453369140625,1048.390869140625,0.1089259460568428
93,6,hard_s_curve_sequences,-1.6499303191618349,-0.3199989750728429,2.4011357065064227e-06,local_goal_sequence,0.35,0.18,0.0,-1.05,1.25,-1.57,1094.4015203961612,True,False,False,1.042865240803256,0.3460794985294342,0.39357337308308865,0.27291170764768174,0.27291170764768174,0.1206616654354069,75,69,3,4,0.34862020611763,0.41195791959762573,True,1.0,,,102,1.0,0.0,104.28571428571429,1083.9893769705802,running,-441.67523193359375,424.77020263671875,0.11168564110994339
94,6,hard_s_curve_sequences,-1.6199308215650086,-0.7199987917630969,2.1432293971531447e-06,local_goal_sequence,0.38,-0.22,0.0,1.05,1.25,-1.57,1072.0655952008133,True,False,False,1.076511895213443,0.2619359493255615,0.43908996800200295,0.2696951983824702,0.2696951983824702,0.16939476961953276,81,72,3,4,0.2674492299556732,0.4815353453159332,True,1.0,,,105,1.0,0.0,104.33333333333333,1083.194458185929,running,0.0,780.50390625,0.11508488655090332
95,6,hard_s_curve_sequences,-1.649931695446727,-0.31999885105593817,2.144861094237212e-06,local_goal_sequence,0.35,0.18,0.0,-0.15,1.25,-1.57,1079.8484325015907,True,False,False,1.0482546565287683,0.32171669602394104,0.39357337308308865,0.2791991806371165,0.2791991806371165,0.11437419244597213,77,68,3,4,0.32542139291763306,0.4184573292732239,True,1.0,,,103,1.0,0.0,104.25,1082.9853315806579,running,-509.2884521484375,1382.4847412109375,0.11808124929666519
96,6,hard_s_curve_sequences,-1.6199306648553204,-0.27999902068430804,2.3863425328685514e-06,local_goal_sequence,0.38,0.22,0.0,-1.05,-1.25,1.57,1078.3274471707994,True,False,False,1.0774234242822864,0.3074113428592682,0.4390899680020031,0.27518304323197934,0.27518304323197934,0.16390692477002378,90,69,3,4,0.414048433303833,0.32543325424194336,True,1.0,,,111,1.0,0.0,104.6470588235294,1082.711338380078,running,0.0,1299.539794921875,0.11866157501935959
97,6,hard_s_curve_sequences,-1.6199316892145144,-0.27999885108986844,2.132352996860035e-06,local_goal_sequence,0.38,0.22,0.0,0.55,-1.75,1.57,1091.7200510409998,True,False,False,1.0875025564714695,0.31403547525405884,0.43908996800200295,0.27224765911565846,0.27224765911565846,0.1668423088863445,87,72,3,4,0.4328201711177826,0.32854944467544556,True,1.0,,,111,1.0,0.0,105.0,1083.211822416796,running,-487.320068359375,439.977294921875,0.12169986963272095
98,6,hard_s_curve_sequences,-1.6499316040142322,-0.3199989177530175,2.1440197166042624e-06,local_goal_sequence,0.35,0.18,0.0,-1.05,1.25,-1.57,1076.43802701294,True,False,False,1.033845433524206,0.29404351115226746,0.3935733730830887,0.27404066319580667,0.27404066319580667,0.11953270988728204,80,72,3,4,0.31203174591064453,0.4461795687675476,True,1.0,,,106,1.0,0.0,105.05263157894737,1082.8553068692245,running,-491.7579040527344,393.6050720214844,0.12317448109388351
99,6,hard_s_curve_sequences,-1.619930712920934,-0.7199988226154092,2.21089140842492e-06,local_goal_sequence,0.38,-0.22,0.0,-1.05,-1.25,1.57,1031.6279575085473,True,False,False,1.0766539202319958,0.22161167860031128,0.439089968002003,0.2693223161293123,0.2693223161293123,0.16976765187269072,85,65,3,4,0.23570577800273895,0.49683159589767456,True,1.0,,,103,1.0,0.0,104.95,1080.2939394011905,running,0.0,631.3491821289062,0.12468039244413376
100,6,hard_s_curve_sequences,-1.6499316115076457,-0.3199988623005714,2.2832578021460334e-06,local_goal_sequence,0.35,0.18,0.0,0.55,-1.75,1.57,1080.1826458444912,True,False,False,1.035911005122065,0.3017336130142212,0.3935733730830885,0.27010461794227253,0.27010461794227253,0.12346875514081596,77,68,3,4,0.33431705832481384,0.4280349314212799,True,1.0,,,102,1.0,0.0,104.80952380952381,1080.2886397080144,running,0.0,980.7673950195312,0.12380285561084747
101,6,hard_s_curve_sequences,-1.649933877827843,-0.3199989745240305,2.334714600449849e-06,local_goal_sequence,0.35,0.18,0.0,-0.55,-1.75,1.57,1087.3476138395686,True,False,False,1.0411292593473644,0.3234941065311432,0.3935733730830884,0.2768559358621855,0.2768559358621855,0.11671743722090289,80,71,3,4,0.341053307056427,0.4163001775741577,True,1.0,,,108,1.0,0.0,104.95454545454545,1080.6095021685396,running,0.0,449.8768005371094,0.12568160891532898
102,6,hard_s_curve_sequences,-1.619931710854125,-0.2799988333489266,2.17055870345766e-06,local_goal_sequence,0.38,0.22,0.0,0.55,1.75,-1.57,1075.0195092049935,True,False,False,1.0837538143527337,0.2968376576900482,0.43908996800200295,0.275142019554169,0.275142019554169,0.16394794844783395,88,65,3,4,0.4187452495098114,0.31396183371543884,True,1.0,,,109,1.0,0.0,105.1304347826087,1080.3664589962116,running,-462.30596923828125,476.8121337890625,0.1273481845855713
103,6,hard_s_curve_sequences,-1.6499294988930795,-0.31999865270978556,2.333485445728864e-06,local_goal_sequence,0.35,0.18,0.0,1.05,1.25,-1.57,1087.1933179962177,True,False,False,1.0499815771630736,0.3360723555088043,0.39357337308308854,0.27224499463698143,0.27224499463698143,0.12132837844610711,80,68,3,4,0.3361314535140991,0.4029189646244049,True,1.0,,,109,1.0,0.0,105.29166666666667,1080.6509114545452,running,0.0,399.12396240234375,0.12604351341724396
104,6,hard_s_curve_sequences,-1.6499316027062878,-0.31999887149243506,2.2540203043592338e-06,local_goal_sequence,0.35,0.18,0.0,-0.55,1.75,-1.57,1094.3313070889371,True,False,False,1.0390123404573592,0.3304644525051117,0.3935733730830884,0.2733966287731982,0.2733966287731982,0.12017674430989017,80,73,3,4,0.343726247549057,0.4154640734195709,True,1.0,,,105,1.0,0.0,105.28,1081.198127279921,running,-469.4761657714844,428.186767578125,0.12918996810913086
105,6,hard_s_curve_sequences,-1.6199316943388515,-0.2799988311017801,2.207260519732118e-06,local_goal_sequence,0.38,0.22,0.0,0.55,-1.75,1.57,1072.1704257500319,True,False,False,1.0872524989998897,0.2854475677013397,0.439089968002003,0.27392417700559696,0.27392417700559696,0.16516579099640605,86,67,3,4,0.44022464752197266,0.2878129780292511,True,1.0,,,106,1.0,0.0,105.36,1081.2880127353926,running,-455.08624267578125,633.532958984375,0.13033154606819153
106,6,hard_s_curve_sequences,-1.6199317064315037,-0.2799988273979507,2.212693571645789e-06,local_goal_sequence,0.38,0.22,0.0,-1.05,1.25,-1.57,1106.7637331729056,True,False,False,1.687327367234749,0.2992410957813263,0.43908996800200295,0.27051758097329165,0.27051758097329165,0.1685723870287113,133,73,3,4,0.428079754114151,0.3103327453136444,True,1.0,,,177,1.0,0.0,108.24,1081.9561396668805,running,0.0,529.4102783203125,0.13218748569488525
107,6,hard_s_curve_sequences,-1.6199309016067636,-0.2799988736564747,2.3626421114289125e-06,local_goal_sequence,0.38,0.22,0.0,1.05,-1.25,1.57,1085.6119870546438,True,False,False,1.0830589206872452,0.29690173268318176,0.43908996800200306,0.2756892486529599,0.2756892486529599,0.16340071934904316,94,75,3,4,0.43186190724372864,0.3129032254219055,True,1.0,,,119,1.0,0.0,109.04,1081.7527420542872,running,-482.01055908203125,928.47900390625,0.1294350028038025
108,6,hard_s_curve_sequences,-1.6199316972137547,-0.2799988182259694,2.2172895682743415e-06,local_goal_sequence,0.38,0.22,0.0,-1.05,-1.25,1.57,881.9207087895209,True,False,False,1.7563119101109133,0.12306560575962067,0.4390899680020031,0.27026264991194227,0.27026264991194227,0.16882731809006085,162,91,3,4,0.13324132561683655,0.12419029325246811,True,1.0,,,182,1.0,0.0,112.16,1072.7976714604335,running,-416.224365234375,409.93804931640625,0.13014213740825653
109,6,hard_s_curve_sequences,-1.6199403913097172,-0.27999882969531287,2.104461182563179e-06,local_goal_sequence,0.38,0.22,0.0,1.05,-1.25,1.57,1084.940348313265,True,False,False,1.0832956988656446,0.29773855209350586,0.4390899680020031,0.2745774301650835,0.2745774301650835,0.1645125378369196,93,65,3,4,0.431738942861557,0.31491681933403015,True,1.0,,,115,1.0,0.0,112.48,1073.4540681727544,running,0.0,400.23822021484375,0.12843282520771027
110,6,hard_s_curve_sequences,-1.649935689124585,-0.6799989113327986,2.272757820868043e-06,local_goal_sequence,0.35,-0.18,0.0,-1.05,1.25,-1.57,1095.5072553685795,True,False,False,1.045255009022374,0.35945114493370056,0.39357337308308854,0.27334665916294554,0.27334665916294554,0.120226713920143,87,59,3,4,0.36329385638237,0.3937123417854309,True,1.0,,,105,1.0,0.0,112.6,1073.5233342415295,running,-465.238525390625,559.043701171875,0.12862887978553772
111,6,hard_s_curve_sequences,-1.6199296864586807,-0.719998956822803,2.395317549105913e-06,local_goal_sequence,0.38,-0.22,0.0,1.05,-1.25,1.57,1067.5087810536627,True,False,False,1.065512537878938,0.2764020562171936,0.439089968002003,0.26863040178288844,0.26863040178288844,0.17045956621911457,83,62,3,4,0.29451191425323486,0.45603451132774353,True,1.0,,,101,1.0,0.0,112.68,1072.5597690465872,running,0.0,1082.7554931640625,0.12899664044380188
112,6,hard_s_curve_sequences,-1.6499316006775664,-0.319998910144809,2.16406351298927e-06,local_goal_sequence,0.35,0.18,0.0,0.55,1.75,-1.57,1091.9015498317428,True,False,False,1.0361993602213613,0.3358110785484314,0.3935733730830883,0.2719087820947437,0.2719087820947437,0.12166459098834465,88,73,3,4,0.3358110785484314,0.4081615209579468,True,1.0,,,111,1.0,0.0,112.68,1073.8077881123056,running,-430.7427673339844,499.96551513671875,0.12631893157958984
113,6,hard_s_curve_sequences,-1.6499308083346087,-0.6799988991958718,2.1992961022124324e-06,local_goal_sequence,0.35,-0.18,0.0,-0.55,-1.75,1.57,1097.8965436575513,True,False,False,1.0403510832840952,0.34732586145401,0.3935733730830886,0.27884419194667126,0.27884419194667126,0.11472918113641734,83,63,3,4,0.366521418094635,0.3829616904258728,True,1.0,,,102,1.0,0.0,112.52,1074.8954869970735,running,-499.4435119628906,709.7056274414062,0.12598489224910736
114,6,hard_s_curve_sequences,-1.6499316199374474,-0.31999888421090616,2.237248586159857e-06,local_goal_sequence,0.35,0.18,0.0,1.05,-1.25,1.57,1100.6450339696623,True,False,False,1.0294854165441818,0.3480756878852844,0.39357337308308854,0.27536047086002247,0.27536047086002247,0.11821290222306607,83,71,3,4,0.3613445460796356,0.4065838158130646,True,1.0,,,107,1.0,0.0,112.76,1076.1648614116293,running,0.0,827.764892578125,0.12555959820747375
115,6,hard_s_curve_sequences,-1.619930817644855,-0.7199987888237189,2.186846852510279e-06,local_goal_sequence,0.38,-0.22,0.0,1.05,-1.25,1.57,1069.4035253967863,True,False,False,1.0542562265789395,0.29133716225624084,0.4390899680020028,0.2767157861834903,0.2767157861834903,0.1623741818185125,85,65,3,4,0.2951517105102539,0.45378032326698303,True,1.0,,,107,1.0,0.0,112.92,1075.95627291877,running,-462.42462158203125,530.2797241210938,0.12534424662590027
116,6,hard_s_curve_sequences,-1.6199305228306518,-0.2799989159552846,2.487860623383985e-06,local_goal_sequence,0.38,0.22,0.0,1.05,-1.25,1.57,1077.197186629984,True,False,False,1.1113251270589177,0.24723446369171143,0.4390899680020029,0.2739278470832276,0.2739278470832276,0.1651621209187753,97,56,3,4,0.4422324001789093,0.265848308801651,True,1.0,,,117,1.0,0.0,113.36,1075.1183962312998,running,0.0,1313.1884765625,0.12460030615329742
117,6,hard_s_curve_sequences,-1.6499316035457365,-0.3199988765344781,2.248656941666796e-06,local_goal_sequence,0.35,0.18,0.0,-0.15,1.25,-1.57,1090.6892242345884,True,False,False,1.025703468136381,0.34720996022224426,0.39357337308308854,0.2720543003556417,0.2720543003556417,0.12151907272744683,82,70,3,4,0.3501133322715759,0.4097791612148285,True,1.0,,,108,1.0,0.0,113.24,1074.8263891211595,running,0.0,404.34185791015625,0.12430418282747269
118,6,hard_s_curve_sequences,-1.6499316212653867,-0.31999887947124633,2.2365853723049693e-06,local_goal_sequence,0.35,0.18,0.0,-0.55,1.75,-1.57,1095.804039229108,True,False,False,1.0215401326482354,0.3600471019744873,0.3935733730830885,0.27106393395548956,0.27106393395548956,0.12250943912759893,82,68,3,4,0.362105131149292,0.38605356216430664,True,1.0,,,107,1.0,0.0,113.44,1074.8824898744774,running,-431.0485534667969,463.28253173828125,0.12418012320995331
119,6,hard_s_curve_sequences,-1.6499316234967707,-0.31999889589395525,2.183935235060997e-06,local_goal_sequence,0.35,0.18,0.0,0.55,-1.75,1.57,1084.2305244557106,True,False,False,1.0257603157107436,0.3375508785247803,0.3935733730830886,0.2702051569555822,0.2702051569555822,0.12336821612750637,84,69,3,4,0.3394573926925659,0.4013165235519409,True,1.0,,,110,1.0,0.0,113.64,1075.3690870446733,running,-472.8945007324219,1384.05517578125,0.12231171131134033
120,6,hard_s_curve_sequences,-1.6199305234946169,-0.27999897625247105,2.3628026755648292e-06,local_goal_sequence,0.38,0.22,0.0,0.55,1.75,-1.57,1090.0017163711775,True,False,False,1.0855816643352094,0.30797895789146423,0.4390899680020029,0.27664195072513736,0.27664195072513736,0.16244801727686553,92,63,3,4,0.38798987865448,0.32963716983795166,True,1.0,,,114,1.0,0.0,114.08,1075.7752183994567,running,-451.2807922363281,660.1490478515625,0.11999928206205368
121,6,hard_s_curve_sequences,-1.6499308660601504,-0.6799989172100653,2.141190908874646e-06,local_goal_sequence,0.35,-0.18,0.0,0.55,-1.75,1.57,1093.8038927348264,True,False,False,1.043275737826794,0.36446571350097656,0.39357337308308843,0.27381159477528483,0.27381159477528483,0.1197617783078036,85,60,3,4,0.3742141127586365,0.3792746961116791,True,1.0,,,105,1.0,0.0,113.84,1076.3942762220179,running,0.0,136.46798706054688,0.12246523052453995
122,6,hard_s_curve_sequences,-1.619932837907778,-0.7199989019593586,2.364236835377461e-06,local_goal_sequence,0.38,-0.22,0.0,-0.15,-1.25,1.57,1069.0212350380966,True,False,False,1.050583171545506,0.27719101309776306,0.4390899680020031,0.2787213398289082,0.2787213398289082,0.16036862817309494,85,68,3,4,0.2806989848613739,0.4640160799026489,True,1.0,,,105,1.0,0.0,113.6,1075.4863235819016,running,-480.7491760253906,818.9896850585938,0.1240580603480339
123,6,hard_s_curve_sequences,-1.6199307072265159,-0.7199988168367514,2.243175103755698e-06,local_goal_sequence,0.38,-0.22,0.0,-0.15,1.25,-1.57,1067.8995876826823,True,False,False,1.054600227456972,0.27904078364372253,0.4390899680020031,0.2770353475780676,0.2770353475780676,0.16205462042393554,81,65,3,4,0.29563406109809875,0.45542845129966736,True,1.0,,,102,1.0,0.0,113.44,1075.1447860086912,running,-454.08929443359375,444.9183044433594,0.12350138276815414
124,6,hard_s_curve_sequences,-1.6499308228662657,-0.6799989108133765,2.1564214403459575e-06,local_goal_sequence,0.35,-0.18,0.0,-1.05,-1.25,1.57,1099.7129859786867,True,False,False,1.0518758524499707,0.3661508858203888,0.3935733730830886,0.277416958273083,0.277416958273083,0.1161564148100056,91,63,3,4,0.3797619044780731,0.3815779983997345,True,1.0,,,107,1.0,0.0,113.6,1077.8681871474969,running,0.0,500.717529296875,0.12414303421974182
125,6,hard_s_curve_sequences,-1.619931710538742,-0.27999882605416915,2.210513319032262e-06,local_goal_sequence,0.38,0.22,0.0,-1.05,1.25,-1.57,1077.089434027403,True,False,False,1.104002527820502,0.28204166889190674,0.43908996800200295,0.2766745456168547,0.2766745456168547,0.16241542238514828,95,51,3,4,0.4189167022705078,0.3007105886936188,True,1.0,,,112,1.0,0.0,114.0,1077.7444586748131,running,0.0,511.67364501953125,0.12333766371011734
126,6,hard_s_curve_sequences,-1.6499307945018853,-0.6799988685410342,2.2624462365928648e-06,local_goal_sequence,0.35,-0.18,0.0,0.55,1.75,-1.57,1096.0993311553875,True,False,False,1.0474062806868338,0.36147481203079224,0.39357337308308865,0.27828814953024317,0.27828814953024317,0.11528522355284548,83,60,3,4,0.3780919313430786,0.3747091591358185,True,1.0,,,104,1.0,0.0,113.84,1078.094527367446,running,0.0,998.4547119140625,0.12211727350950241
127,6,hard_s_curve_sequences,-1.619931680648658,-0.27999880916084297,2.230594125221373e-06,local_goal_sequence,0.38,0.22,0.0,-0.15,-1.25,1.57,1076.1552720050602,True,False,False,1.1115881558589125,0.25833824276924133,0.4390899680020029,0.2709841221271358,0.2709841221271358,0.1681058458748671,93,58,3,4,0.42923516035079956,0.2868724465370178,True,1.0,,,114,1.0,0.0,114.04,1078.1399578794487,running,0.0,1166.3837890625,0.1232956200838089
128,6,hard_s_curve_sequences,-1.6499308401057515,-0.6799989125072984,2.162592158442116e-06,local_goal_sequence,0.35,-0.18,0.0,0.55,1.75,-1.57,1096.839177760167,True,False,False,1.0497165186030248,0.36981701850891113,0.3935733730830886,0.27218317306220485,0.27218317306220485,0.12139020002088374,85,62,3,4,0.372056245803833,0.392257958650589,True,1.0,,,104,1.0,0.0,113.84,1078.5257922700068,running,0.0,241.91082763671875,0.12163042277097702
129,6,hard_s_curve_sequences,-1.6199328033960982,-0.7199988941769713,2.3602364864681452e-06,local_goal_sequence,0.38,-0.22,0.0,0.55,-1.75,1.57,1073.6399778264542,True,False,False,1.0618095470253208,0.30684053897857666,0.43908996800200295,0.2747791535614192,0.2747791535614192,0.16431081444058376,85,68,3,4,0.3173777759075165,0.43914052844047546,True,1.0,,,105,1.0,0.0,113.84,1077.6981390995074,running,-435.19744873046875,613.3092041015625,0.1200219988822937
130,6,hard_s_curve_sequences,-1.649930808376393,-0.6799988983256529,2.1937149843810687e-06,local_goal_sequence,0.35,-0.18,0.0,0.55,-1.75,1.57,1099.6453490933989,True,False,False,1.0447498397390078,0.3651565909385681,0.39357337308308865,0.2730813211697208,0.2730813211697208,0.12049205191336787,84,62,3,4,0.37533366680145264,0.3800373375415802,True,1.0,,,104,1.0,0.0,113.76,1078.7971360332422,running,-468.8324279785156,872.3523559570312,0.11851661652326584
131,6,hard_s_curve_sequences,-1.6199316824628185,-0.27999882259196684,2.19334879753124e-06,local_goal_sequence,0.38,0.22,0.0,1.05,1.25,-1.57,1089.9669793036187,True,False,False,1.0923960579081426,0.32172858715057373,0.43908996800200295,0.2727037010572542,0.2727037010572542,0.16638626694474873,94,60,3,4,0.378475159406662,0.3431491255760193,True,1.0,,,114,1.0,0.0,111.24,1078.1252658784706,running,-445.71636962890625,341.5771484375,0.11911850422620773
132,6,hard_s_curve_sequences,-1.619930811747583,-0.7199987712048828,2.216634373196721e-06,local_goal_sequence,0.38,-0.22,0.0,1.05,1.25,-1.57,1070.0367869665083,True,False,False,1.0632857630652428,0.28323957324028015,0.43908996800200295,0.27384994371152543,0.27384994371152543,0.16524002429047752,88,66,3,4,0.29106393456459045,0.4570298492908478,True,1.0,,,110,1.0,0.0,110.88,1077.5022578749454,running,-422.450927734375,296.41021728515625,0.11908303946256638
133,6,hard_s_curve_sequences,-1.6199307587641314,-0.7199988397095057,2.1744042894142576e-06,local_goal_sequence,0.38,-0.22,0.0,-1.05,-1.25,1.57,1070.8535013114345,True,False,False,1.0643096986196514,0.2692817151546478,0.43908996800200295,0.27257195461733563,0.27257195461733563,0.16651801338466732,89,67,3,4,0.2854865789413452,0.4640692472457886,True,1.0,,,111,1.0,0.0,108.04,1085.059569575822,running,0.0,784.4501342773438,0.12232973426580429
134,6,hard_s_curve_sequences,-1.6199316925199871,-0.2799988293072579,2.1718819896054703e-06,local_goal_sequence,0.38,0.22,0.0,-0.15,1.25,-1.57,1091.9928064977437,True,False,False,1.0987459896859206,0.3008462190628052,0.439089968002003,0.2708284539651709,0.2708284539651709,0.1682615140368321,94,61,3,4,0.403177946805954,0.33268073201179504,True,1.0,,,113,1.0,0.0,107.96,1085.341667903201,running,-385.2037048339844,691.9560546875,0.12253105640411377
135,6,hard_s_curve_sequences,-1.649932930927494,-0.6799989741144568,2.343625597538151e-06,local_goal_sequence,0.35,-0.18,0.0,-1.05,-1.25,1.57,1099.337917980523,True,False,False,1.0460211999871352,0.3717913031578064,0.39357337308308854,0.273703239840539,0.273703239840539,0.11987013324254953,86,63,3,4,0.3821144104003906,0.37996089458465576,True,1.0,,,105,1.0,0.0,107.96,1085.4948944076789,running,0.0,959.136474609375,0.1227676272392273
136,6,hard_s_curve_sequences,-1.6499298753113956,-0.6799989221734531,2.336450890334316e-06,local_goal_sequence,0.35,-0.18,0.0,-1.05,-1.25,1.57,1098.1527511384563,True,False,False,1.059100294970602,0.34585314989089966,0.3935733730830886,0.2732805114134321,0.2732805114134321,0.12029286166965647,91,62,3,4,0.36114218831062317,0.3801024258136749,True,1.0,,,110,1.0,0.0,108.32,1086.7206532110704,running,0.0,741.0306396484375,0.11947081983089447
137,6,hard_s_curve_sequences,-1.649932954861454,-0.6799989917081952,2.2975424923739477e-06,local_goal_sequence,0.35,-0.18,0.0,-1.05,-1.25,1.57,1093.7231383331466,True,False,False,1.0563551037317125,0.3401409685611725,0.39357337308308843,0.27668444143487547,0.27668444143487547,0.11688893164821296,91,58,3,4,0.3521937131881714,0.38939428329467773,True,1.0,,,110,1.0,0.0,108.28,1086.7935167511266,running,0.0,319.38232421875,0.12084360420703888
138,6,hard_s_curve_sequences,-1.6499308358710194,-0.6799989032168072,2.1486245070980425e-06,local_goal_sequence,0.35,-0.18,0.0,-0.55,-1.75,1.57,1092.97559175257,True,False,False,1.0569855799900372,0.3504592478275299,0.3935733730830885,0.2759166662436926,0.2759166662436926,0.11765670683939589,91,59,3,4,0.35448479652404785,0.3675180971622467,True,1.0,,,111,1.0,0.0,108.64,1086.5966786749273,running,-436.6919860839844,719.0899658203125,0.12154913693666458
139,6,hard_s_curve_sequences,-1.619933865319368,-0.27999893258857916,2.286787200566252e-06,local_goal_sequence,0.38,0.22,0.0,1.05,-1.25,1.57,1074.9651671182432,True,False,False,1.0964050592472894,0.3086024224758148,0.43908996800200295,0.2753855127767678,0.2753855127767678,0.16370445522523513,88,63,3,4,0.3977448046207428,0.3277442455291748,True,1.0,,,111,1.0,0.0,108.8,1085.5694840008705,running,0.0,246.12570190429688,0.1218893975019455
140,6,hard_s_curve_sequences,-1.619931713573501,-0.279998828303756,2.20332928114707e-06,local_goal_sequence,0.38,0.22,0.0,-0.15,-1.25,1.57,1076.7742311241739,True,False,False,1.0952754191723086,0.2958814203739166,0.4390899680020032,0.27963628107697847,0.27963628107697847,0.1594536869250247,90,63,3,4,0.4087439179420471,0.3114856779575348,True,1.0,,,112,1.0,0.0,109.0,1085.864312229966,running,0.0,715.7809448242188,0.12157443910837173
141,6,hard_s_curve_sequences,-1.6499308172684404,-0.6799988915458524,2.198771412543331e-06,local_goal_sequence,0.35,-0.18,0.0,-0.55,-1.75,1.57,1098.4472628097747,True,False,False,1.0435457514262279,0.3519340753555298,0.39357337308308854,0.27559952188404424,0.27559952188404424,0.1179738511990443,87,69,3,4,0.3550029397010803,0.3897343873977661,True,1.0,,,108,1.0,0.0,108.64,1086.7143152771575,running,0.0,1195.416015625,0.12375239282846451
142,6,hard_s_curve_sequences,-1.6499315998319897,-0.3199988780014599,2.2369628734048265e-06,local_goal_sequence,0.35,0.18,0.0,-0.15,1.25,-1.57,1086.9923875038367,True,False,False,1.0345518845143287,0.3563835322856903,0.39357337308308865,0.27882134069935693,0.27882134069935693,0.11475203238373172,84,68,3,4,0.3638691008090973,0.3764198124408722,True,1.0,,,111,1.0,0.0,108.76,1086.5664418079275,running,-422.0035400390625,199.85414123535156,0.11978121101856232
143,6,hard_s_curve_sequences,-1.619931690056878,-0.2799988438231929,2.1710531264665414e-06,local_goal_sequence,0.38,0.22,0.0,0.55,1.75,-1.57,1085.6294539944113,True,False,False,1.088508130372773,0.32034119963645935,0.439089968002003,0.27236390065669286,0.27236390065669286,0.16672606734531015,85,63,3,4,0.403212308883667,0.331022173166275,True,1.0,,,108,1.0,0.0,108.8,1086.1594583985395,running,-378.9518737792969,620.3345947265625,0.12179205566644669
144,6,hard_s_curve_sequences,-1.6199308699909631,-0.7199988088944533,2.115372591209107e-06,local_goal_sequence,0.38,-0.22,0.0,1.05,1.25,-1.57,1090.2023057168406,True,False,False,1.068807245075447,0.32655027508735657,0.43908996800200284,0.26908406057760975,0.26908406057760975,0.1700059074243931,83,66,3,4,0.3340957462787628,0.4252662658691406,True,1.0,,,103,1.0,0.0,108.52,1086.3983296489846,running,0.0,488.6998291015625,0.12332689762115479
145,6,hard_s_curve_sequences,-1.6199307049793787,-0.7199988208793701,2.2203911177062923e-06,local_goal_sequence,0.38,-0.22,0.0,1.05,-1.25,1.57,1069.693032120215,True,False,False,1.0578973881578175,0.27608823776245117,0.43908996800200295,0.27939952808326407,0.27939952808326407,0.15969043991873888,84,71,3,4,0.2906061112880707,0.46851950883865356,True,1.0,,,107,1.0,0.0,108.24,1085.5859822789464,running,-454.4854736328125,616.887451171875,0.12475746870040894
146,6,hard_s_curve_sequences,-1.6199317091871546,-0.27999880268974064,2.2633355822285605e-06,local_goal_sequence,0.38,0.22,0.0,0.55,1.75,-1.57,1074.8009589975243,True,False,False,1.1105752634321364,0.2910139858722687,0.4390899680020029,0.2742197789251405,0.2742197789251405,0.1648701890768624,94,68,3,4,0.4258720874786377,0.30295902490615845,True,1.0,,,119,1.0,0.0,108.8,1084.8258649294542,running,0.0,300.357177734375,0.12076986581087112
147,6,hard_s_curve_sequences,-1.6499295857246064,-0.679999135140804,2.555926094022775e-06,local_goal_sequence,0.35,-0.18,0.0,1.05,-1.25,1.57,1107.509813474168,True,False,False,1.0595866156546923,0.3635428249835968,0.3935733730830886,0.2789531101520895,0.2789531101520895,0.11462026293099908,89,69,3,4,0.37560027837753296,0.3664775490760803,True,1.0,,,109,1.0,0.0,108.96,1086.365408066897,running,-419.22772216796875,280.5423889160156,0.12103275209665298
148,6,hard_s_curve_sequences,-1.619930573889127,-0.27999909150032587,2.524579258102426e-06,local_goal_sequence,0.38,0.22,0.0,-0.55,-1.75,1.57,1086.8346385764548,True,False,False,1.0879376688275064,0.31594333052635193,0.43908996800200306,0.2790579654556409,0.2790579654556409,0.16003200254636218,86,66,3,4,0.4132503271102905,0.3225080668926239,True,1.0,,,110,1.0,0.0,109.28,1087.1228101026481,running,-452.76507568359375,678.9197387695312,0.12069528549909592
149,6,hard_s_curve_sequences,-1.6199382060371814,-0.27999881166685336,2.2325592227749514e-06,local_goal_sequence,0.38,0.22,0.0,0.55,1.75,-1.57,1073.8893932345527,True,False,False,1.1160629185853568,0.28088319301605225,0.43908996800200295,0.27026438419191817,0.27026438419191817,0.16882558381008478,91,64,3,4,0.44126999378204346,0.2832804322242737,True,1.0,,,114,1.0,0.0,109.56,1086.0898663928826,running,-428.6158447265625,277.88824462890625,0.1204601526260376
150,6,hard_s_curve_sequences,-1.6499308427464183,-0.6799989065692053,2.1692627688864214e-06,local_goal_sequence,0.35,-0.18,0.0,-1.05,-1.25,1.57,1095.0383756907925,True,False,False,1.0833825231859404,0.36237555742263794,0.39357337308308865,0.26805148016029823,0.26805148016029823,0.12552189292279042,90,62,3,4,0.37462088465690613,0.37062400579452515,True,1.0,,,107,1.0,0.0,109.36,1086.8078240594184,running,0.0,730.8812255859375,0.12249594926834106
151,6,hard_s_curve_sequences,-1.619931687761627,-0.27999884172305256,2.1743531539728937e-06,local_goal_sequence,0.38,0.22,0.0,-0.15,-1.25,1.57,1075.9313922405786,True,False,False,1.1020972700979457,0.2858859598636627,0.43908996800200295,0.27341406989838807,0.27341406989838807,0.16567589810361488,96,72,3,4,0.4462102949619293,0.2902219593524933,True,1.0,,,119,1.0,0.0,109.96,1086.001106502826,running,-458.1480407714844,578.281494140625,0.12205114215612411
152,6,hard_s_curve_sequences,-1.6199328570600986,-0.7199989140410646,2.3171413933844004e-06,local_goal_sequence,0.38,-0.22,0.0,1.05,1.25,-1.57,1058.2325682515857,True,False,False,1.0649509898980276,0.23907066881656647,0.4390899680020029,0.2768695466545344,0.2768695466545344,0.1622204213474685,89,69,3,4,0.24903914332389832,0.5019339919090271,True,1.0,,,111,1.0,0.0,109.84,1085.2841983526869,running,0.0,274.45367431640625,0.12424474209547043
153,6,hard_s_curve_sequences,-1.649930842018982,-0.679998904278246,2.18237127093537e-06,local_goal_sequence,0.35,-0.18,0.0,-1.05,1.25,-1.57,1083.8732666009776,True,False,False,1.0700681152799894,0.33466774225234985,0.3935733730830886,0.27355313815583815,0.27355313815583815,0.12002023492725045,89,64,3,4,0.40621572732925415,0.33466774225234985,True,1.0,,,109,1.0,0.0,110.04,1084.7655619063196,running,-476.140869140625,827.4501953125,0.12534116208553314
154,6,hard_s_curve_sequences,-1.6499306868597452,-0.31999897617349143,2.3349305352954796e-06,local_goal_sequence,0.35,0.18,0.0,0.55,-1.75,1.57,1091.0243359247513,True,False,False,1.032883726250353,0.32767120003700256,0.39357337308308854,0.27067091433196755,0.27067091433196755,0.12290245875112099,80,69,3,4,0.3312997817993164,0.41168639063835144,True,1.0,,,106,1.0,0.0,110.08,1085.4609362302515,running,-470.6087646484375,508.1399230957031,0.1246308758854866
155,6,hard_s_curve_sequences,-1.6199354670541146,-0.7199989449534072,2.307265998120542e-06,local_goal_sequence,0.38,-0.22,0.0,-1.05,-1.25,1.57,1068.3681316976902,True,False,False,1.0664907525737721,0.2888881266117096,0.43908996800200295,0.2713157311262624,0.2713157311262624,0.16777423687574056,84,67,3,4,0.29166316986083984,0.4568890333175659,True,1.0,,,106,1.0,0.0,110.16,1084.209847534423,running,-452.1837158203125,1007.0411376953125,0.12176990509033203
156,6,hard_s_curve_sequences,-1.649931622005228,-0.3199989096644185,2.165950434186732e-06,local_goal_sequence,0.35,0.18,0.0,-0.55,-1.75,1.57,1081.2753082305562,True,False,False,1.0359793196069327,0.3200908899307251,0.39357337308308854,0.2725167319038985,0.2725167319038985,0.12105664117919002,79,70,3,4,0.3304118514060974,0.41049906611442566,True,1.0,,,104,1.0,0.0,109.76,1083.8621806915007,running,-430.3526611328125,624.902587890625,0.1223868578672409
157,6,hard_s_curve_sequences,-1.6199317141096832,-0.27999882230748396,2.192209319751903e-06,local_goal_sequence,0.38,0.22,0.0,0.55,-1.75,1.57,1077.3046381914276,True,False,False,1.0953381084882348,0.28363683819770813,0.43908996800200284,0.27674340369133477,0.27674340369133477,0.16234656431066807,89,65,3,4,0.4155157208442688,0.3111686408519745,True,1.0,,,111,1.0,0.0,109.8,1084.1528947404972,running,0.0,488.7333984375,0.12390659749507904
158,6,hard_s_curve_sequences,-1.6499316218700646,-0.3199988770288198,2.255404102115687e-06,local_goal_sequence,0.35,0.18,0.0,0.55,-1.75,1.57,1089.998143534664,True,False,False,1.0360225961961607,0.3371882438659668,0.3935733730830887,0.2799187088150388,0.2799187088150388,0.11365466426804993,80,73,3,4,0.3371882438659668,0.40203312039375305,True,1.0,,,107,1.0,0.0,109.64,1084.9186804294263,running,-448.95391845703125,359.108642578125,0.1218956783413887
159,6,hard_s_curve_sequences,-1.6199339177175385,-0.7199992847771434,2.202428871370435e-06,local_goal_sequence,0.38,-0.22,0.0,-0.55,1.75,-1.57,1070.5875701212108,True,False,False,1.0621454511224244,0.25220590829849243,0.43908996800200306,0.2776295051714896,0.2776295051714896,0.16146046283051346,84,70,3,4,0.2609296143054962,0.48655611276626587,True,1.0,,,108,1.0,0.0,109.44,1084.062470974365,running,-426.8429260253906,754.4284057617188,0.1252727508544922
160,6,hard_s_curve_sequences,-1.6499380947407796,-0.3199983423705107,2.1743648252734698e-06,local_goal_sequence,0.35,0.18,0.0,-1.05,1.25,-1.57,1082.7208465320166,True,False,False,1.0243855748743078,0.33375608921051025,0.3935733730830885,0.2769927447817875,0.2769927447817875,0.116580628301301,80,72,3,4,0.3390187919139862,0.4233125150203705,True,1.0,,,103,1.0,0.0,109.36,1083.3977881164249,running,0.0,168.84130859375,0.12446443736553192
161,6,hard_s_curve_sequences,-1.6199328182376358,-0.7199989016541981,2.3356876050897632e-06,local_goal_sequence,0.38,-0.22,0.0,-0.15,1.25,-1.57,1071.9402062921154,True,False,False,1.0717132418822373,0.2776256203651428,0.4390899680020029,0.27267003262089917,0.27267003262089917,0.16641993538110372,83,78,3,4,0.28965774178504944,0.46731093525886536,True,1.0,,,110,1.0,0.0,109.36,1082.349286322571,running,0.0,390.116455078125,0.12603352963924408
162,6,hard_s_curve_sequences,-1.619937980669255,-0.27999889666252487,2.216996315005957e-06,local_goal_sequence,0.38,0.22,0.0,0.55,-1.75,1.57,1076.6597982895412,True,False,False,1.0745959562381953,0.3082863986492157,0.43908996800200306,0.27390732303797827,0.27390732303797827,0.1651826449640248,88,70,3,4,0.4262852966785431,0.3242586851119995,True,1.0,,,111,1.0,0.0,109.4,1081.6667527208267,running,-417.5438537597656,493.7326354980469,0.1255970448255539
163,6,hard_s_curve_sequences,-1.6199307577500175,-0.7199988297570801,2.1848038550784517e-06,local_goal_sequence,0.38,-0.22,0.0,0.55,-1.75,1.57,1069.538864046348,True,False,False,1.071219271029653,0.28903907537460327,0.43908996800200295,0.27098652028192305,0.27098652028192305,0.1681034477200799,87,67,3,4,0.3012206554412842,0.4577452540397644,True,1.0,,,108,1.0,0.0,109.28,1080.729283612578,running,-439.9844055175781,218.4957275390625,0.1235969141125679
164,6,hard_s_curve_sequences,-1.649930832562339,-0.6799989079924128,2.176759199108422e-06,local_goal_sequence,0.35,-0.18,0.0,-1.05,-1.25,1.57,1099.5831045259574,True,False,False,1.05310565436807,0.3457728922367096,0.39357337308308843,0.2726620624217329,0.2726620624217329,0.12091131066135552,84,66,3,4,0.3907158076763153,0.3613176643848419,True,1.0,,,104,1.0,0.0,109.0,1081.7140011088866,running,-380.53472900390625,314.4744873046875,0.12259426712989807
165,6,hard_s_curve_sequences,-1.6499316043120067,-0.31999888268281546,2.228529701177085e-06,local_goal_sequence,0.35,0.18,0.0,-0.15,1.25,-1.57,1092.4005762616675,True,False,False,1.0315526833962043,0.3264477252960205,0.3935733730830884,0.27382671609736836,0.27382671609736836,0.11974665698572001,82,69,3,4,0.3466489911079407,0.4121323525905609,True,1.0,,,106,1.0,0.0,108.76,1082.3390549143865,running,-403.4646911621094,489.550048828125,0.12160160392522812
166,6,hard_s_curve_sequences,-1.64993377798217,-0.31999895403492606,2.3941980504048976e-06,local_goal_sequence,0.35,0.18,0.0,0.55,1.75,-1.57,1084.0800738825426,True,False,False,1.0324821213703177,0.3334912061691284,0.3935733730830885,0.2762426336296931,0.2762426336296931,0.1173307394533954,79,70,3,4,0.3438745439052582,0.4252920150756836,True,1.0,,,104,1.0,0.0,108.6,1081.7643673572973,running,-431.83636474609375,513.3196411132812,0.12043990939855576
167,6,hard_s_curve_sequences,-1.6199294063747647,-0.7199988412837743,2.4237206992159206e-06,local_goal_sequence,0.38,-0.22,0.0,1.05,1.25,-1.57,1067.795247869297,True,False,False,1.0545309932199525,0.2944105565547943,0.43908996800200295,0.2791119656815738,0.2791119656815738,0.15997800232042914,84,65,3,4,0.29783716797828674,0.4605761468410492,True,1.0,,,103,1.0,0.0,108.28,1080.9964817719156,running,0.0,358.5961608886719,0.12007849663496017
168,6,hard_s_curve_sequences,-1.6199338526218838,-0.2799989001623554,2.3685395343749043e-06,local_goal_sequence,0.38,0.22,0.0,-0.15,-1.25,1.57,1079.1617818090956,True,False,False,1.0727707696336422,0.3108254373073578,0.439089968002003,0.2785866863444985,0.2785866863444985,0.1605032816575045,84,67,3,4,0.42070892453193665,0.3295406401157379,True,1.0,,,108,1.0,0.0,108.28,1080.7377748845029,running,0.0,567.4688720703125,0.11800793558359146
169,6,hard_s_curve_sequences,-1.619931210433375,-0.27999858931958393,2.0582089903839815e-06,local_goal_sequence,0.38,0.22,0.0,-0.15,-1.25,1.57,1080.5509059124902,True,False,False,1.0838104988542723,0.2960209548473358,0.4390899680020031,0.27283821909961775,0.27283821909961775,0.16625174890238537,91,70,3,4,0.4087933301925659,0.3068848252296448,True,1.0,,,112,1.0,0.0,108.64,1080.3517188923288,running,0.0,124.29670715332031,0.11820901930332184
170,6,hard_s_curve_sequences,-1.6499308198344864,-0.6799988893170945,2.2254812567206903e-06,local_goal_sequence,0.35,-0.18,0.0,1.05,-1.25,1.57,1096.0790125057613,True,False,False,1.0512823705016159,0.36439040303230286,0.3935733730830886,0.2799822525921194,0.2799822525921194,0.1135911204909692,85,62,3,4,0.38145923614501953,0.3769911229610443,True,1.0,,,104,1.0,0.0,108.52,1081.4071581077505,running,0.0,354.94989013671875,0.1190054714679718
171,6,hard_s_curve_sequences,-1.6499308143172569,-0.6799989012420008,2.1754868950795078e-06,local_goal_sequence,0.35,-0.18,0.0,-0.15,1.25,-1.57,1100.4013781968667,True,False,False,1.0557568822071302,0.3615743815898895,0.3935733730830885,0.27272426021986923,0.27272426021986923,0.12084911286321925,91,63,3,4,0.3773491382598877,0.3777690827846527,True,1.0,,,111,1.0,0.0,108.2,1082.4311748757245,running,-417.58941650390625,303.2784118652344,0.12041670829057693
172,6,hard_s_curve_sequences,-1.649933780036526,-0.31999898144574024,2.3187203531316246e-06,local_goal_sequence,0.35,0.18,0.0,-1.05,1.25,-1.57,1091.8601621631117,True,False,False,1.034631027700835,0.34365373849868774,0.39357337308308854,0.27966263526120433,0.27966263526120433,0.11391073782188421,74,67,3,4,0.35642579197883606,0.3928980231285095,True,1.0,,,102,1.0,0.0,107.92,1081.8051888232824,running,-378.851318359375,402.71124267578125,0.12171716243028641
173,6,hard_s_curve_sequences,-1.6499308023417472,-0.6799988819114041,2.2308755390001135e-06,local_goal_sequence,0.35,-0.18,0.0,-0.15,-1.25,1.57,1080.9571001379063,True,False,False,1.0807191253497732,0.3304879665374756,0.39357337308308843,0.27540725873611865,0.27540725873611865,0.11816611434696978,89,60,3,4,0.4072662889957428,0.3435209393501282,True,1.0,,,109,1.0,0.0,107.88,1081.5700872857403,running,0.0,219.3679656982422,0.11874789744615555
174,6,hard_s_curve_sequences,-1.6199306293711746,-0.7199988644276748,2.294986409707929e-06,local_goal_sequence,0.38,-0.22,0.0,0.55,1.75,-1.57,1070.989050791462,True,False,False,1.062061351324468,0.2706059217453003,0.4390899680020031,0.2755091607010396,0.2755091607010396,0.16358080730096353,90,59,3,4,0.2766650319099426,0.464163601398468,True,1.0,,,111,1.0,0.0,107.76,1081.4540735880166,running,-436.1148681640625,435.8626708984375,0.11717135459184647
175,6,hard_s_curve_sequences,-1.619930741932916,-0.719998828283035,2.1702913912355323e-06,local_goal_sequence,0.38,-0.22,0.0,-0.15,1.25,-1.57,1071.3234664321353,True,False,False,1.0657360177661612,0.2743844985961914,0.43908996800200295,0.26928171218709096,0.26928171218709096,0.169808255814912,89,66,3,4,0.2844811677932739,0.47100830078125,True,1.0,,,111,1.0,0.0,107.92,1080.5054772176704,running,0.0,745.3958129882812,0.11719228327274323
176,6,hard_s_curve_sequences,-1.6499329571015198,-0.679998995492731,2.2967161402523973e-06,local_goal_sequence,0.35,-0.18,0.0,-1.05,-1.25,1.57,1085.8201630447522,True,False,False,1.0735761736761726,0.3279271125793457,0.39357337308308854,0.27146294688184547,0.27146294688184547,0.12211042620124307,89,62,3,4,0.4036998152732849,0.33325672149658203,True,1.0,,,109,1.0,0.0,107.52,1080.9010280498374,running,-413.6622619628906,403.51251220703125,0.11773788928985596
177,6,hard_s_curve_sequences,-1.649932958725878,-0.6799989991330577,2.286297148139024e-06,local_goal_sequence,0.35,-0.18,0.0,1.05,-1.25,1.57,1096.729185963502,True,False,False,1.058126917420279,0.35799065232276917,0.3935733730830885,0.27304715290695014,0.27304715290695014,0.12052622017613834,91,60,3,4,0.3863148093223572,0.37043628096580505,True,1.0,,,110,1.0,0.0,107.48,1082.4408927583138,running,-418.52374267578125,544.481201171875,0.11720898747444153
178,6,hard_s_curve_sequences,-1.6499309282267773,-0.6799988745148218,2.099188320172052e-06,local_goal_sequence,0.35,-0.18,0.0,-0.55,1.75,-1.57,1103.7453453970058,True,False,False,1.0576985270209518,0.3616528809070587,0.39357337308308865,0.2729479220540246,0.2729479220540246,0.12062545102906402,92,65,3,4,0.3703809976577759,0.37304791808128357,True,1.0,,,109,1.0,0.0,107.48,1083.2357759101549,running,0.0,368.6859130859375,0.11782564222812653
179,6,hard_s_curve_sequences,-1.6199309563903022,-0.2799986704507299,2.110243698243341e-06,local_goal_sequence,0.38,0.22,0.0,0.55,1.75,-1.57,1081.4248395209072,True,False,False,1.0808205081150422,0.31286996603012085,0.439089968002003,0.2727607744766392,0.2727607744766392,0.1663291935253638,88,66,3,4,0.42497846484184265,0.31930017471313477,True,1.0,1.0,0.0,109,1.0,0.0,107.6,1082.8517960540012,promoted,-419.8754577636719,923.3228149414062,0.11758045852184296
180,7,hard_winding_sequences,-1.6599317508657854,-0.2599988871625407,2.284765031555091e-06,local_goal_sequence,0.34,0.24,0.0,1.05,1.25,-1.57,1097.0474982023152,True,False,False,1.3381398328823053,0.24862870573997498,0.41617304093369617,0.29773718337113303,0.29773718337113303,0.11843585756256314,120,53,4,5,0.4026978015899658,0.2759219706058502,True,1.0,,,140,1.0,0.0,140.0,1097.0474982023152,running,-395.1298828125,284.35382080078125,0.11889401823282242
181,7,hard_winding_sequences,-1.6599313499259611,-0.2599993774773964,2.6094799560688505e-06,local_goal_sequence,0.34,0.24,0.0,-1.05,1.25,-1.57,1101.4325326603582,True,False,False,1.305241179986473,0.28869298100471497,0.41617304093369617,0.2948420705431759,0.2948420705431759,0.12133097039052027,114,60,4,5,0.36839038133621216,0.31646493077278137,True,1.0,,,135,1.0,0.0,137.5,1099.2400154313368,running,0.0,471.1014404296875,0.12244919687509537
182,7,hard_winding_sequences,-1.6599307040356979,-0.739998923619489,2.1924193482972923e-06,local_goal_sequence,0.34,-0.24,0.0,0.55,-1.75,1.57,1086.2547409974495,True,False,False,1.2738734260248215,0.2894963026046753,0.4161730409336962,0.2969956078868543,0.2969956078868543,0.11917743304684192,100,76,4,5,0.301484614610672,0.4413245618343353,True,1.0,,,125,1.0,0.0,133.33333333333334,1094.9115906200411,running,-387.74346923828125,335.201171875,0.1214456707239151
183,7,hard_winding_sequences,-1.6599303873939932,-0.25999894098801124,2.283303168306892e-06,local_goal_sequence,0.34,0.24,0.0,-0.15,-1.25,1.57,1096.7761478183807,True,False,False,1.3200626364713606,0.2634966969490051,0.4161730409336961,0.29984952293376577,0.29984952293376577,0.11632351799993035,114,57,4,5,0.39320245385169983,0.28110381960868835,True,1.0,,,134,1.0,0.0,133.5,1095.3777299196258,running,-376.26873779296875,576.171142578125,0.12183085829019547
184,7,hard_winding_sequences,-1.699931651742622,-0.2999989868169447,2.27191156140189e-06,local_goal_sequence,0.3,0.2,0.0,1.05,-1.25,1.57,1090.2465345004975,True,False,False,1.2362317536200234,0.3138514459133148,0.360555127546399,0.2987254732700661,0.2987254732700661,0.06182965427633291,101,67,4,5,0.36499008536338806,0.31821414828300476,True,1.0,,,126,1.0,0.0,132.0,1094.3514908358002,running,-381.8725891113281,1057.7811279296875,0.12183907628059387
185,7,hard_winding_sequences,-1.6999307455119337,-0.699998982111625,2.2832934723188082e-06,local_goal_sequence,0.3,-0.2,0.0,-0.15,1.25,-1.57,1099.210644918757,True,False,False,1.22993222085251,0.3058640956878662,0.3605551275463989,0.2945287607439359,0.2945287607439359,0.06602636680246299,106,62,4,5,0.3183300793170929,0.3890100419521332,True,1.0,,,125,1.0,0.0,130.83333333333334,1095.1613498496263,running,0.0,394.2210388183594,0.12102548032999039
186,7,hard_winding_sequences,-1.6999316471562842,-0.2999990191722911,2.1477719457458178e-06,local_goal_sequence,0.3,0.2,0.0,0.55,1.75,-1.57,1098.3811448315241,True,False,False,1.238854011727557,0.30686479806900024,0.3605551275463988,0.29189174570090637,0.29189174570090637,0.06866338184549242,101,69,4,5,0.38072437047958374,0.31790196895599365,True,1.0,,,125,1.0,0.0,130.0,1095.621320561326,running,-414.5262756347656,758.6577758789062,0.12039738893508911
187,7,hard_winding_sequences,-1.6599308918759308,-0.25999903535368685,2.3065283840924065e-06,local_goal_sequence,0.34,0.24,0.0,0.55,-1.75,1.57,1089.6267635480885,True,False,False,1.3095011373678107,0.2846599221229553,0.41617304093369634,0.2982119292011926,0.2982119292011926,0.11796111173250373,112,59,4,5,0.4068514108657837,0.2957468330860138,True,1.0,,,130,1.0,0.0,130.0,1094.8720009346714,running,-394.57684326171875,991.8450317382812,0.11796866357326508
188,7,hard_winding_sequences,-1.6599362760274134,-0.25999904028296744,2.151646675995338e-06,local_goal_sequence,0.34,0.24,0.0,-1.05,-1.25,1.57,1093.4196453688903,True,False,False,1.3090632635343162,0.27416831254959106,0.4161730409336963,0.2964229292248102,0.2964229292248102,0.11975011170888605,117,67,4,5,0.40782323479652405,0.2835690379142761,True,1.0,,,134,1.0,0.0,130.44444444444446,1094.710628094029,running,-416.7814025878906,869.0977783203125,0.11763286590576172
189,7,hard_winding_sequences,-1.6999316597598577,-0.2999989797245835,2.2880885931087524e-06,local_goal_sequence,0.3,0.2,0.0,-0.15,1.25,-1.57,1088.0487668132218,True,False,False,1.227826899881047,0.31944239139556885,0.3605551275463989,0.2971500865334932,0.2971500865334932,0.06340504101290573,96,68,4,5,0.37215253710746765,0.32902204990386963,True,1.0,,,119,1.0,0.0,129.3,1094.0444419659484,running,0.0,246.06106567382812,0.11565010249614716
190,7,hard_winding_sequences,-1.6599296497381246,-0.7399989396470583,2.4084204161007783e-06,local_goal_sequence,0.34,-0.24,0.0,1.05,1.25,-1.57,1091.8714907513863,True,False,False,1.2877867024999434,0.2652011215686798,0.4161730409336963,0.29995903198959784,0.29995903198959784,0.11621400894409845,105,62,4,5,0.28499943017959595,0.3940020799636841,True,1.0,,,131,1.0,0.0,129.45454545454547,1093.8469009464427,running,-408.3084411621094,324.0765380859375,0.11462970823049545
191,7,hard_winding_sequences,-1.699930851686359,-0.2999990135811648,2.3558548312554083e-06,local_goal_sequence,0.3,0.2,0.0,1.05,-1.25,1.57,1098.999288297394,True,False,False,1.235852569920676,0.3356519937515259,0.360555127546399,0.2926611125801465,0.2926611125801465,0.06789401496625252,97,73,4,5,0.3629957437515259,0.33951446413993835,True,1.0,,,127,1.0,0.0,129.25,1094.2762665590221,running,0.0,523.3994140625,0.11247275024652481
192,7,hard_winding_sequences,-1.699930668287078,-0.29999911190628537,2.4953622657597315e-06,local_goal_sequence,0.3,0.2,0.0,1.05,1.25,-1.57,1093.4981091812838,True,False,False,1.2382054479481635,0.32358524203300476,0.3605551275463989,0.2940745679649008,0.2940745679649008,0.06648055958149812,98,73,4,5,0.36551326513290405,0.3356449007987976,True,1.0,,,124,1.0,0.0,128.84615384615384,1094.2164082991962,running,0.0,647.58740234375,0.10798918455839157
193,7,hard_winding_sequences,-1.6599317491243057,-0.2599989272804376,2.1719433880442958e-06,local_goal_sequence,0.34,0.24,0.0,1.05,-1.25,1.57,1100.6532146142047,True,False,False,1.309012951651317,0.280408650636673,0.4161730409336962,0.2990097331225872,0.2990097331225872,0.11716330781110901,112,57,4,5,0.3823932111263275,0.30386003851890564,True,1.0,,,132,1.0,0.0,129.07142857142858,1094.6761801788396,running,0.0,289.33746337890625,0.10973010212182999
194,7,hard_winding_sequences,-1.6599338897604985,-0.2599989918993151,2.363828397667224e-06,local_goal_sequence,0.34,0.24,0.0,-0.15,1.25,-1.57,1096.5800539922075,True,False,False,1.3079931346884228,0.30184265971183777,0.4161730409336963,0.2958026044740747,0.2958026044740747,0.12037043645962159,115,55,4,5,0.3955501914024353,0.3193565905094147,True,1.0,,,134,1.0,0.0,129.4,1094.8031050997308,running,0.0,665.5179443359375,0.11045870184898376
195,7,hard_winding_sequences,-1.6599306974510089,-0.7399989253016264,2.176154628212972e-06,local_goal_sequence,0.34,-0.24,0.0,-0.15,-1.25,1.57,1093.1510978384542,True,False,False,1.289163769565858,0.28579431772232056,0.4161730409336961,0.291666180845488,0.291666180845488,0.1245068600882081,109,79,4,5,0.3066244125366211,0.4093908667564392,True,1.0,,,134,1.0,0.0,129.6875,1094.699854645901,running,0.0,1058.860107421875,0.1121097207069397
196,7,hard_winding_sequences,-1.6599306991898086,-0.7399989362149777,2.148551115951409e-06,local_goal_sequence,0.34,-0.24,0.0,1.05,-1.25,1.57,1094.8555378097108,True,False,False,1.297828451053381,0.2969033420085907,0.4161730409336961,0.2919940601059646,0.2919940601059646,0.12417898082773149,108,68,4,5,0.3153156638145447,0.3964455723762512,True,1.0,,,132,1.0,0.0,129.8235294117647,1094.7090124790664,running,0.0,398.72650146484375,0.11153484135866165
197,7,hard_winding_sequences,-1.6999307777359098,-0.6999990183051531,2.1672402851389457e-06,local_goal_sequence,0.3,-0.2,0.0,1.05,-1.25,1.57,1092.8863616700546,True,False,False,1.2250361555607312,0.2903061807155609,0.36055512754639896,0.29792292904480105,0.29792292904480105,0.0626321985015979,106,72,4,5,0.30217960476875305,0.42544230818748474,True,1.0,,,126,1.0,0.0,129.61111111111111,1094.607754100788,running,0.0,533.9364624023438,0.11072419583797455
198,7,hard_winding_sequences,-1.6999316422432709,-0.29999901558901976,2.1622549763784405e-06,local_goal_sequence,0.3,0.2,0.0,-0.15,-1.25,1.57,1098.2450496540175,True,False,False,1.2481804679257045,0.32134631276130676,0.3605551275463989,0.29656223739121446,0.29656223739121446,0.06399289015518445,105,69,4,5,0.3598114550113678,0.3224279284477234,True,1.0,,,131,1.0,0.0,129.68421052631578,1094.7991907088526,running,-333.1343078613281,550.457275390625,0.10846564173698425
199,7,hard_winding_sequences,-1.6999316460015994,-0.29999902089214453,2.1626970695847893e-06,local_goal_sequence,0.3,0.2,0.0,1.05,-1.25,1.57,1092.5440106093104,True,False,False,1.24322860295464,0.3211825489997864,0.36055512754639896,0.29901882019460946,0.29901882019460946,0.0615363073517895,99,69,4,5,0.3211825489997864,0.366044819355011,True,1.0,,,125,1.0,0.0,129.45,1094.6864317038758,running,0.0,545.6443481445312,0.11192840337753296
200,7,hard_winding_sequences,-1.699933838276466,-0.29999910225609544,2.3070242232971595e-06,local_goal_sequence,0.3,0.2,0.0,-1.05,-1.25,1.57,1101.1901882462603,True,False,False,1.2553018909622387,0.3330075442790985,0.36055512754639896,0.2926494419661295,0.2926494419661295,0.06790568558026944,101,72,4,5,0.35400497913360596,0.3433978855609894,True,1.0,,,128,1.0,0.0,129.38095238095238,1094.99613439637,running,0.0,587.3106079101562,0.11002751439809799
201,7,hard_winding_sequences,-1.6999307846693226,-0.6999990087199552,2.1765339681769048e-06,local_goal_sequence,0.3,-0.2,0.0,0.55,-1.75,1.57,1081.894257567344,True,False,False,1.2144892614461682,0.2927260100841522,0.36055512754639907,0.29652066514242026,0.29652066514242026,0.06403446240397881,99,66,4,5,0.30413979291915894,0.4394597113132477,True,1.0,,,121,1.0,0.0,129.0,1094.4005945405052,running,-470.4686584472656,416.2126159667969,0.1076703667640686
202,7,hard_winding_sequences,-1.659931747990615,-0.2599988907163715,2.2430715160889103e-06,local_goal_sequence,0.34,0.24,0.0,-1.05,-1.25,1.57,1102.898443982446,True,False,False,1.3188998215730476,0.27471598982810974,0.4161730409336962,0.2959939552089407,0.2959939552089407,0.12017908572475555,118,60,4,5,0.3948875665664673,0.2805715799331665,True,1.0,,,140,1.0,0.0,129.47826086956522,1094.7700662553723,running,-389.67242431640625,338.59124755859375,0.11099574714899063
203,7,hard_winding_sequences,-1.6999299797870286,-0.6999990585893082,2.244569399276426e-06,local_goal_sequence,0.3,-0.2,0.0,-1.05,1.25,-1.57,1083.6373581238277,True,False,False,1.2119142467013133,0.2773211598396301,0.36055512754639885,0.29220660056440473,0.29220660056440473,0.06834852698199412,101,62,4,5,0.2829854488372803,0.43428656458854675,True,1.0,,,123,1.0,0.0,129.20833333333334,1094.3062034165578,running,0.0,675.1967163085938,0.11322977393865585
204,7,hard_winding_sequences,-1.6999307976715408,-0.6999990096227307,2.1888328826710904e-06,local_goal_sequence,0.3,-0.2,0.0,-1.05,1.25,-1.57,1083.6838545170606,True,False,False,1.216109225462925,0.2819836437702179,0.36055512754639885,0.2902005164011578,0.2902005164011578,0.07035461114524105,103,66,4,5,0.2899795174598694,0.44587990641593933,True,1.0,,,123,1.0,0.0,128.96,1093.881309460578,running,-391.4223937988281,344.96490478515625,0.11301150172948837
205,7,hard_winding_sequences,-1.6999307200149256,-0.2999992399173709,2.40122050199322e-06,local_goal_sequence,0.3,0.2,0.0,-1.05,1.25,-1.57,1107.578887660726,True,False,False,1.23345227309594,0.32989415526390076,0.3605551275463989,0.29904235819228697,0.29904235819228697,0.06151276935411193,106,72,4,5,0.3359469175338745,0.374659925699234,True,1.0,,,126,1.0,0.0,128.4,1094.3025650389143,running,-402.166748046875,201.31719970703125,0.11308939754962921
206,7,hard_winding_sequences,-1.6999317354037031,-0.29999898014278364,2.1081159215192323e-06,local_goal_sequence,0.3,0.2,0.0,0.55,-1.75,1.57,1106.538071510827,True,False,False,1.2348295555873123,0.3321799039840698,0.36055512754639896,0.29997998900247747,0.29997998900247747,0.06057513854392149,101,74,4,5,0.34330692887306213,0.3682912290096283,True,1.0,,,127,1.0,0.0,128.08,1094.5067865929332,running,0.0,412.80084228515625,0.11228536069393158
207,7,hard_winding_sequences,-1.6599307279652256,-0.739998936620753,2.1545111222541965e-06,local_goal_sequence,0.34,-0.24,0.0,-1.05,-1.25,1.57,1096.5862372329575,True,False,False,1.286843140885968,0.2741301357746124,0.4161730409336963,0.29484020305270764,0.29484020305270764,0.12133283788098864,111,65,4,5,0.29212191700935364,0.4222766160964966,True,1.0,,,133,1.0,0.0,128.4,1094.9200464423534,running,-358.88299560546875,403.63177490234375,0.11155202239751816
208,7,hard_winding_sequences,-1.6599307062102904,-0.7399989332728335,2.141449962086407e-06,local_goal_sequence,0.34,-0.24,0.0,0.55,-1.75,1.57,1084.0977103497332,True,False,False,1.2918929444358873,0.26430147886276245,0.4161730409336962,0.29855651325496957,0.29855651325496957,0.11761652767872666,106,66,4,5,0.2690806984901428,0.42926493287086487,True,1.0,,,134,1.0,0.0,128.4,1094.4129089436074,running,-426.1415710449219,307.76910400390625,0.11228916049003601
209,7,hard_winding_sequences,-1.6599317320131683,-0.2599989281014704,2.15982494705122e-06,local_goal_sequence,0.34,0.24,0.0,0.55,-1.75,1.57,1087.1704789788387,True,False,False,1.3388244610306241,0.25381946563720703,0.4161730409336963,0.29386129348130885,0.29386129348130885,0.12231174745238743,118,45,4,5,0.358775794506073,0.2849735915660858,True,1.0,,,137,1.0,0.0,128.84,1094.2898667227407,running,0.0,1232.1533203125,0.11312391608953476
210,7,hard_winding_sequences,-1.6599317506237083,-0.2599988868117783,2.2864462307534528e-06,local_goal_sequence,0.34,0.24,0.0,1.05,1.25,-1.57,1084.4214447915058,True,False,False,1.3299272789278183,0.24989208579063416,0.4161730409336962,0.2976459566428909,0.2976459566428909,0.11852708429080533,122,57,4,5,0.39153826236724854,0.2784523665904999,True,1.0,,,141,1.0,0.0,129.48,1093.6982987176507,running,-402.8568115234375,670.99462890625,0.11339326947927475
211,7,hard_winding_sequences,-1.6599317294015663,-0.2599989348370468,2.1413997246952826e-06,local_goal_sequence,0.34,0.24,0.0,-1.05,1.25,-1.57,1062.7253201588937,True,False,False,1.3610331526342718,0.22480139136314392,0.41617304093369617,0.2917820603878013,0.2917820603878013,0.12439098054589487,120,53,4,5,0.39179685711860657,0.2555221915245056,True,1.0,,,139,1.0,0.0,130.04,1092.272065730746,running,0.0,935.9744262695312,0.1134454607963562
212,7,hard_winding_sequences,-1.6599381727847335,-0.7399993154041008,2.193859571841851e-06,local_goal_sequence,0.34,-0.24,0.0,-0.15,-1.25,1.57,1068.8512970868674,True,False,False,1.2882491295173237,0.2442772537469864,0.4161730409336963,0.29743432240685813,0.29743432240685813,0.11873871852683815,104,60,4,5,0.2657909393310547,0.4481324553489685,True,1.0,,,132,1.0,0.0,130.12,1091.441047072297,running,0.0,1210.633544921875,0.11472682654857635
213,7,hard_winding_sequences,-1.699931673899193,-0.2999990024340089,2.1935139266116914e-06,local_goal_sequence,0.3,0.2,0.0,-0.15,1.25,-1.57,1089.5736532069493,True,False,False,1.252651582158132,0.2999449670314789,0.36055512754639896,0.2989354344236314,0.2989354344236314,0.06161969312276755,106,66,4,5,0.3123083710670471,0.3814012408256531,True,1.0,,,131,1.0,0.0,130.0,1091.287207385819,running,-376.21124267578125,541.4246215820312,0.11313405632972717
214,7,hard_winding_sequences,-1.699936269407955,-0.6999990085028882,2.1502149232769605e-06,local_goal_sequence,0.3,-0.2,0.0,1.05,1.25,-1.57,1082.165806169492,True,False,False,1.2167684127540175,0.2440955638885498,0.36055512754639896,0.29384134139243423,0.29384134139243423,0.06671378615396473,108,64,4,5,0.2580622136592865,0.43631476163864136,True,1.0,,,130,1.0,0.0,130.44,1091.05188896007,running,-339.1913757324219,399.7945556640625,0.11586017906665802
215,7,hard_winding_sequences,-1.6599306856092926,-0.7399988974125179,2.236189198199661e-06,local_goal_sequence,0.34,-0.24,0.0,-1.05,-1.25,1.57,1098.5988760521486,True,False,False,1.2649878985443088,0.2753395140171051,0.4161730409336963,0.29880416898875484,0.29880416898875484,0.11736887194494144,101,61,4,5,0.2965756356716156,0.4210079610347748,True,1.0,,,128,1.0,0.0,130.32,1091.3209843721006,running,-348.8944396972656,466.4383544921875,0.11612029373645782
216,7,hard_winding_sequences,-1.6999316573908259,-0.29999898707271944,2.271965665002863e-06,local_goal_sequence,0.3,0.2,0.0,1.05,1.25,-1.57,1084.1228072466922,True,False,False,1.264705516626004,0.2973758578300476,0.36055512754639907,0.2950655380927581,0.2950655380927581,0.06548958945364097,102,67,4,5,0.32157084345817566,0.34979695081710815,True,1.0,,,131,1.0,0.0,130.48,1090.7259251300725,running,0.0,761.21484375,0.117502361536026
217,7,hard_winding_sequences,-1.6999316375896747,-0.29999898235323175,2.252333204759478e-06,local_goal_sequence,0.3,0.2,0.0,1.05,-1.25,1.57,1087.377658923415,True,False,False,1.2709855994881354,0.3017885982990265,0.360555127546399,0.291076417798388,0.291076417798388,0.06947870974801101,104,60,4,5,0.3251073956489563,0.3476959466934204,True,1.0,,,128,1.0,0.0,130.64,1090.4811071197576,running,0.0,1063.728759765625,0.11775302141904831
218,7,hard_winding_sequences,-1.660016034109285,-0.7399968573372699,7.1169658846605274e-06,local_goal_sequence,0.34,-0.24,0.0,-0.15,-1.25,1.57,1094.236781132487,True,False,False,1.27921754152375,0.2742317020893097,0.4161730409336962,0.2903449544846545,0.2903449544846545,0.1258280864490417,109,63,4,5,0.3110940754413605,0.4283858835697174,True,1.0,,,138,1.0,0.0,130.88,1090.2244497804893,running,0.0,611.7567138671875,0.12002591788768768
219,7,hard_winding_sequences,-1.6999316441871914,-0.29999901958512326,2.139354300689667e-06,local_goal_sequence,0.3,0.2,0.0,-1.05,1.25,-1.57,1088.6547351401832,True,False,False,1.239950269862424,0.3053287863731384,0.360555127546399,0.293173661481627,0.293173661481627,0.06738146606477202,107,71,4,5,0.31990018486976624,0.37338706851005554,True,1.0,,,128,1.0,0.0,130.64,1089.9074370264084,running,0.0,1133.701171875,0.11831111460924149
220,7,hard_winding_sequences,-1.659930656264184,-0.7399988900989092,2.2768002827631474e-06,local_goal_sequence,0.34,-0.24,0.0,-0.15,-1.25,1.57,1100.8057051711019,True,False,False,1.2600479855917275,0.29090991616249084,0.41617304093369617,0.2991853042384442,0.2991853042384442,0.11698773669525198,102,60,4,5,0.30916622281074524,0.41951945424079895,True,1.0,,,131,1.0,0.0,130.52,1090.213621319714,running,-346.4930419921875,214.05258178710938,0.12020805478096008
221,7,hard_winding_sequences,-1.6599306531209048,-0.7399989077977822,2.234349056401452e-06,local_goal_sequence,0.34,-0.24,0.0,-0.15,-1.25,1.57,1104.9927183286493,True,False,False,1.2679739277498916,0.28463026881217957,0.41617304093369634,0.29704786627188157,0.29704786627188157,0.11912517466181477,104,69,4,5,0.3006992042064667,0.4130537211894989,True,1.0,,,132,1.0,0.0,130.52,1090.6191085404714,running,-366.3741760253906,518.3705444335938,0.12371929734945297
222,7,hard_winding_sequences,-1.6999301719763955,-0.699999272986809,2.269693974643853e-06,local_goal_sequence,0.3,-0.2,0.0,-1.05,-1.25,1.57,1018.8077543930024,True,False,False,1.2236247101697346,0.1981293261051178,0.36055512754639907,0.29895449108898836,0.29895449108898836,0.06160063645741071,109,58,4,5,0.2238338440656662,0.48886629939079285,True,1.0,,,127,1.0,0.0,130.56,1087.6559642493892,running,0.0,818.86962890625,0.12308218330144882
223,7,hard_winding_sequences,-1.6999370762191512,-0.6999988757243155,2.1819389898983726e-06,local_goal_sequence,0.3,-0.2,0.0,1.05,1.25,-1.57,1005.4254510970517,True,False,False,1.2222461682318109,0.1857355535030365,0.36055512754639896,0.2966462737110381,0.2966462737110381,0.06390885383536088,108,63,4,5,0.20280241966247559,0.4993210732936859,True,1.0,,,129,1.0,0.0,130.48,1083.9431803071107,running,-400.40350341796875,405.8441162109375,0.12390000373125076
224,7,hard_winding_sequences,-1.6599306875184185,-0.7399989229036089,2.1659469979076246e-06,local_goal_sequence,0.34,-0.24,0.0,0.55,1.75,-1.57,1088.5977212771008,True,False,False,1.2633065273007646,0.2769813537597656,0.41617304093369617,0.2966301533850187,0.2966301533850187,0.11954288754867748,111,67,4,5,0.2852023243904114,0.4401889145374298,True,1.0,,,138,1.0,0.0,131.0,1083.7853287338223,running,-374.2645263671875,443.2052001953125,0.1221165731549263
225,7,hard_winding_sequences,-1.6599317240802238,-0.25999889973649953,2.240432431503164e-06,local_goal_sequence,0.34,0.24,0.0,0.55,1.75,-1.57,1105.2746053374347,True,False,False,1.3080804564096102,0.3266189992427826,0.41617304093369634,0.29640917577913795,0.29640917577913795,0.11976386515455839,117,54,4,5,0.37267664074897766,0.33056867122650146,True,1.0,,,136,1.0,0.0,131.32,1083.9487054174692,running,-353.2337951660156,974.9669189453125,0.12098705023527145
226,7,hard_winding_sequences,-1.659929354646423,-0.7399992203817203,2.6241170011115557e-06,local_goal_sequence,0.34,-0.24,0.0,-0.15,-1.25,1.57,1088.3697697592559,True,False,False,1.2816334876532451,0.2630767524242401,0.41617304093369634,0.29884567564388964,0.29884567564388964,0.1173273652898067,107,62,4,5,0.27671191096305847,0.4047035276889801,True,1.0,,,139,1.0,0.0,132.04,1084.2077259051457,running,0.0,745.69775390625,0.1203189343214035
227,7,hard_winding_sequences,-1.6599310361946922,-0.2599991169006522,2.5321748997711e-06,local_goal_sequence,0.34,0.24,0.0,1.05,1.25,-1.57,1108.2556012301668,True,False,False,1.3351418587451818,0.2792204022407532,0.4161730409336964,0.2939850591379665,0.2939850591379665,0.12218798179572987,121,62,4,5,0.3921673893928528,0.3069823980331421,True,1.0,,,141,1.0,0.0,132.08,1084.4220121950545,running,-348.0114440917969,560.3831787109375,0.12005393952131271
228,7,hard_winding_sequences,-1.6999316403839415,-0.2999989953811903,2.2033961780115695e-06,local_goal_sequence,0.3,0.2,0.0,0.55,1.75,-1.57,1082.7145734919345,True,False,False,1.2661027907027473,0.29836419224739075,0.36055512754639896,0.2920878498131346,0.2920878498131346,0.06846727773326433,110,65,4,5,0.3092581331729889,0.36311665177345276,True,1.0,,,133,1.0,0.0,132.48,1084.385100809779,running,0.0,520.5115966796875,0.1195145770907402
229,7,hard_winding_sequences,-1.6999308714375938,-0.29999923874393153,2.585716778909024e-06,local_goal_sequence,0.3,0.2,0.0,0.55,-1.75,1.57,1082.0300928577385,True,False,False,1.2736065942826786,0.28533875942230225,0.36055512754639896,0.29650206839035964,0.29650206839035964,0.06405305915603932,110,61,4,5,0.3039620816707611,0.3568481504917145,True,1.0,,,132,1.0,0.0,132.84,1084.3189503434062,running,0.0,963.8554077148438,0.1168811246752739
230,7,hard_winding_sequences,-1.6999316569504501,-0.29999898126227387,2.2690357233733517e-06,local_goal_sequence,0.3,0.2,0.0,0.55,1.75,-1.57,1090.5488022765014,True,False,False,1.2239156695817799,0.33550530672073364,0.3605551275463989,0.2964385810683283,0.2964385810683283,0.06411654647807058,107,66,4,5,0.40179023146629333,0.3384319543838501,True,1.0,,,129,1.0,0.0,132.96,1083.6377469280374,running,-394.8586730957031,250.54986572265625,0.11664766818284988
231,7,hard_winding_sequences,-1.6999302236518026,-0.6999991271227598,2.4031703802044566e-06,local_goal_sequence,0.3,-0.2,0.0,0.55,-1.75,1.57,1054.8563547242231,True,False,False,1.2087840410767945,0.23467408120632172,0.3605551275463989,0.29981811805183595,0.29981811805183595,0.060737009494562955,109,66,4,5,0.23467408120632172,0.4946727752685547,True,1.0,,,129,1.0,0.0,133.04,1081.5704782565733,running,0.0,505.31201171875,0.11532562971115112
232,7,hard_winding_sequences,-1.6599317394899606,-0.25999889550573596,2.26778513768478e-06,local_goal_sequence,0.34,0.24,0.0,-1.05,-1.25,1.57,1109.0036032268283,True,False,False,1.3251745949737783,0.2792563736438751,0.4161730409336964,0.2929999565790776,0.2929999565790776,0.12317308435461877,119,57,4,5,0.40398719906806946,0.30014222860336304,True,1.0,,,139,1.0,0.0,133.28,1082.067172896328,running,-385.2787780761719,380.18524169921875,0.11656757444143295
233,7,hard_winding_sequences,-1.6599317854787978,-0.25999892496522703,2.1751050663801832e-06,local_goal_sequence,0.34,0.24,0.0,1.05,1.25,-1.57,1106.0094511332156,True,False,False,1.3291291723391523,0.28055286407470703,0.4161730409336961,0.2920095796944794,0.2920095796944794,0.12416346123921673,122,60,4,5,0.40049421787261963,0.2973636984825134,True,1.0,,,142,1.0,0.0,133.6,1082.9436425276674,running,-404.55535888671875,472.73150634765625,0.11657407879829407
234,7,hard_winding_sequences,-1.6999316950412433,-0.2999990239534196,2.1779346897009607e-06,local_goal_sequence,0.3,0.2,0.0,0.55,1.75,-1.57,1084.2448279615844,True,False,False,1.2768637212288294,0.28688478469848633,0.3605551275463991,0.29214954100289503,0.29214954100289503,0.0684055865435041,116,66,4,5,0.29811495542526245,0.3597829341888428,True,1.0,,,139,1.0,0.0,133.68,1082.8266164869774,running,0.0,428.9770812988281,0.11669930070638657
235,7,hard_winding_sequences,-1.6999307907991148,-0.6999990240206506,2.1498901953709814e-06,local_goal_sequence,0.3,-0.2,0.0,1.05,-1.25,1.57,1139.4234680784446,True,False,False,2.2553862904748048,0.2739243507385254,0.3605551275463989,0.2964417099237229,0.2964417099237229,0.06411341762267603,216,81,4,5,0.28478583693504333,0.4409104585647583,True,1.0,,,258,1.0,0.0,138.36,1085.0266974184547,running,0.0,544.3117065429688,0.12197501212358475
236,7,hard_winding_sequences,-1.6599306859268772,-0.7399989364711468,2.1757133220301824e-06,local_goal_sequence,0.34,-0.24,0.0,-1.05,-1.25,1.57,1121.202717647192,True,False,False,1.7911943352590334,0.3003658950328827,0.4161730409336962,0.2923365508073875,0.2923365508073875,0.12383649012630871,136,69,4,5,0.31826454401016235,0.43602806329727173,True,1.0,,,198,1.0,0.0,140.72,1087.3657933179866,running,0.0,527.9927978515625,0.1263953000307083
237,7,hard_winding_sequences,-1.6999308251370369,-0.6999990313403937,2.154318709087948e-06,local_goal_sequence,0.3,-0.2,0.0,-0.15,1.25,-1.57,1113.6402493419773,True,False,False,1.6402899567926956,0.273921400308609,0.36055512754639885,0.2988924370690394,0.2988924370690394,0.06166269047735945,139,72,4,5,0.2803402841091156,0.4385125935077667,True,1.0,,,181,1.0,0.0,142.68,1089.1573514081908,running,-360.7677307128906,552.69873046875,0.1269429475069046
238,7,hard_winding_sequences,-1.6599306829848455,-0.7399989052035065,2.247952360815503e-06,local_goal_sequence,0.34,-0.24,0.0,-0.15,1.25,-1.57,1084.025796914254,True,False,False,1.2991019476358407,0.27281588315963745,0.4161730409336962,0.2947431125024782,0.2947431125024782,0.12142992843121803,112,65,4,5,0.2944776117801666,0.3989851176738739,True,1.0,,,134,1.0,0.0,142.8,1088.9354371564832,running,-284.5616760253906,247.70277404785156,0.12352100014686584
239,7,hard_winding_sequences,-1.6999295822684461,-0.6999990201104457,2.3390586503567634e-06,local_goal_sequence,0.3,-0.2,0.0,-0.15,1.25,-1.57,1090.1247126373378,True,False,False,1.2257361680872014,0.2673170268535614,0.36055512754639896,0.29708730951002577,0.29708730951002577,0.06346781803637319,103,65,4,5,0.2782370150089264,0.42452147603034973,True,1.0,,,128,1.0,0.0,142.72,1089.253793415197,running,-339.0130920410156,343.759521484375,0.12123323976993561
240,7,hard_winding_sequences,-1.6599309379696459,-0.2599987497085759,2.10703112630443e-06,local_goal_sequence,0.34,0.24,0.0,0.55,1.75,-1.57,1106.680331734858,True,False,False,1.267691561100677,0.33662354946136475,0.4161730409336963,0.2985174082849005,0.2985174082849005,0.1176556326487958,116,66,4,5,0.3648596405982971,0.3643660545349121,True,1.0,,,135,1.0,0.0,143.0,1089.5770516425055,running,0.0,479.5540771484375,0.12427777796983719
241,7,hard_winding_sequences,-1.6599317426618763,-0.25999889518152464,2.2565150313559604e-06,local_goal_sequence,0.34,0.24,0.0,-0.15,1.25,-1.57,1059.2773736470351,True,False,False,1.3767851385529928,0.2116483449935913,0.41617304093369617,0.2985994761042534,0.2985994761042534,0.11757356482944276,126,46,4,5,0.38884374499320984,0.23493310809135437,True,1.0,,,149,1.0,0.0,143.72,1088.5832342985188,running,-371.3725891113281,867.0957641601562,0.12259306758642197
242,7,hard_winding_sequences,-1.6999300323141502,-0.6999987544243242,2.1508506593763574e-06,local_goal_sequence,0.3,-0.2,0.0,-0.15,-1.25,1.57,1091.8267298928208,True,False,False,1.2150756340338051,0.27972620725631714,0.36055512754639907,0.29708425928741866,0.29708425928741866,0.0634708682589804,108,65,4,5,0.29228198528289795,0.4321202039718628,True,1.0,,,129,1.0,0.0,143.76,1088.761197137295,running,0.0,697.6259155273438,0.12213236093521118
243,7,hard_winding_sequences,-1.699930467114153,-0.6999987646054473,2.13427792687996e-06,local_goal_sequence,0.3,-0.2,0.0,1.05,-1.25,1.57,1094.682396063879,True,False,False,1.2394372797622244,0.2612342834472656,0.3605551275463988,0.29313556002594177,0.29313556002594177,0.06741956752045702,110,71,4,5,0.2748129963874817,0.42787593603134155,True,1.0,,,133,1.0,0.0,143.56,1088.7790217345507,running,-324.9087829589844,213.9965362548828,0.12326069921255112
244,7,hard_winding_sequences,-1.6999307875696894,-0.6999990084456558,2.2273244215073755e-06,local_goal_sequence,0.3,-0.2,0.0,-0.15,1.25,-1.57,1095.0088787286106,True,False,False,1.253436835463728,0.24813483655452728,0.3605551275463988,0.2980890583563088,0.2980890583563088,0.06246606919009001,114,64,4,5,0.2768086791038513,0.38830673694610596,True,1.0,,,131,1.0,0.0,143.68,1089.033187478088,running,0.0,323.8651123046875,0.12344003468751907
245,7,hard_winding_sequences,-1.6599374474935045,-0.7399988618707447,2.2506837863257614e-06,local_goal_sequence,0.34,-0.24,0.0,-1.05,1.25,-1.57,1097.585864860645,True,False,False,1.2654762984957595,0.2791502773761749,0.4161730409336962,0.2984280190633094,0.2984280190633094,0.11774502187038682,108,72,4,5,0.3028125464916229,0.42604783177375793,True,1.0,,,135,1.0,0.0,143.84,1088.9043938656696,running,-345.18280029296875,327.22418212890625,0.12444598227739334
246,7,hard_winding_sequences,-1.6599317405306682,-0.25999893133399005,2.176888662305321e-06,local_goal_sequence,0.34,0.24,0.0,0.55,1.75,-1.57,1101.3195820034355,True,False,False,1.3418182992060237,0.26055485010147095,0.4161730409336964,0.29926509201735774,0.29926509201735774,0.11690794891633866,125,51,4,5,0.38608282804489136,0.2871082127094269,True,1.0,,,145,1.0,0.0,144.36,1088.7574684126612,running,0.0,347.4691162109375,0.12391690164804459
247,7,hard_winding_sequences,-1.6599306485665464,-0.739998899075407,2.244023493395561e-06,local_goal_sequence,0.34,-0.24,0.0,-0.15,-1.25,1.57,1099.4385494562916,True,False,False,1.2486604805626094,0.29782387614250183,0.4161730409336961,0.2977871542644144,0.2977871542644144,0.11838588666928174,106,68,4,5,0.3177410960197449,0.42372366786003113,True,1.0,,,133,1.0,0.0,144.6,1091.9827002151928,running,-350.8633728027344,772.2691650390625,0.12156108021736145
248,7,hard_winding_sequences,-1.659931755410982,-0.25999891433841116,2.2083562131182003e-06,local_goal_sequence,0.34,0.24,0.0,0.55,-1.75,1.57,1103.9500029867813,True,False,False,1.3019449962734253,0.3182854950428009,0.41617304093369634,0.29799974863845063,0.29799974863845063,0.1181732922952457,123,53,4,5,0.3614874482154846,0.3445584177970886,True,1.0,,,142,1.0,0.0,145.12,1095.923682290782,running,-361.380126953125,303.0622863769531,0.11678725481033325
249,7,hard_winding_sequences,-1.6599306944009926,-0.7399989225874781,2.1821124503833255e-06,local_goal_sequence,0.34,-0.24,0.0,-1.05,1.25,-1.57,1095.25300192136,True,False,False,1.3251030868942928,0.28830045461654663,0.41617304093369617,0.29269440008591513,0.29269440008591513,0.12347864084778104,127,61,4,5,0.3060269355773926,0.3906343877315521,True,1.0,,,145,1.0,0.0,145.4,1096.189893516552,running,0.0,257.4527587890625,0.11403690278530121
250,7,hard_winding_sequences,-1.659929707429308,-0.7399989688680745,2.399427828572249e-06,local_goal_sequence,0.34,-0.24,0.0,-0.15,-1.25,1.57,1092.6088479018374,True,False,False,1.3332378736343504,0.3067364990711212,0.4161730409336962,0.2932087639941856,0.2932087639941856,0.12296427693951062,127,57,4,5,0.3067364990711212,0.36160168051719666,True,1.0,,,144,1.0,0.0,145.72,1095.6832632191283,running,0.0,1515.8037109375,0.1162954792380333
251,7,hard_winding_sequences,-1.6599317553603656,-0.25999891471100267,2.2065755913319563e-06,local_goal_sequence,0.34,0.24,0.0,1.05,1.25,-1.57,1044.5766122629122,True,False,False,1.3922002870952572,0.19826984405517578,0.41617304093369617,0.29984417610706326,0.29984417610706326,0.1163288648266329,125,37,4,5,0.4111584424972534,0.22923360764980316,True,1.0,,,146,1.0,0.0,146.0,1093.9315369192745,running,0.0,586.08935546875,0.12180466204881668
252,7,hard_winding_sequences,-1.69993082120426,-0.6999990197745152,2.147287981516834e-06,local_goal_sequence,0.3,-0.2,0.0,-1.05,-1.25,1.57,1104.5857712963943,True,False,False,1.259563135332895,0.26247361302375793,0.36055512754639896,0.292943307319919,0.292943307319919,0.06761182022647994,108,64,4,5,0.27396512031555176,0.4061116874217987,True,1.0,,,135,1.0,0.0,145.76,1093.7847437219239,running,-360.532470703125,464.95330810546875,0.12497273087501526
253,7,hard_winding_sequences,-1.6599306943947927,-0.7399989344473068,2.1632083187254212e-06,local_goal_sequence,0.34,-0.24,0.0,1.05,-1.25,1.57,1093.3840233094872,True,False,False,1.2912388423448113,0.2905576825141907,0.4161730409336963,0.2930018798835693,0.2930018798835693,0.12317116105012699,116,66,4,5,0.30185872316360474,0.4013145864009857,True,1.0,,,140,1.0,0.0,146.04,1094.2115217146259,running,-390.2591857910156,391.62451171875,0.126094788312912
254,7,hard_winding_sequences,-1.6999316649581657,-0.2999989982154836,2.2368722095484776e-06,local_goal_sequence,0.3,0.2,0.0,-1.05,1.25,-1.57,1097.0267589250584,True,False,False,1.2494139149073673,0.3171338438987732,0.360555127546399,0.28824507164204927,0.28824507164204927,0.07231005590434975,108,70,4,5,0.4025750458240509,0.32212820649147034,True,1.0,,,133,1.0,0.0,146.08,1094.8113883573187,running,0.0,479.3716735839844,0.12387239187955856
255,7,hard_winding_sequences,-1.6999316504513073,-0.2999989980705203,2.2451055066392725e-06,local_goal_sequence,0.3,0.2,0.0,-0.15,1.25,-1.57,1086.9827830610595,True,False,False,1.259883807818584,0.3146848976612091,0.3605551275463989,0.29279177041295523,0.29279177041295523,0.06776335713344367,109,63,4,5,0.3438602089881897,0.331513911485672,True,1.0,,,132,1.0,0.0,146.2,1094.668747588701,running,0.0,382.0610656738281,0.12274409085512161
256,7,hard_winding_sequences,-1.659931731376372,-0.2599989102864968,2.2146788563105758e-06,local_goal_sequence,0.34,0.24,0.0,0.55,-1.75,1.57,1106.7037194692978,True,False,False,1.3265933977747342,0.3041396737098694,0.41617304093369617,0.2967362179620208,0.2967362179620208,0.11943682297167535,118,52,4,5,0.40504348278045654,0.31980982422828674,True,1.0,,,138,1.0,0.0,146.56,1096.742642178504,running,0.0,432.74755859375,0.120907261967659
257,7,hard_winding_sequences,-1.6999316452740734,-0.29999902052299143,2.147047412119979e-06,local_goal_sequence,0.3,0.2,0.0,-1.05,-1.25,1.57,1095.5322290028173,True,False,False,1.2569893199363247,0.30644264817237854,0.3605551275463988,0.2970979762806016,0.2970979762806016,0.06345715126579721,107,61,4,5,0.3763502538204193,0.3312508463859558,True,1.0,,,137,1.0,0.0,146.48,1096.2037872095434,running,-348.5541687011719,557.58056640625,0.11792021244764328
258,7,hard_winding_sequences,-1.659933321380635,-0.7399992538798188,2.2128469134883586e-06,local_goal_sequence,0.34,-0.24,0.0,-0.15,-1.25,1.57,1091.4758612794992,True,False,False,1.252100487902989,0.29841098189353943,0.41617304093369617,0.2987721681059715,0.2987721681059715,0.11740087282772466,107,73,4,5,0.3205897808074951,0.4366838335990906,True,1.0,,,136,1.0,0.0,146.24,1095.6224436153948,running,-397.8031005859375,546.6467895507812,0.11521226912736893
259,7,hard_winding_sequences,-1.6999394462603383,-0.29999890079200786,2.0942604606499662e-06,local_goal_sequence,0.3,0.2,0.0,-0.15,1.25,-1.57,1085.4842133850136,True,False,False,1.3023127111362818,0.28984522819519043,0.36055512754639896,0.2901872608986734,0.2901872608986734,0.07036786664772554,114,50,4,5,0.34049925208091736,0.31046590209007263,True,1.0,,,137,1.0,0.0,146.16,1095.672019032332,running,0.0,200.4652099609375,0.11603967100381851
260,7,hard_winding_sequences,-1.6999316469615426,-0.2999990156352834,2.156609654190697e-06,local_goal_sequence,0.3,0.2,0.0,-1.05,1.25,-1.57,1086.3354747764956,True,False,False,1.271741926509846,0.3060227334499359,0.36055512754639896,0.2998807441654719,0.2998807441654719,0.060674383380927066,112,54,4,5,0.34523215889930725,0.32131680846214294,True,1.0,,,137,1.0,0.0,141.32,1093.5484993002542,running,-381.386474609375,466.00592041015625,0.11908023059368134
261,7,hard_winding_sequences,-1.699936740895554,-0.6999989842929581,2.156497676291766e-06,local_goal_sequence,0.3,-0.2,0.0,-1.05,1.25,-1.57,1084.8843748377617,True,False,False,1.2307426491244262,0.25666308403015137,0.36055512754639885,0.29714818304795715,0.29714818304795715,0.0634069444984417,112,71,4,5,0.26887351274490356,0.4534408748149872,True,1.0,,,131,1.0,0.0,138.64,1092.095765587877,running,0.0,250.79547119140625,0.12187547981739044
262,7,hard_winding_sequences,-1.6999316553556,-0.2999989908567659,2.2077918009896493e-06,local_goal_sequence,0.3,0.2,0.0,-0.15,-1.25,1.57,1086.7054985419736,True,False,False,1.2985170685313137,0.27255943417549133,0.360555127546399,0.29301521457215896,0.29301521457215896,0.06753991297424006,112,56,4,5,0.3509812355041504,0.2815636992454529,True,1.0,,,139,1.0,0.0,136.96,1091.018375555877,running,-366.6108703613281,308.97515869140625,0.12314805388450623
263,7,hard_winding_sequences,-1.699937975577331,-0.29999900841898264,2.2259268567264635e-06,local_goal_sequence,0.3,0.2,0.0,-1.05,1.25,-1.57,1089.6810903053258,True,False,False,1.2688950931673921,0.29681864380836487,0.3605551275463991,0.2920787714833886,0.2920787714833886,0.0684763560630105,108,59,4,5,0.3731566071510315,0.30254486203193665,True,1.0,,,129,1.0,0.0,136.76,1091.2445872915198,running,0.0,627.7377319335938,0.12145449966192245
264,7,hard_winding_sequences,-1.7017890184885678,-0.7029160902763254,-0.009123688044322825,local_goal_sequence,0.3,-0.2,0.0,-0.15,-1.25,1.57,1087.9276841215913,True,False,False,1.2345378990855955,0.26003631949424744,0.3605551275463988,0.2919557364775092,0.2919557364775092,0.06859939106888957,105,66,4,5,0.27060556411743164,0.4380851984024048,True,1.0,,,128,1.0,0.0,136.76,1091.1567061508897,running,0.0,277.97845458984375,0.12097141891717911
265,7,hard_winding_sequences,-1.6599306868551036,-0.7399989290835219,2.1761684899063375e-06,local_goal_sequence,0.34,-0.24,0.0,1.05,-1.25,1.57,1090.3359245408549,True,False,False,1.2516862199756598,0.30770066380500793,0.4161730409336962,0.2972075575849794,0.2972075575849794,0.11896548334871682,110,70,4,5,0.32047995924949646,0.4295039772987366,True,1.0,,,134,1.0,0.0,136.72,1090.5029298631296,running,0.0,344.792724609375,0.1189502701163292
266,7,hard_winding_sequences,-1.6999307871917921,-0.6999990050850879,2.2036286334858043e-06,local_goal_sequence,0.3,-0.2,0.0,-0.15,-1.25,1.57,1084.2240637560692,True,False,False,1.2209205614131395,0.2537088096141815,0.36055512754639896,0.2977846208968119,0.2977846208968119,0.06277050664958705,107,70,4,5,0.262123703956604,0.46896475553512573,True,1.0,,,129,1.0,0.0,135.92,1091.5007974674909,running,-363.4119873046875,246.77273559570312,0.11959903687238693
267,7,hard_winding_sequences,-1.6999316556176332,-0.29999897464549397,2.26903550588131e-06,local_goal_sequence,0.3,0.2,0.0,-0.15,-1.25,1.57,1097.8053046761415,True,False,False,1.2509189635955327,0.3125273883342743,0.36055512754639896,0.2933149135584691,0.2933149135584691,0.06724021398792984,107,66,4,5,0.3674892783164978,0.3179916441440582,True,1.0,,,129,1.0,0.0,135.92,1091.7399404588236,running,0.0,319.16015625,0.12137497961521149
268,7,hard_winding_sequences,-1.6999307968089439,-0.6999990089079589,2.161297266911681e-06,local_goal_sequence,0.3,-0.2,0.0,1.05,1.25,-1.57,1064.9036112787678,True,False,False,1.23665557580883,0.2440275251865387,0.36055512754639885,0.2948741438179459,0.2948741438179459,0.06568098372845294,116,67,4,5,0.24852436780929565,0.4647831320762634,True,1.0,,,135,1.0,0.0,136.0,1090.5487890674194,running,-333.5971374511719,635.4541015625,0.11917120218276978
269,7,hard_winding_sequences,-1.6999316363560986,-0.2999989943097865,2.215931509976308e-06,local_goal_sequence,0.3,0.2,0.0,1.05,1.25,-1.57,1088.9647116265605,True,False,False,1.2869403252205551,0.29094257950782776,0.3605551275463989,0.29108319438920105,0.29108319438920105,0.06947193315719785,115,56,4,5,0.3768390715122223,0.29962870478630066,True,1.0,,,143,1.0,0.0,136.48,1090.3070223833374,running,0.0,174.13455200195312,0.11941645294427872
270,7,hard_winding_sequences,-1.6599339227523908,-0.2599990049809051,2.33007400824333e-06,local_goal_sequence,0.34,0.24,0.0,1.05,1.25,-1.57,1112.680529567448,True,False,False,1.3537608554308078,0.31125473976135254,0.4161730409336963,0.28997581128181826,0.28997581128181826,0.12619722965187802,122,50,4,5,0.3968982696533203,0.33302003145217896,True,1.0,,,143,1.0,0.0,136.8,1090.9108089716094,running,-342.9866027832031,581.3211669921875,0.11902235448360443
271,7,hard_winding_sequences,-1.6999338385368579,-0.29999908867372826,2.3826595329794414e-06,local_goal_sequence,0.3,0.2,0.0,0.55,1.75,-1.57,1096.5597532136571,True,False,False,1.2434236299562118,0.3215871751308441,0.360555127546399,0.293963079025055,0.293963079025055,0.06659204852134404,105,73,4,5,0.4092123508453369,0.33334681391716003,True,1.0,,,134,1.0,0.0,136.36,1090.7204158200182,running,-335.5268249511719,216.89730834960938,0.12010400742292404
272,7,hard_winding_sequences,-1.699931643197662,-0.2999989850251871,2.2543455100321236e-06,local_goal_sequence,0.3,0.2,0.0,0.55,1.75,-1.57,1098.3958792368537,True,False,False,1.2402037969520163,0.3353132903575897,0.36055512754639896,0.2979341571716585,0.2979341571716585,0.06262097037474046,105,71,4,5,0.40940311551094055,0.33619657158851624,True,1.0,,,131,1.0,0.0,136.28,1090.678709011241,running,0.0,209.38462829589844,0.12257324904203415
273,7,hard_winding_sequences,-1.6599306519052934,-0.7399989009791691,2.2400960216568883e-06,local_goal_sequence,0.34,-0.24,0.0,0.55,1.75,-1.57,1090.697883240009,True,False,False,1.2516609864394328,0.2987809181213379,0.4161730409336963,0.2983822962263075,0.2983822962263075,0.11779074470738876,109,74,4,5,0.31481435894966125,0.4408992826938629,True,1.0,,,137,1.0,0.0,136.08,1090.1486242213698,running,-383.81207275390625,440.49285888671875,0.12042273581027985
274,7,hard_winding_sequences,-1.6999307743598318,-0.6999990038828211,2.2186774667871446e-06,local_goal_sequence,0.3,-0.2,0.0,-1.05,-1.25,1.57,1082.5850023072867,True,False,False,1.2283824993146175,0.25806888937950134,0.3605551275463991,0.2908941703671089,0.2908941703671089,0.06966095717929022,107,80,4,5,0.26279956102371216,0.4876624643802643,True,1.0,,,130,1.0,0.0,135.48,1089.6419042368068,running,-360.3663635253906,171.4225616455078,0.11608541011810303
275,7,hard_winding_sequences,-1.6599306497311945,-0.7399989023720939,2.235280822205544e-06,local_goal_sequence,0.34,-0.24,0.0,1.05,-1.25,1.57,1084.9728573719258,True,False,False,1.265639208520186,0.2865241765975952,0.4161730409336962,0.2948610085371971,0.2948610085371971,0.12131203239649913,115,71,4,5,0.3071046769618988,0.4587426781654358,True,1.0,,,142,1.0,0.0,135.4,1089.3364646156106,running,-321.047607421875,474.1598205566406,0.1135140210390091
276,7,hard_winding_sequences,-1.6999307587263177,-0.69999899161337,2.2317827692051705e-06,local_goal_sequence,0.3,-0.2,0.0,0.55,1.75,-1.57,1078.3130965117384,True,False,False,1.2412326689053612,0.24646036326885223,0.36055512754639896,0.2949954206610581,0.2949954206610581,0.06555970688534085,111,71,4,5,0.2525249123573303,0.46885114908218384,True,1.0,,,133,1.0,0.0,134.88,1090.6859239855637,running,0.0,674.484375,0.11313292384147644
277,7,hard_winding_sequences,-1.6999303325901267,-0.6999994272239745,2.641833584350496e-06,local_goal_sequence,0.3,-0.2,0.0,-1.05,1.25,-1.57,1076.2319822120148,True,False,False,1.2157220657982348,0.2444472759962082,0.3605551275463989,0.2996764992763653,0.2996764992763653,0.0608786282700336,103,74,4,5,0.26359814405441284,0.48652660846710205,True,1.0,,,126,1.0,0.0,134.52,1089.5517724221884,running,0.0,714.5020141601562,0.11574305593967438
278,7,hard_winding_sequences,-1.6599370502765725,-0.7399990065305577,2.2785548172363976e-06,local_goal_sequence,0.34,-0.24,0.0,0.55,1.75,-1.57,1085.1467177350887,True,False,False,1.2947210187532856,0.2824200689792633,0.4161730409336962,0.2959952220643291,0.2959952220643291,0.12017781886936713,115,72,4,5,0.2908649444580078,0.4415346086025238,True,1.0,,,138,1.0,0.0,134.44,1089.2222801992125,running,0.0,201.38760375976562,0.11711239814758301
279,7,hard_winding_sequences,-1.6599308393048793,-0.2599989707643964,2.372195050845204e-06,local_goal_sequence,0.34,0.24,0.0,0.55,-1.75,1.57,1111.432997337384,True,False,False,1.3522971432768267,0.3020666241645813,0.4161730409336962,0.2916735839652994,0.2916735839652994,0.12449945696839682,125,53,4,5,0.36967048048973083,0.32601597905158997,True,1.0,,,144,1.0,0.0,134.88,1089.7985297357054,running,0.0,705.5372314453125,0.11491727828979492
280,7,hard_winding_sequences,-1.659930677958336,-0.7399988950887123,2.2510199534216344e-06,local_goal_sequence,0.34,-0.24,0.0,-0.15,-1.25,1.57,1082.6545042226446,True,False,False,1.2483158734775832,0.30121830105781555,0.4161730409336963,0.2988964825902536,0.2988964825902536,0.1172765583434427,106,73,4,5,0.3082486689090729,0.444347083568573,True,1.0,,,133,1.0,0.0,134.92,1089.6253985821688,running,-376.9700927734375,482.183837890625,0.11511935293674469
281,7,hard_winding_sequences,-1.6999316361489296,-0.2999989855695601,2.2412630950577318e-06,local_goal_sequence,0.3,0.2,0.0,1.05,1.25,-1.57,1097.3741354833319,True,False,False,1.2438267898323054,0.3292731046676636,0.36055512754639885,0.2919462609979337,0.2919462609979337,0.06860886654846515,108,73,4,5,0.41320040822029114,0.33387237787246704,True,1.0,,,133,1.0,0.0,134.72,1089.2522152227302,running,0.0,492.552978515625,0.11403597891330719
282,7,hard_winding_sequences,-1.659933902434947,-0.2599990060162902,2.298157282157759e-06,local_goal_sequence,0.34,0.24,0.0,-0.15,1.25,-1.57,1114.849501913233,True,False,False,1.3115123887706996,0.3429142236709595,0.4161730409336962,0.2992819242834885,0.2992819242834885,0.11689111665020774,118,54,4,5,0.38979101181030273,0.3618534505367279,True,1.0,,,137,1.0,0.0,134.72,1090.0249061391469,running,-317.2708740234375,287.598388671875,0.11144895851612091
283,7,hard_winding_sequences,-1.6999307637244743,-0.6999989965288423,2.2169277847499946e-06,local_goal_sequence,0.3,-0.2,0.0,0.55,1.75,-1.57,1083.2260525958256,True,False,False,1.227461198470155,0.26461127400398254,0.360555127546399,0.2948637172392673,0.2948637172392673,0.06569141030713171,105,67,4,5,0.2704077959060669,0.4708597958087921,True,1.0,,,127,1.0,0.0,134.36,1089.6949137917998,running,0.0,228.72044372558594,0.11023623496294022
284,7,hard_winding_sequences,-1.6999307920099063,-0.6999990168184305,2.1489413724416638e-06,local_goal_sequence,0.3,-0.2,0.0,-1.05,1.25,-1.57,1054.3566067153488,True,False,False,1.218323099437611,0.23137439787387848,0.3605551275463989,0.2945160188821248,0.2945160188821248,0.0660391086642741,105,69,4,5,0.23904182016849518,0.5058157444000244,True,1.0,,,127,1.0,0.0,133.96,1088.4498095250133,running,-336.9367980957031,358.8631591796875,0.11132825165987015
285,7,hard_winding_sequences,-1.6999303472875105,-0.699999202476667,2.563206746610961e-06,local_goal_sequence,0.3,-0.2,0.0,-0.15,1.25,-1.57,1065.185278191987,True,False,False,1.2156689559519331,0.2455739825963974,0.3605551275463989,0.29670983010193475,0.29670983010193475,0.06384529744446416,106,69,4,5,0.24759750068187714,0.4954436719417572,True,1.0,,,127,1.0,0.0,133.56,1087.603801661633,running,0.0,436.45074462890625,0.10978740453720093
286,7,hard_winding_sequences,-1.6999316878931976,-0.29999902675397916,2.1540413651777334e-06,local_goal_sequence,0.3,0.2,0.0,1.05,-1.25,1.57,1098.442570171014,True,False,False,1.2204032856845495,0.32348930835723877,0.36055512754639885,0.2961465186619384,0.2961465186619384,0.06440860888446043,107,79,4,5,0.411340594291687,0.33390262722969055,True,1.0,,,134,1.0,0.0,133.68,1088.146129474963,running,0.0,326.8228759765625,0.10847146064043045
287,7,hard_winding_sequences,-1.6599317276668113,-0.2599989280309515,2.1581297138121985e-06,local_goal_sequence,0.34,0.24,0.0,0.55,1.75,-1.57,1114.3112069529438,True,False,False,1.2952828510231924,0.35165345668792725,0.4161730409336963,0.2962809843023657,0.2962809843023657,0.11989205663133057,114,57,4,5,0.38195276260375977,0.3631402552127838,True,1.0,,,136,1.0,0.0,133.56,1089.250357811402,running,0.0,196.01104736328125,0.1096976101398468
288,7,hard_winding_sequences,-1.6999316573982577,-0.2999989827714929,2.283828862495616e-06,local_goal_sequence,0.3,0.2,0.0,-1.05,-1.25,1.57,1106.42652636254,True,False,False,1.2453269572930012,0.33200424909591675,0.36055512754639885,0.29174032628428426,0.29174032628428426,0.06881480126211459,111,70,4,5,0.37400588393211365,0.34175676107406616,True,1.0,,,137,1.0,0.0,133.88,1089.9201752536903,running,-350.58538818359375,423.870361328125,0.11069969832897186
289,7,hard_winding_sequences,-1.6999307645154442,-0.6999989865588974,2.252844046170859e-06,local_goal_sequence,0.3,-0.2,0.0,-0.15,-1.25,1.57,1054.9374266911993,True,False,False,1.2235520303189402,0.2286968231201172,0.36055512754639885,0.29806683335639367,0.29806683335639367,0.06248829419000518,109,72,4,5,0.2482769936323166,0.5010130405426025,True,1.0,,,128,1.0,0.0,133.88,1088.6005649564747,running,-313.7213134765625,215.78472900390625,0.10743702203035355
290,7,hard_winding_sequences,-1.659931731459679,-0.25999893048710765,2.1538809622906013e-06,local_goal_sequence,0.34,0.24,0.0,-0.15,1.25,-1.57,1118.4160399004118,True,False,False,1.315373021798248,0.3649134337902069,0.4161730409336962,0.29559316875657204,0.29559316875657204,0.12057987217712418,117,56,4,5,0.37867242097854614,0.38161131739616394,True,1.0,,,137,1.0,0.0,134.0,1089.7237695708568,running,0.0,486.2311706542969,0.10757263749837875
291,7,hard_winding_sequences,-1.659931735615442,-0.2599989015047712,2.2170879749252324e-06,local_goal_sequence,0.34,0.24,0.0,-0.15,1.25,-1.57,1105.067371680254,True,False,False,1.2984650723191795,0.3491424322128296,0.4161730409336963,0.29997834561286507,0.29997834561286507,0.11619469532083121,116,56,4,5,0.35551717877388,0.3892102539539337,True,1.0,,,136,1.0,0.0,134.28,1090.5575018878244,running,0.0,293.38616943359375,0.1074598953127861
292,7,hard_winding_sequences,-1.6599307933649488,-0.25999909276513156,2.508087917735529e-06,local_goal_sequence,0.34,0.24,0.0,0.55,1.75,-1.57,1101.061478138908,True,False,False,1.2922536453548294,0.3282027542591095,0.4161730409336963,0.2964478335661385,0.2964478335661385,0.11972520736755776,119,58,4,5,0.3403758704662323,0.42018595337867737,True,1.0,,,138,1.0,0.0,134.64,1090.687748826335,running,0.0,130.13592529296875,0.11002882570028305
293,7,hard_winding_sequences,-1.6599317287388518,-0.2599989279095107,2.148669992353962e-06,local_goal_sequence,0.34,0.24,0.0,-1.05,1.25,-1.57,1113.738825901149,True,False,False,1.3087333100671077,0.3527764081954956,0.41617304093369634,0.29509872978742424,0.29509872978742424,0.1210743111462721,117,56,4,5,0.3938741683959961,0.3677559494972229,True,1.0,,,138,1.0,0.0,134.76,1092.64115741123,running,0.0,265.6998596191406,0.10838284343481064
294,7,hard_winding_sequences,-1.659930711450389,-0.7399989362047181,2.151753309535923e-06,local_goal_sequence,0.34,-0.24,0.0,0.55,1.75,-1.57,1083.0180859199847,True,False,False,1.2592096796177012,0.2850317060947418,0.4161730409336963,0.2957117903819381,0.2957117903819381,0.12046125055175816,106,74,4,5,0.29356715083122253,0.46421462297439575,True,1.0,,,132,1.0,0.0,134.32,1092.4032923829673,running,0.0,202.00852966308594,0.10932520776987076
295,7,hard_winding_sequences,-1.6599317844147727,-0.2599989228409718,2.177636522223033e-06,local_goal_sequence,0.34,0.24,0.0,-1.05,-1.25,1.57,1112.3344966230795,True,False,False,1.3179086545578542,0.3488738238811493,0.4161730409336963,0.29051678957072247,0.29051678957072247,0.12565625136297381,117,56,4,5,0.4052416980266571,0.358061283826828,True,1.0,,,137,1.0,0.0,134.08,1092.3894510651926,running,-355.9065246582031,362.57977294921875,0.10778728872537613
296,7,hard_winding_sequences,-1.659935792524838,-0.7399988680700433,2.210251031409546e-06,local_goal_sequence,0.34,-0.24,0.0,-1.05,-1.25,1.57,1086.4633154686942,True,False,False,1.2485746626905623,0.31444159150123596,0.41617304093369634,0.29887619933308623,0.29887619933308623,0.1172968416006101,110,70,4,5,0.3174717128276825,0.44256386160850525,True,1.0,,,135,1.0,0.0,134.12,1091.9855935553942,running,0.0,480.3902587890625,0.10629534721374512
297,7,hard_winding_sequences,-1.6999301664295121,-0.699999240125278,2.443223712697883e-06,local_goal_sequence,0.3,-0.2,0.0,-0.15,1.25,-1.57,933.717798032434,True,False,False,1.2390246546917578,0.1621827334165573,0.36055512754639885,0.2970885601157484,0.2970885601157484,0.06346656743065043,112,78,4,5,0.16732774674892426,0.5671507716178894,True,1.0,,,136,1.0,0.0,134.32,1085.3984703072172,running,0.0,220.25912475585938,0.10664913803339005
298,7,hard_winding_sequences,-1.6599306660794977,-0.7399989114560279,2.235090955135055e-06,local_goal_sequence,0.34,-0.24,0.0,-0.15,-1.25,1.57,1086.2486254142568,True,False,False,1.274608754217816,0.27249276638031006,0.41617304093369617,0.29873251545216234,0.29873251545216234,0.11744052548153383,114,75,4,5,0.290605753660202,0.45192795991897583,True,1.0,,,135,1.0,0.0,134.24,1085.2204999941873,running,-358.0126953125,223.72555541992188,0.10989870876073837
299,7,hard_winding_sequences,-1.6999307417595755,-0.6999989892018045,2.238847391946111e-06,local_goal_sequence,0.3,-0.2,0.0,0.55,-1.75,1.57,1082.8202623098005,True,False,False,1.2161153086649286,0.25616100430488586,0.360555127546399,0.29916584719010964,0.29916584719010964,0.06138928035628938,106,79,4,5,0.25751855969429016,0.4945548474788666,True,1.0,,,128,1.0,0.0,134.16,1085.2299103942878,running,-344.2789306640625,205.05517578125,0.11051186174154282
300,7,hard_winding_sequences,-1.6599307461440234,-0.2599989564108307,2.2490592916079846e-06,local_goal_sequence,0.34,0.24,0.0,-0.15,-1.25,1.57,1117.2263137313846,True,False,False,1.3039310509104316,0.3410011827945709,0.4161730409336962,0.29412237932938273,0.29412237932938273,0.12205066160431349,119,64,4,5,0.389305055141449,0.3458135426044464,True,1.0,,,141,1.0,0.0,134.12,1086.5200486486663,running,0.0,151.77679443359375,0.11062178760766983
301,7,hard_winding_sequences,-1.6999307511796042,-0.6999989886596365,2.24521515920978e-06,local_goal_sequence,0.3,-0.2,0.0,-0.15,-1.25,1.57,1003.1137731570891,True,False,False,1.2202167252455023,0.19757644832134247,0.36055512754639885,0.294996724415782,0.294996724415782,0.06555840313061684,108,74,4,5,0.20761854946613312,0.5196957588195801,True,1.0,,,134,1.0,0.0,134.16,1083.5120757144803,running,0.0,330.35272216796875,0.10907633602619171
302,7,hard_winding_sequences,-1.6999316479483513,-0.29999900355131826,2.2024897334559604e-06,local_goal_sequence,0.3,0.2,0.0,0.55,-1.75,1.57,1097.6208097868396,True,False,False,1.2141871720826474,0.3389451205730438,0.3605551275463989,0.29526471275715155,0.29526471275715155,0.06529041478924735,97,74,4,5,0.39992639422416687,0.3400631844997406,True,1.0,,,128,1.0,0.0,134.24,1084.3676288174731,running,0.0,359.3340148925781,0.10777711123228073
303,7,hard_winding_sequences,-1.6999364952520029,-0.29999903207951667,2.2670611395717667e-06,local_goal_sequence,0.3,0.2,0.0,1.05,-1.25,1.57,1098.3404246611794,True,False,False,1.228763637638556,0.3260333836078644,0.3605551275463989,0.2998054546034898,0.2998054546034898,0.060749672942909116,107,76,4,5,0.4007340371608734,0.33360087871551514,True,1.0,,,137,1.0,0.0,134.2,1084.8953770945168,running,-347.08087158203125,403.49017333984375,0.10859419405460358
304,7,hard_winding_sequences,-1.6599306481142249,-0.739998889835649,2.2607340428815185e-06,local_goal_sequence,0.34,-0.24,0.0,1.05,1.25,-1.57,1084.7370253399179,True,False,False,1.3153955024079462,0.29896098375320435,0.41617304093369617,0.2927082072960091,0.2927082072960091,0.12346483363768707,116,67,4,5,0.30674412846565247,0.4266183376312256,True,1.0,,,141,1.0,0.0,134.08,1083.827538214618,running,0.0,1685.12890625,0.10753355920314789
305,7,hard_winding_sequences,-1.6599381862705227,-0.25999887216926665,2.2417834307239596e-06,local_goal_sequence,0.34,0.24,0.0,-0.15,-1.25,1.57,1086.1314056453923,True,False,False,1.3581205993368755,0.3063335120677948,0.41617304093369617,0.29252413388379545,0.29252413388379545,0.12364890704990072,119,55,4,5,0.40231430530548096,0.31860095262527466,True,1.0,,,139,1.0,0.0,134.32,1083.966614271528,running,-333.3623046875,120.92288208007812,0.10380487889051437
306,7,hard_winding_sequences,-1.6599306680784922,-0.7399988880132342,2.2682919634907913e-06,local_goal_sequence,0.34,-0.24,0.0,-1.05,-1.25,1.57,1100.754439650333,True,False,False,1.255688149152733,0.3036927580833435,0.41617304093369634,0.29335292872714236,0.29335292872714236,0.12282011220655398,107,76,4,5,0.3189425766468048,0.4363987147808075,True,1.0,,,139,1.0,0.0,134.56,1084.101826438208,running,0.0,266.447021484375,0.10224651545286179
307,7,hard_winding_sequences,-1.6599416880925322,-0.7400000618603376,1.657388322599829e-06,local_goal_sequence,0.34,-0.24,0.0,0.55,1.75,-1.57,1100.110756769584,True,False,False,1.271428585293285,0.28851985931396484,0.41617304093369634,0.296770931102818,0.296770931102818,0.11940210983087834,108,70,4,5,0.3136215806007385,0.43681591749191284,True,1.0,,,133,1.0,0.0,134.4,1083.512276632462,running,-369.9131164550781,269.87823486328125,0.10035290569067001
308,7,hard_winding_sequences,-1.6999316399948607,-0.29999900413579017,2.2025768770921074e-06,local_goal_sequence,0.3,0.2,0.0,-1.05,1.25,-1.57,1094.2845303065483,True,False,False,1.232582406070255,0.3208164870738983,0.3605551275463988,0.2922979521505837,0.2922979521505837,0.0682571753958151,106,74,4,5,0.4248020350933075,0.32975682616233826,True,1.0,,,131,1.0,0.0,134.56,1083.954615740891,running,0.0,494.82281494140625,0.10164310783147812
309,7,hard_winding_sequences,-1.65993173794977,-0.2599989000505305,2.238391143632198e-06,local_goal_sequence,0.34,0.24,0.0,1.05,-1.25,1.57,1114.688824584913,True,False,False,1.3242176669604229,0.31930020451545715,0.4161730409336963,0.29706194792226237,0.29706194792226237,0.11911109301143391,122,60,4,5,0.41521498560905457,0.33085599541664124,True,1.0,,,146,1.0,0.0,135.32,1086.3679044556734,running,0.0,306.08148193359375,0.10547217726707458
310,7,hard_winding_sequences,-1.6599317534227382,-0.2599989094316655,2.2241946806355157e-06,local_goal_sequence,0.34,0.24,0.0,0.55,-1.75,1.57,1119.5449376021886,True,False,False,1.3174572023575013,0.32522428035736084,0.4161730409336963,0.2958993636603141,0.2958993636603141,0.12027367727338217,120,57,4,5,0.3995293080806732,0.34737181663513184,True,1.0,,,145,1.0,0.0,136.04,1088.5422908320816,running,-347.6654968261719,103.36422729492188,0.10553566366434097
311,7,hard_winding_sequences,-1.6599339076708184,-0.2599990214425874,2.300651304033715e-06,local_goal_sequence,0.34,0.24,0.0,-0.15,-1.25,1.57,1121.2944551652138,True,False,False,1.2925480584769624,0.3550795912742615,0.4161730409336963,0.29975883729851305,0.29975883729851305,0.11641420363518323,117,68,4,5,0.3734329044818878,0.39784958958625793,True,1.0,,,136,1.0,0.0,136.12,1089.4563662318494,running,-334.0378112792969,274.04974365234375,0.1050204336643219
312,7,hard_winding_sequences,-1.6999316491334564,-0.29999898972997296,2.2177200052170746e-06,local_goal_sequence,0.3,0.2,0.0,-1.05,1.25,-1.57,1082.304117163258,True,False,False,1.2450031878243835,0.30464479327201843,0.36055512754639885,0.29924401201865314,0.29924401201865314,0.06131111552774571,107,66,4,5,0.3891921937465668,0.319320410490036,True,1.0,,,133,1.0,0.0,136.0,1088.176082640262,running,0.0,246.4377899169922,0.10416455566883087
313,7,hard_winding_sequences,-1.6999307649756716,-0.2999991512859448,2.3535394154109524e-06,local_goal_sequence,0.3,0.2,0.0,1.05,-1.25,1.57,1090.5415353655012,True,False,False,1.2232776111771577,0.320353239774704,0.36055512754639896,0.29599925814605094,0.29599925814605094,0.06455586940034802,102,72,4,5,0.4082583487033844,0.3331262171268463,True,1.0,,,126,1.0,0.0,135.56,1087.5406830003806,running,0.0,151.40219116210938,0.10395468771457672
314,7,hard_winding_sequences,-1.6999361864190135,-0.2999989840518917,2.161971788708563e-06,local_goal_sequence,0.3,0.2,0.0,1.05,1.25,-1.57,1099.8292828275623,True,False,False,1.2164659502099433,0.3438417613506317,0.36055512754639896,0.2991396304964938,0.2991396304964938,0.06141549704990518,95,76,4,5,0.39781925082206726,0.3522491753101349,True,1.0,,,126,1.0,0.0,135.48,1089.3363572458352,running,0.0,139.04920959472656,0.10308296978473663
315,7,hard_winding_sequences,-1.6999307086460287,-0.29999906318143854,2.3825878093063502e-06,local_goal_sequence,0.3,0.2,0.0,-0.15,1.25,-1.57,1090.2860828274318,True,False,False,1.238443116565967,0.3119726777076721,0.3605551275463989,0.2936196231963686,0.2936196231963686,0.06693550435003032,107,77,4,5,0.40315765142440796,0.3119726777076721,True,1.0,,,134,1.0,0.0,135.36,1088.2111589629158,running,0.0,435.4449768066406,0.10396403819322586
316,7,hard_winding_sequences,-1.659931747587497,-0.25999891452330304,2.1864531727850133e-06,local_goal_sequence,0.34,0.24,0.0,1.05,1.25,-1.57,1119.0762707753101,True,False,False,1.3272295298239765,0.3391355276107788,0.4161730409336962,0.2928660112010221,0.2928660112010221,0.1233070297326741,120,60,4,5,0.3969370126724243,0.34298574924468994,True,1.0,,,141,1.0,0.0,135.56,1088.771514926718,running,-385.9705505371094,153.65643310546875,0.10472378879785538
317,7,hard_winding_sequences,-1.6999307654579674,-0.6999989782323359,2.259077135006095e-06,local_goal_sequence,0.3,-0.2,0.0,-0.15,1.25,-1.57,1076.0937654544682,True,False,False,1.2223459180320853,0.2356884628534317,0.36055512754639896,0.2976903369128791,0.2976903369128791,0.06286479063351985,106,72,4,5,0.26029929518699646,0.47969546914100647,True,1.0,,,128,1.0,0.0,135.16,1087.7728064193404,running,-316.00860595703125,182.0682373046875,0.10563935339450836
318,7,hard_winding_sequences,-1.6999362546046621,-0.6999990669756748,2.3116776887816172e-06,local_goal_sequence,0.3,-0.2,0.0,0.55,-1.75,1.57,1082.8748785776406,True,False,False,1.2249576677500928,0.2706824243068695,0.36055512754639907,0.2967961914645099,0.2967961914645099,0.06375893608188915,106,79,4,5,0.2798672914505005,0.46608081459999084,True,1.0,,,129,1.0,0.0,134.8,1086.5382485264004,running,0.0,176.7105712890625,0.10642462223768234
319,7,hard_winding_sequences,-1.6599307064111561,-0.7399989271368561,2.1578785798696945e-06,local_goal_sequence,0.34,-0.24,0.0,-0.15,-1.25,1.57,1088.6579053619685,True,False,False,1.3185709499990537,0.28655147552490234,0.4161730409336963,0.29648107465327433,0.29648107465327433,0.11969196628042195,118,64,4,5,0.2908901870250702,0.4186679720878601,True,1.0,1.0,0.0,141,1.0,0.0,135.16,1086.7638413040795,completed,-340.19085693359375,194.76210021972656,0.10643142461776733
