episode,stage_index,stage_name,goal_x,goal_y,goal_yaw,goal_mode,local_goal_dx,local_goal_dy,local_goal_dyaw,start_x,start_y,start_yaw,episode_reward,success,collision,timeout,path_length,min_obstacle_distance,initial_DG,final_DG,min_DG,goal_progress,close_obstacle_steps,narrow_gap_steps,left_min_obstacle_distance,right_min_obstacle_distance,obstacle_exposure_met,rolling_obstacle_exposure_rate,eval_success_rate,eval_collision_rate,steps,rolling_success_rate,rolling_collision_rate,rolling_avg_steps,rolling_avg_reward,stage_status,actor_loss,critic_loss,alpha
0,2,hard_narrow_gap_forward,-1.3499312128591647,-0.4999982249494147,2.2122556232476682e-06,random_local_offset,0.65,0.0,0.0,-1.05,1.25,-1.57,1014.8209706997152,True,False,False,0.3078130889437113,0.4839724004268646,0.65,0.3449209105688644,0.3449209105688644,0.3050790894311356,0,0,0.6556004881858826,0.7448328137397766,False,0.0,,,40,1.0,0.0,40.0,1014.8209706997152,running,,,
1,2,hard_narrow_gap_forward,-1.199931225141428,-0.4999978920600325,2.212135117818981e-06,random_local_offset,0.8,0.0,0.0,-1.05,1.25,-1.57,1017.9722819485263,True,False,False,0.4593333047433658,0.4890071451663971,0.8000000000000002,0.3444927083257453,0.3444927083257453,0.45550729167425485,0,0,0.5432093739509583,0.6486780643463135,False,0.0,,,55,1.0,0.0,47.5,1016.3966263241207,running,,,
2,2,hard_narrow_gap_forward,-1.3499315451776235,-0.3799982005565022,2.163601803376128e-06,random_local_offset,0.65,0.12,0.0,-1.05,1.25,-1.57,1013.6943223051844,True,False,False,0.31837276915132046,0.4857906699180603,0.6609841147864297,0.3454960548836222,0.3454960548836222,0.31548805990280754,0,0,0.6245823502540588,0.776211142539978,False,0.0,,,32,1.0,0.0,42.333333333333336,1015.4958583178086,running,0.0,654.45751953125,0.13437186181545258
3,2,hard_narrow_gap_forward,-1.4499312159043056,-0.49999846423650196,2.1701539711924336e-06,random_local_offset,0.55,0.0,0.0,-0.15,1.25,-1.57,1010.3373252484201,True,False,False,0.2131577970482427,0.4781326949596405,0.55,0.3401621060150119,0.3401621060150119,0.20983789398498814,2,0,0.7475043535232544,0.8018348217010498,False,0.0,,,20,1.0,0.0,36.75,1014.2062250504615,running,0.0,322.64215087890625,0.13190510869026184
4,2,hard_narrow_gap_forward,-1.449931238689306,-0.49999845571584106,2.1854677818043505e-06,random_local_offset,0.55,0.0,0.0,-0.55,1.75,-1.57,1010.3221079533636,True,False,False,0.21375910597042524,0.48914846777915955,0.5500000000000002,0.34242250251396805,0.34242250251396805,0.2075774974860321,0,0,0.7566677331924438,0.774904727935791,False,0.0,,,21,1.0,0.0,33.6,1013.429401631042,running,-736.1343994140625,245.34613037109375,0.13119453191757202
5,2,hard_narrow_gap_forward,-1.1999305464598307,-0.4999982804391704,2.8672465240888106e-06,random_local_offset,0.8,0.0,0.0,-1.05,-1.25,1.57,1016.432311809028,True,False,False,0.4625149025225471,0.4795209765434265,0.8,0.3449355872238126,0.3449355872238126,0.4550644127761874,1,0,0.5717686414718628,0.598170816898346,False,0.0,,,44,1.0,0.0,35.333333333333336,1013.9298866607063,running,-715.8794555664062,198.62057495117188,0.13304942846298218
6,2,hard_narrow_gap_forward,-1.449946880992814,-0.49999844790672565,2.03951749935117e-06,random_local_offset,0.55,0.0,0.0,-0.15,-1.25,1.57,1009.6433659378051,True,False,False,0.21702292819546054,0.4931332767009735,0.5500000000000002,0.34713631577656506,0.34713631577656506,0.2028636842234351,0,0,0.7677206993103027,0.6884500980377197,False,0.0,,,22,1.0,0.0,33.42857142857143,1013.3175265574347,running,-697.1182250976562,150.03208923339844,0.13500095903873444
7,2,hard_narrow_gap_forward,-1.4499333579313893,-0.49999854715171643,2.2645395540011653e-06,random_local_offset,0.55,0.0,0.0,0.55,-1.75,1.57,1010.0563283098292,True,False,False,0.2100784242483076,0.4917455315589905,0.55,0.34659669497803747,0.34659669497803747,0.20340330502196258,0,0,0.7656838893890381,0.7787115573883057,False,0.0,,,21,1.0,0.0,31.875,1012.909876776484,running,0.0,79.52787780761719,0.1357743889093399
8,2,hard_narrow_gap_forward,-1.3499333625062433,-0.49999825266345516,2.3530599772965974e-06,random_local_offset,0.65,0.0,0.0,1.05,1.25,-1.57,1012.911914710711,True,False,False,0.3139060938441573,0.47715359926223755,0.6499999999999999,0.3449835129544918,0.3449835129544918,0.3050164870455081,2,0,0.6850707530975342,0.7019253373146057,False,0.0,,,30,1.0,0.0,31.666666666666668,1012.9101032136202,running,0.0,90.64068603515625,0.13762333989143372
9,2,hard_narrow_gap_forward,-1.1999311857575166,-0.49999786705450844,2.2420199509416864e-06,random_local_offset,0.8,0.0,0.0,-1.05,-1.25,1.57,1015.1409386472791,True,False,False,0.49181976573384883,0.48480653762817383,0.8,0.342149573166372,0.342149573166372,0.45785042683362803,0,0,0.6235839128494263,0.5267586708068848,False,0.0,,,47,1.0,0.0,33.2,1013.1331867569861,running,-711.7800903320312,194.762939453125,0.14010515809059143
10,2,hard_narrow_gap_forward,-1.199930954569561,-0.6199979276990336,2.1737177077267873e-06,random_local_offset,0.8,-0.12,0.0,1.05,1.25,-1.57,1014.6911883412943,True,False,False,0.4851918729821708,0.47878798842430115,0.8089499366462674,0.3492638866601409,0.3492638866601409,0.45968604998612644,1,0,0.6757360696792603,0.5196072459220886,False,0.0,,,45,1.0,0.0,34.27272727272727,1013.2748232646504,running,0.0,184.79754638671875,0.14182579517364502
11,2,hard_narrow_gap_forward,-1.4499312040814643,-0.49999841442525245,2.2734185265111033e-06,random_local_offset,0.55,0.0,0.0,-0.55,1.75,-1.57,1009.4252666788637,True,False,False,0.2136197722900285,0.4926365911960602,0.55,0.3484032074621195,0.3484032074621195,0.20159679253788054,0,0,0.7699450850486755,0.6748179197311401,False,0.0,,,20,1.0,0.0,33.083333333333336,1012.9540268825016,running,0.0,77.51809692382812,0.14153017103672028
12,2,hard_narrow_gap_forward,-1.3499315563848917,-0.3799982187386877,2.1354301399885595e-06,random_local_offset,0.65,0.12,0.0,-1.05,1.25,-1.57,1011.7264106009037,True,False,False,0.3505139117371413,0.4837896227836609,0.6609841147864296,0.3462626624363922,0.3462626624363922,0.3147214523500374,0,0,0.6668724417686462,0.6948608160018921,False,0.0,,,33,1.0,0.0,33.07692307692308,1012.8595948608402,running,-706.7784423828125,155.77432250976562,0.14047598838806152
13,2,hard_narrow_gap_forward,-1.3499309991889634,-0.6199982495543277,2.1780326983937254e-06,random_local_offset,0.65,-0.12,0.0,1.05,-1.25,1.57,1014.0305052357677,True,False,False,0.317542377824818,0.4729600250720978,0.6609841147864297,0.34505315012816223,0.34505315012816223,0.3159309646582675,1,0,0.7032666206359863,0.6822662949562073,False,0.0,,,31,1.0,0.0,32.92857142857143,1012.9432313161922,running,0.0,49.775856018066406,0.1394517421722412
14,2,hard_narrow_gap_forward,-1.449931193358617,-0.4999984174165395,2.241603594629509e-06,random_local_offset,0.55,0.0,0.0,0.55,-1.75,1.57,1010.5763649351658,True,False,False,0.21096928991688668,0.4887062609195709,0.5499999999999998,0.342450649921955,0.342450649921955,0.20754935007804481,0,0,0.7570777535438538,0.7923287749290466,False,0.0,,,21,1.0,0.0,32.13333333333333,1012.7854402241238,running,-737.04150390625,61.581295013427734,0.13896417617797852
15,2,hard_narrow_gap_forward,-1.3499314681369354,-0.3799981922330052,2.2640135183878585e-06,random_local_offset,0.65,0.12,0.0,-1.05,-1.25,1.57,1012.6388788182729,True,False,False,0.33163473082937767,0.4849838614463806,0.6609841147864296,0.34469035886932037,0.34469035886932037,0.31629375591710923,0,0,0.6581338047981262,0.7169981598854065,False,0.0,,,32,1.0,0.0,32.125,1012.776280136258,running,-725.4177856445312,77.97000885009766,0.13773685693740845
16,2,hard_narrow_gap_forward,-1.3499333402300944,-0.4999982378158514,2.3744994510078064e-06,random_local_offset,0.65,0.0,0.0,-1.05,-1.25,1.57,1013.5710597293483,True,False,False,0.3086819037191525,0.4909919202327728,0.65,0.3432803281239647,0.3432803281239647,0.3067196718760353,0,0,0.663300096988678,0.7236729860305786,False,0.0,,,29,1.0,0.0,31.941176470588236,1012.823031877028,running,0.0,41.672027587890625,0.1370096206665039
17,2,hard_narrow_gap_forward,-1.3499333418324992,-0.4999982677729686,2.3516676946735727e-06,random_local_offset,0.65,0.0,0.0,-1.05,-1.25,1.57,1012.879784909009,True,False,False,0.3040133794347942,0.4890310764312744,0.65,0.34932931618104845,0.34932931618104845,0.30067068381895157,0,0,0.6745952367782593,0.7266499996185303,False,0.0,,,28,1.0,0.0,31.72222222222222,1012.8261848232492,running,0.0,44.22980880737305,0.13563548028469086
18,2,hard_narrow_gap_forward,-1.3499302176161232,-0.37999828959734855,2.36806446541667e-06,random_local_offset,0.65,0.12,0.0,0.55,-1.75,1.57,1012.3065162764838,True,False,False,0.3426279967558457,0.47688379883766174,0.6609841147864296,0.3428828982201046,0.3428828982201046,0.318101216566325,2,0,0.6419767737388611,0.7053086757659912,False,0.0,,,31,1.0,0.0,31.68421052631579,1012.7988338471035,running,-729.7265014648438,31.984664916992188,0.13409122824668884
19,2,hard_narrow_gap_forward,-1.3499330561968947,-0.6199982709689082,2.3448852900602583e-06,random_local_offset,0.65,-0.12,0.0,-0.55,1.75,-1.57,1013.7019770952405,True,False,False,0.327649193631448,0.48328447341918945,0.6609841147864297,0.3395161092410696,0.3395161092410696,0.3214680055453601,0,0,0.7180063128471375,0.6803567409515381,False,0.0,,,32,1.0,0.0,31.7,1012.8439910095103,running,-725.4015502929688,54.49333190917969,0.13348065316677094
20,2,hard_narrow_gap_forward,-1.1999312096090313,-0.49999790175839814,2.1929864093620597e-06,random_local_offset,0.8,0.0,0.0,-0.55,1.75,-1.57,1015.8083967817191,True,False,False,0.4860880303061841,0.48680609464645386,0.7999999999999999,0.3413894119221689,0.3413894119221689,0.45861058807783106,0,0,0.6075204610824585,0.5463242530822754,False,0.0,,,47,1.0,0.0,32.42857142857143,1012.9851531891393,running,0.0,40.662601470947266,0.13228988647460938
21,2,hard_narrow_gap_forward,-1.4499312872485963,-0.4999984185982554,2.1583763262610914e-06,random_local_offset,0.55,0.0,0.0,0.55,-1.75,1.57,1009.7198858016636,True,False,False,0.22797851836125355,0.488939106464386,0.5500000000000002,0.3428562417294759,0.3428562417294759,0.20714375827052428,0,0,0.7532414793968201,0.7354739308357239,False,0.0,,,22,1.0,0.0,31.954545454545453,1012.836731944254,running,0.0,37.36651611328125,0.13237500190734863
22,2,hard_narrow_gap_forward,-1.3499310716378585,-0.6199982382394039,2.486141203959245e-06,random_local_offset,0.65,-0.12,0.0,1.05,1.25,-1.57,1012.6649890384466,True,False,False,0.32942841259528505,0.48652949929237366,0.6609841147864297,0.34463981471518845,0.34463981471518845,0.31634430007124126,0,0,0.730872392654419,0.6509705185890198,False,0.0,,,31,1.0,0.0,31.91304347826087,1012.8292648613929,running,-714.8742065429688,74.47628021240234,0.13236282765865326
23,2,hard_narrow_gap_forward,-1.4499312167007408,-0.49999842473733386,2.250616933316548e-06,random_local_offset,0.55,0.0,0.0,1.05,1.25,-1.57,1010.1940091743897,True,False,False,0.21003215960833257,0.49308064579963684,0.5500000000000002,0.3442776548418677,0.3442776548418677,0.20572234515813248,0,0,0.7586268186569214,0.779208242893219,False,0.0,,,20,1.0,0.0,31.416666666666668,1012.719462541101,running,-738.8905639648438,52.433631896972656,0.13154377043247223
24,2,hard_narrow_gap_forward,-1.1999309499533184,-0.6199979020435503,2.1911138431472647e-06,random_local_offset,0.8,-0.12,0.0,0.55,-1.75,1.57,1016.0343970427448,True,False,False,0.48337327486619497,0.4843427538871765,0.8089499366462675,0.3418493746861497,0.3418493746861497,0.4671005619601178,0,0,0.6314367055892944,0.5360616445541382,False,0.0,,,47,1.0,0.0,32.04,1012.8520599211668,running,0.0,36.268775939941406,0.12888333201408386
25,2,hard_narrow_gap_forward,-1.1999314681020234,-0.3799978959005659,2.2106273089181994e-06,random_local_offset,0.8,0.12,0.0,0.55,1.75,-1.57,1014.9497141231233,True,False,False,0.5166039691555137,0.4841846823692322,0.8089499366462675,0.3447440286526634,0.3447440286526634,0.46420590799360406,0,3,0.5531563758850098,0.5397309064865112,False,0.0,,,49,1.0,0.0,32.4,1012.8572096581032,running,-721.8739624023438,38.05065155029297,0.12736345827579498
26,2,hard_narrow_gap_forward,-1.4499312161932922,-0.49999843964727175,2.2292649286202084e-06,random_local_offset,0.55,0.0,0.0,1.05,-1.25,1.57,1010.2390396987523,True,False,False,0.21373705447471963,0.4875001013278961,0.55,0.3412421470968526,0.3412421470968526,0.20875785290314747,0,0,0.771284818649292,0.7953606843948364,False,0.0,,,20,1.0,0.0,31.0,1012.5478799681124,running,-729.9328002929688,43.16059875488281,0.12671102583408356
27,2,hard_narrow_gap_forward,-1.1999360480429098,-0.6199978104507192,2.16720468156918e-06,random_local_offset,0.8,-0.12,0.0,-1.05,1.25,-1.57,1016.6627719680639,True,False,False,0.4781767544274739,0.48947885632514954,0.8089499366462675,0.340617561056475,0.340617561056475,0.46833237558979246,0,0,0.612521767616272,0.5589586496353149,False,0.0,,,45,1.0,0.0,31.52,1012.6666179546278,running,0.0,68.742919921875,0.1261497586965561
28,2,hard_narrow_gap_forward,-1.1999312361276455,-0.4999979008050913,2.192453103027553e-06,random_local_offset,0.8,0.0,0.0,-1.05,-1.25,1.57,1015.149120212162,True,False,False,0.4683257241562588,0.4908038377761841,0.8000000000000002,0.348643297032145,0.348643297032145,0.45135670296785513,0,0,0.5854400992393494,0.5766019821166992,False,0.0,,,43,1.0,0.0,32.44,1012.8590897531774,running,-715.1866455078125,130.21221923828125,0.12462837994098663
29,2,hard_narrow_gap_forward,-1.1999310757114006,-0.6199979174013062,2.1105157248942324e-06,random_local_offset,0.8,-0.12,0.0,1.05,1.25,-1.57,1016.0395942550402,True,False,False,0.4729042479418565,0.48607128858566284,0.8089499366462675,0.3466501602821668,0.3466501602821668,0.4622997763641007,0,0,0.5997315049171448,0.5670309066772461,False,0.0,,,45,1.0,0.0,33.4,1013.0877892052443,running,0.0,37.89828872680664,0.123652383685112
30,2,hard_narrow_gap_forward,-1.1999312361760524,-0.3799978925320007,2.3135460764228675e-06,random_local_offset,0.8,0.12,0.0,0.55,1.75,-1.57,1015.4735228256021,True,False,False,0.4992050334651273,0.4908134937286377,0.8089499366462674,0.3436150903022812,0.3436150903022812,0.46533484634398614,0,1,0.5539732575416565,0.5676140189170837,False,0.0,,,47,1.0,0.0,33.52,1013.0494376459073,running,-721.449462890625,122.26738739013672,0.12176331132650375
31,2,hard_narrow_gap_forward,-1.1999314915916632,-0.3799979076237236,2.187093960277733e-06,random_local_offset,0.8,0.12,0.0,1.05,-1.25,1.57,1015.1980658400017,True,False,False,0.49554548040227664,0.48500677943229675,0.8089499366462675,0.3429274363790036,0.3429274363790036,0.4660225002672639,0,0,0.5553921461105347,0.5857800841331482,False,0.0,,,46,1.0,0.0,34.48,1013.2716256419953,running,-718.0313110351562,44.55221176147461,0.12021356076002121
32,2,hard_narrow_gap_forward,-1.1999333589274142,-0.4999979162804512,2.3319649204009232e-06,random_local_offset,0.8,0.0,0.0,-0.15,1.25,-1.57,1015.5422117815024,True,False,False,0.47557448718466294,0.4933193325996399,0.8000000000000002,0.3431436781179839,0.3431436781179839,0.45685632188201625,0,0,0.5916523933410645,0.5813592672348022,False,0.0,,,45,1.0,0.0,35.44,1013.4910609808622,running,0.0,78.53218078613281,0.11854883283376694
33,2,hard_narrow_gap_forward,-1.449931219475703,-0.4999984311913422,2.2340469570386087e-06,random_local_offset,0.55,0.0,0.0,-1.05,-1.25,1.57,1010.5721025730983,True,False,False,0.21299638626685918,0.4803372323513031,0.5500000000000002,0.3392935196689318,0.3392935196689318,0.21070648033106837,0,0,0.7610347270965576,0.7925623059272766,False,0.0,,,20,1.0,0.0,35.04,1013.3974684953578,running,0.0,48.79487609863281,0.11777438968420029
34,2,hard_narrow_gap_forward,-1.3499309441195497,-0.6199982334781673,2.1889774568234334e-06,random_local_offset,0.65,-0.12,0.0,-1.05,1.25,-1.57,1013.8483487668374,True,False,False,0.31916175287923093,0.48294466733932495,0.6609841147864296,0.3430450068576133,0.3430450068576133,0.3179391079288163,0,0,0.6639977097511292,0.6998233795166016,False,0.0,,,29,1.0,0.0,34.32,1013.34576490014,running,-710.5484619140625,71.39737701416016,0.11686184257268906
35,2,hard_narrow_gap_forward,-1.349933458051594,-0.49999827246058814,2.3266460928348236e-06,random_local_offset,0.65,0.0,0.0,-1.05,1.25,-1.57,1013.254340297235,True,False,False,0.31425460215254475,0.49210020899772644,0.6500000000000002,0.34133643598731644,0.34133643598731644,0.3086635640126838,0,0,0.668229341506958,0.7211729884147644,False,0.0,,,29,1.0,0.0,33.68,1013.2882909783776,running,0.0,33.637298583984375,0.11554966866970062
36,2,hard_narrow_gap_forward,-1.4499319026123665,-0.4999987690046962,2.5876088312575806e-06,random_local_offset,0.55,0.0,0.0,1.05,1.25,-1.57,1010.6603612797065,True,False,False,0.2038780713113441,0.47909224033355713,0.5500000000000002,0.34675646410373295,0.34675646410373295,0.2032435358962672,1,0,0.7601145505905151,0.818493664264679,False,0.0,,,20,1.0,0.0,33.68,1013.3376947624114,running,0.0,32.50210952758789,0.11479021608829498
37,2,hard_narrow_gap_forward,-1.3499322623858876,-0.49999822457855414,2.260971652085411e-06,random_local_offset,0.65,0.0,0.0,-1.05,-1.25,1.57,1013.7545542444218,True,False,False,0.30846143085437333,0.4842703342437744,0.65,0.34256136260952,0.34256136260952,0.30743863739048,0,0,0.6835296750068665,0.7234179973602295,False,0.0,,,29,1.0,0.0,33.52,1013.4188205081522,running,-729.0823364257812,32.76496887207031,0.11451787501573563
38,2,hard_narrow_gap_forward,-1.1999330666779768,-0.619997895164208,2.3745334620681285e-06,random_local_offset,0.8,-0.12,0.0,-1.05,1.25,-1.57,1017.209776116995,True,False,False,0.4686354736516112,0.48812365531921387,0.8089499366462675,0.34240936515068543,0.34240936515068543,0.46654057149558203,0,0,0.5836482048034668,0.5710887908935547,False,0.0,,,44,1.0,0.0,34.04,1013.545991343401,running,-741.072265625,38.66150665283203,0.1138833612203598
39,2,hard_narrow_gap_forward,-1.349931299743389,-0.49999817889771697,2.2068177774654274e-06,random_local_offset,0.65,0.0,0.0,1.05,-1.25,1.57,1013.0527333767839,True,False,False,0.307045725627329,0.48988214135169983,0.6499999999999999,0.3462017391258632,0.3462017391258632,0.3037982608741367,0,0,0.6805500388145447,0.7162389755249023,False,0.0,,,28,1.0,0.0,34.32,1013.6450460810656,running,-722.0078125,23.834352493286133,0.11265435814857483
40,2,hard_narrow_gap_forward,-1.3499309926438774,-0.6199982763787207,2.393860683636607e-06,random_local_offset,0.65,-0.12,0.0,-0.15,1.25,-1.57,1013.3795850450285,True,False,False,0.31350658132369225,0.49456316232681274,0.6609841147864297,0.3487784234957577,0.3487784234957577,0.312205691290672,0,0,0.6951339244842529,0.7168620824813843,False,0.0,,,29,1.0,0.0,34.2,1013.6746743301359,running,0.0,44.00699234008789,0.11197318881750107
41,2,hard_narrow_gap_forward,-1.1999316107509157,-0.49999789509920145,2.3309579852019116e-06,random_local_offset,0.8,0.0,0.0,1.05,1.25,-1.57,1016.6755571870116,True,False,False,0.46242995676266846,0.49222323298454285,0.8,0.34159668099426277,0.34159668099426277,0.4584033190057373,0,0,0.5640646815299988,0.5975471138954163,False,0.0,,,44,1.0,0.0,34.8,1013.7988542284425,running,0.0,38.88300704956055,0.11103589832782745
42,2,hard_narrow_gap_forward,-1.1999311994422301,-0.4999978949069784,2.2059651177625987e-06,random_local_offset,0.8,0.0,0.0,1.05,-1.25,1.57,1016.0172095576473,True,False,False,0.4587749740489419,0.48729923367500305,0.7999999999999999,0.34814393050948683,0.34814393050948683,0.4518560694905131,0,0,0.5899119973182678,0.5938321352005005,False,0.0,,,43,1.0,0.0,35.4,1013.924351214388,running,-716.5632934570312,98.41572570800781,0.11034325510263443
43,2,hard_narrow_gap_forward,-1.4499311932727732,-0.4999984049123786,2.2688265379008503e-06,random_local_offset,0.55,0.0,0.0,1.05,-1.25,1.57,1010.1406124460698,True,False,False,0.20285945427501376,0.4893036484718323,0.55,0.34988324369457724,0.34988324369457724,0.2001167563054228,0,0,0.7715723514556885,0.794287919998169,False,0.0,,,20,1.0,0.0,34.96,1013.8377150611715,running,-751.3109130859375,181.55526733398438,0.10977798700332642
44,2,hard_narrow_gap_forward,-1.19993362289841,-0.37999787347986297,2.3837714816022774e-06,random_local_offset,0.8,0.12,0.0,-0.15,-1.25,1.57,1015.4878782567049,True,False,False,0.4877273451776713,0.487703412771225,0.8089499366462675,0.3421980177693258,0.3421980177693258,0.4667519188769417,0,0,0.5472025871276855,0.5856154561042786,False,0.0,,,46,1.0,0.0,35.52,1013.9091511076301,running,-736.6729736328125,42.79505157470703,0.10846494138240814
45,2,hard_narrow_gap_forward,-1.19993362664126,-0.3799979175890563,2.3416209966803463e-06,random_local_offset,0.8,0.12,0.0,-1.05,1.25,-1.57,1015.968954457371,True,False,False,0.4775904579974246,0.4921044707298279,0.8089499366462672,0.34450292507718633,0.34450292507718633,0.4644470115690809,0,0,0.5325217247009277,0.6179262399673462,False,0.0,,,44,1.0,0.0,35.4,1013.9155734146563,running,-690.606689453125,19.635665893554688,0.10848638415336609
46,2,hard_narrow_gap_forward,-1.1999300423638566,-0.6199981195344737,2.7859580730797155e-06,random_local_offset,0.8,-0.12,0.0,0.55,-1.75,1.57,1016.5176686123948,True,False,False,0.4687536200613459,0.48864880204200745,0.8089499366462675,0.344682591004798,0.344682591004798,0.4642673456414695,0,0,0.6065322756767273,0.5629021525382996,False,0.0,,,44,1.0,0.0,36.28,1014.1874847270856,running,-701.8826293945312,27.82221221923828,0.10819442570209503
47,2,hard_narrow_gap_forward,-1.1999309620125767,-0.6199978972142572,2.2020278275154463e-06,random_local_offset,0.8,-0.12,0.0,1.05,-1.25,1.57,1017.239264626966,True,False,False,0.4714778269121118,0.4807230830192566,0.8089499366462674,0.34147023709826385,0.34147023709826385,0.4674796995480035,0,0,0.6056148409843445,0.5660543441772461,False,0.0,,,45,1.0,0.0,36.84,1014.3704557506264,running,0.0,31.551036834716797,0.10774967074394226
48,2,hard_narrow_gap_forward,-1.1999314757619761,-0.3799978328861731,2.2865995373276554e-06,random_local_offset,0.8,0.12,0.0,1.05,1.25,-1.57,1015.634831529404,True,False,False,0.4879322293355306,0.4902343153953552,0.8089499366462674,0.3420264823326719,0.3420264823326719,0.46692345431359544,0,0,0.538508951663971,0.6047379374504089,False,0.0,,,46,1.0,0.0,37.88,1014.588088644827,running,0.0,21.084522247314453,0.10646241158246994
49,2,hard_narrow_gap_forward,-1.1999314575403488,-0.3799978699186659,2.242329535715912e-06,random_local_offset,0.8,0.12,0.0,-1.05,-1.25,1.57,1015.3073890121808,True,False,False,0.4750172551885282,0.4889959692955017,0.8089499366462677,0.34923184731917273,0.34923184731917273,0.45971808932709496,0,0,0.5416495203971863,0.616280734539032,False,0.0,,,44,1.0,0.0,37.76,1014.5590083236045,running,0.0,17.272201538085938,0.10644149780273438
50,2,hard_narrow_gap_forward,-1.3499294599680713,-0.499997962927967,2.222290709788538e-06,random_local_offset,0.65,0.0,0.0,-1.05,1.25,-1.57,1012.4919632052685,True,False,False,0.30533077239216183,0.4770503342151642,0.65,0.3496854712175858,0.3496854712175858,0.3003145287824142,1,0,0.6971073746681213,0.7135288715362549,False,0.0,,,28,1.0,0.0,36.92,1014.4606982868903,running,0.0,21.635910034179688,0.10605324804782867
51,2,hard_narrow_gap_forward,-1.1999299948733615,-0.49999788101443265,2.498351663742295e-06,random_local_offset,0.8,0.0,0.0,-0.55,1.75,-1.57,1016.2202373971961,True,False,False,0.46144664520048556,0.4837441146373749,0.8,0.3459798111795233,0.3459798111795233,0.45402018882047673,0,0,0.5829275250434875,0.6009230613708496,False,0.0,,,44,1.0,0.0,37.88,1014.6999461948278,running,0.0,104.4010238647461,0.10585756599903107
52,2,hard_narrow_gap_forward,-1.3499313292777917,-0.4999982383746676,2.109358657060864e-06,random_local_offset,0.65,0.0,0.0,1.05,1.25,-1.57,1012.8413407278832,True,False,False,0.3063031935454452,0.48720934987068176,0.65,0.34873934142401597,0.34873934142401597,0.30126065857598405,0,0,0.6819057464599609,0.7190974354743958,False,0.0,,,29,1.0,0.0,37.24,1014.5470889452206,running,-726.17626953125,62.49878692626953,0.10545198619365692
53,2,hard_narrow_gap_forward,-1.3499314855922202,-0.37999817494185406,2.2720475923933937e-06,random_local_offset,0.65,0.12,0.0,-0.15,-1.25,1.57,1012.5613757880777,True,False,False,0.33373547682219046,0.48313695192337036,0.6609841147864297,0.34390549553561833,0.34390549553561833,0.3170786192508114,0,0,0.6619203686714172,0.7031044363975525,False,0.0,,,31,1.0,0.0,36.76,1014.4435791682573,running,0.0,16.91727066040039,0.10578718036413193
54,2,hard_narrow_gap_forward,-1.1999384285783292,-0.6199978643489845,2.2033505834086637e-06,random_local_offset,0.8,-0.12,0.0,-0.15,1.25,-1.57,1017.3930617743503,True,False,False,0.46860426010638173,0.4768255352973938,0.8089499366462676,0.34283334255000686,0.34283334255000686,0.4661165940962607,1,0,0.5960426330566406,0.5671668648719788,False,0.0,,,46,1.0,0.0,36.8,1014.4977178690295,running,0.0,39.64753723144531,0.10669654607772827
55,2,hard_narrow_gap_forward,-1.3499314764968318,-0.3799981706463188,2.2888918594005543e-06,random_local_offset,0.65,0.12,0.0,-0.15,1.25,-1.57,1013.1552152961556,True,False,False,0.3300282652722973,0.4914208948612213,0.6609841147864296,0.34057621402202665,0.34057621402202665,0.32040790076440295,0,0,0.6526492834091187,0.7160529494285583,False,0.0,,,31,1.0,0.0,36.16,1014.4049855678517,running,-748.1185913085938,34.39657211303711,0.10673529654741287
56,2,hard_narrow_gap_forward,-1.3499380529594895,-0.3799983026333369,2.0742514354192613e-06,random_local_offset,0.65,0.12,0.0,-1.05,-1.25,1.57,1012.6600583382913,True,False,False,0.3232952584889096,0.49079960584640503,0.6609841147864297,0.34973824090683814,0.34973824090683814,0.3112458738795916,0,0,0.6522453427314758,0.7232298254966736,False,0.0,,,32,1.0,0.0,35.6,1014.3034652677832,running,-701.417724609375,27.278480529785156,0.10702984780073166
57,2,hard_narrow_gap_forward,-1.3499314765453023,-0.37999817446855033,2.2870192124570002e-06,random_local_offset,0.65,0.12,0.0,-0.15,1.25,-1.57,1012.6431309954218,True,False,False,0.32081177903688146,0.4875641465187073,0.6609841147864296,0.349839150958421,0.349839150958421,0.3111449638280086,0,0,0.6527650952339172,0.724480152130127,False,0.0,,,31,1.0,0.0,35.04,1014.1875020363399,running,0.0,20.027381896972656,0.10704664140939713
58,2,hard_narrow_gap_forward,-1.1999309739705273,-0.6199979205869882,2.178167447894292e-06,random_local_offset,0.8,-0.12,0.0,-1.05,-1.25,1.57,1016.9292194431381,True,False,False,0.47177037716116843,0.49538877606391907,0.8089499366462675,0.34041130558057736,0.34041130558057736,0.4685386310656901,0,0,0.6100397109985352,0.5623271465301514,False,0.0,,,44,1.0,0.0,36.0,1014.4417867111415,running,0.0,16.038915634155273,0.10689377039670944
59,2,hard_narrow_gap_forward,-1.1999314559873706,-0.37999787592506795,2.233161928486759e-06,random_local_offset,0.8,0.12,0.0,1.05,-1.25,1.57,1016.2754767569519,True,False,False,0.4809967559954469,0.4912976026535034,0.8089499366462675,0.3403892408127782,0.3403892408127782,0.46856069583348925,0,0,0.5470463633537292,0.6134430766105652,False,0.0,,,45,1.0,0.0,36.64,1014.5388718307461,running,-711.0170288085938,28.00995635986328,0.10678953677415848
60,2,hard_narrow_gap_forward,-1.3499309322436543,-0.6199981791790997,2.278282070811489e-06,random_local_offset,0.65,-0.12,0.0,0.55,-1.75,1.57,1014.1110074812548,True,False,False,0.3219909896938374,0.47316935658454895,0.6609841147864298,0.34020119317652053,0.34020119317652053,0.3207829216099093,1,0,0.6908467411994934,0.6952753067016602,False,0.0,,,30,1.0,0.0,36.68,1014.5731385181067,running,-720.7254028320312,32.16312789916992,0.10688164085149765
61,2,hard_narrow_gap_forward,-1.3499374505552548,-0.6199982919755036,2.211763973725878e-06,random_local_offset,0.65,-0.12,0.0,-0.55,-1.75,1.57,1013.1605628943626,True,False,False,0.314727161967346,0.4823913276195526,0.6609841147864298,0.3493591106496566,0.3493591106496566,0.31162500413677324,0,0,0.7001549601554871,0.6997566223144531,False,0.0,,,29,1.0,0.0,37.04,1014.673146582693,running,0.0,114.40926361083984,0.1065095067024231
62,2,hard_narrow_gap_forward,-1.34993361779007,-0.379998288013247,2.3005249158714204e-06,random_local_offset,0.65,0.12,0.0,-0.55,-1.75,1.57,1012.8551296489177,True,False,False,0.3346322999844694,0.48564186692237854,0.6609841147864297,0.34076895779974825,0.34076895779974825,0.32021515698668146,0,0,0.6566947102546692,0.6987618803977966,False,0.0,,,31,1.0,0.0,37.12,1014.6371695988729,running,-715.0368041992188,15.643416404724121,0.10714946687221527
63,2,hard_narrow_gap_forward,-1.1999336080485865,-0.37999791068979627,2.352270731332682e-06,random_local_offset,0.8,0.12,0.0,-0.55,1.75,-1.57,1015.7780139879769,True,False,False,0.47372759346318305,0.49041908979415894,0.8089499366462672,0.3464797567891299,0.3464797567891299,0.46247017985713734,0,0,0.5389420986175537,0.6128159761428833,False,0.0,,,44,1.0,0.0,37.12,1014.579899113712,running,-699.4874877929688,51.82923889160156,0.1073368638753891
64,2,hard_narrow_gap_forward,-1.4499333587597696,-0.4999984963051112,2.3584080622730097e-06,random_local_offset,0.55,0.0,0.0,-0.55,1.75,-1.57,1009.9084424669692,True,False,False,0.20221010164849715,0.4848376214504242,0.5500000000000002,0.3499915824944327,0.3499915824944327,0.20000841750556747,0,0,0.7713034152984619,0.8039988279342651,False,0.0,,,19,1.0,0.0,36.76,1014.4541274773196,running,0.0,18.56047821044922,0.10726945102214813
65,2,hard_narrow_gap_forward,-1.349930930054627,-0.6199981805012854,2.2787796535262708e-06,random_local_offset,0.65,-0.12,0.0,0.55,1.75,-1.57,1013.6622227076796,True,False,False,0.31747235349711267,0.4924679398536682,0.6609841147864297,0.344830439416539,0.344830439416539,0.3161536753698907,0,0,0.691366970539093,0.6961262226104736,False,0.0,,,29,1.0,0.0,36.76,1014.4654329838257,running,-701.3117065429688,20.297649383544922,0.10688813775777817
66,2,hard_narrow_gap_forward,-1.199930421674998,-0.49999798370588494,2.4711672963529134e-06,random_local_offset,0.8,0.0,0.0,1.05,1.25,-1.57,1016.5032380642986,True,False,False,0.46522238895525775,0.48038166761398315,0.8,0.3416629180780126,0.3416629180780126,0.45833708192198747,0,0,0.5765551328659058,0.592796802520752,False,0.0,,,44,1.0,0.0,36.76,1014.4585402189173,running,-695.058349609375,20.944210052490234,0.1067967414855957
67,2,hard_narrow_gap_forward,-1.1999304060132265,-0.6199979682225454,2.5057690931689244e-06,random_local_offset,0.8,-0.12,0.0,-0.55,1.75,-1.57,1016.6222035380534,True,False,False,0.46776776454964225,0.4849410057067871,0.8089499366462676,0.3449168172756634,0.3449168172756634,0.46403311937060415,0,0,0.5973744988441467,0.5828478932380676,False,0.0,,,43,1.0,0.0,36.76,1014.4827399781336,running,0.0,14.682785034179688,0.10599788278341293
68,2,hard_narrow_gap_forward,-1.199931495275483,-0.37999790774637315,2.1864259273735814e-06,random_local_offset,0.8,0.12,0.0,-0.15,-1.25,1.57,1015.894710874265,True,False,False,0.47640286936365867,0.4915994107723236,0.8089499366462674,0.3452271208096594,0.3452271208096594,0.46372281583660796,0,0,0.5359504222869873,0.5987169146537781,False,0.0,,,44,1.0,0.0,37.72,1014.7129039152612,running,0.0,15.483600616455078,0.10612080246210098
69,2,hard_narrow_gap_forward,-1.4499312155198372,-0.4999984791820722,2.1477412463050912e-06,random_local_offset,0.55,0.0,0.0,1.05,1.25,-1.57,1010.6650395662112,True,False,False,0.21244604564868766,0.4933834671974182,0.55,0.340157113267606,0.340157113267606,0.20984288673239404,0,0,0.7574787139892578,0.8065841197967529,False,0.0,,,20,1.0,0.0,36.68,1014.5199903676416,running,0.0,22.518123626708984,0.1058826595544815
70,2,hard_narrow_gap_forward,-1.1999309653968842,-0.6199979249557841,2.174218293252076e-06,random_local_offset,0.8,-0.12,0.0,-1.05,-1.25,1.57,1017.5707612412842,True,False,False,0.4708623728365664,0.4859672784805298,0.8089499366462672,0.33974303409789386,0.33974303409789386,0.4692069025483734,0,0,0.5892301797866821,0.5768902897834778,False,0.0,,,44,1.0,0.0,36.68,1014.5840626389981,running,0.0,12.690656661987305,0.10574405640363693
71,2,hard_narrow_gap_forward,-1.1999330681914016,-0.6199979124967111,2.355424075054352e-06,random_local_offset,0.8,-0.12,0.0,-0.55,1.75,-1.57,1017.1278538302188,True,False,False,0.46660622064339535,0.4863662123680115,0.8089499366462675,0.34404256971960484,0.34404256971960484,0.4649073669266626,0,0,0.5918616056442261,0.5893633365631104,False,0.0,,,44,1.0,0.0,36.68,1014.608470047711,running,0.0,24.437122344970703,0.10640627890825272
72,2,hard_narrow_gap_forward,-1.1999309348382472,-0.6199978882443486,2.211410863738903e-06,random_local_offset,0.8,-0.12,0.0,-0.15,1.25,-1.57,1017.0115804529204,True,False,False,0.46358667236001044,0.4845563769340515,0.8089499366462674,0.3471233108683206,0.3471233108683206,0.46182662577794675,0,0,0.5956625938415527,0.5744874477386475,False,0.0,,,44,1.0,0.0,36.64,1014.5993626807492,running,0.0,6.416177272796631,0.10588341951370239
73,2,hard_narrow_gap_forward,-1.3499333591434413,-0.4999983254393526,2.2534673342771775e-06,random_local_offset,0.65,0.0,0.0,1.05,-1.25,1.57,1013.3615907888961,True,False,False,0.3094641995647946,0.4892914593219757,0.65,0.34421477667112105,0.34421477667112105,0.305785223328879,0,0,0.6913466453552246,0.7169719338417053,False,0.0,,,30,1.0,0.0,36.0,1014.5084330511287,running,0.0,29.879789352416992,0.10560646653175354
74,2,hard_narrow_gap_forward,-1.199929959278501,-0.6199978974685577,2.321917839996653e-06,random_local_offset,0.8,-0.12,0.0,-0.55,-1.75,1.57,1016.7355440600187,True,False,False,0.46476502068933007,0.4919615387916565,0.8089499366462674,0.3466730732217762,0.3466730732217762,0.46227686342449115,0,0,0.5982388257980347,0.569720983505249,False,0.0,,,44,1.0,0.0,36.0,1014.5655592530421,running,0.0,25.845794677734375,0.10533910989761353
75,2,hard_narrow_gap_forward,-1.1999312335446244,-0.4999978328981364,2.2808519039055318e-06,random_local_offset,0.8,0.0,0.0,-1.05,-1.25,1.57,1016.5933094601129,True,False,False,0.46359682807818925,0.495595782995224,0.7999999999999999,0.34269183668663283,0.34269183668663283,0.4573081633133671,0,0,0.5850049257278442,0.5877217650413513,False,0.0,,,44,1.0,0.0,36.64,1014.729613103236,running,0.0,92.927001953125,0.10553168505430222
76,2,hard_narrow_gap_forward,-1.1999305551899142,-0.3799978689487825,2.3798482729000943e-06,random_local_offset,0.8,0.12,0.0,-1.05,1.25,-1.57,1016.0708172224506,True,False,False,0.47299907841813815,0.49081483483314514,0.8089499366462675,0.3469943227425792,0.3469943227425792,0.4619556139036883,0,0,0.5523307919502258,0.621994137763977,False,0.0,,,44,1.0,0.0,36.64,1014.7236362962464,running,0.0,13.666779518127441,0.10599876940250397
77,2,hard_narrow_gap_forward,-1.3499311944093773,-0.49999819018653247,2.2662739577725636e-06,random_local_offset,0.65,0.0,0.0,1.05,1.25,-1.57,1013.5160244970632,True,False,False,0.3078522675205365,0.4884638786315918,0.65,0.34492151099900337,0.34492151099900337,0.30507848900099666,0,0,0.6693424582481384,0.7249138355255127,False,0.0,,,30,1.0,0.0,36.68,1014.7506236470138,running,0.0,15.193106651306152,0.10638973861932755
78,2,hard_narrow_gap_forward,-1.1999309446267823,-0.6199978557685978,2.251590065634221e-06,random_local_offset,0.8,-0.12,0.0,0.55,-1.75,1.57,1016.8290011343537,True,False,False,0.46176885866305506,0.4849265217781067,0.8089499366462675,0.34918093123605953,0.34918093123605953,0.45976900541020793,0,0,0.5898337364196777,0.5914872288703918,False,0.0,,,44,1.0,0.0,37.2,1014.9213286608646,running,0.0,39.30913162231445,0.10790088027715683
79,2,hard_narrow_gap_forward,-1.349931210325601,-0.4999981869973849,2.2641696674527904e-06,random_local_offset,0.65,0.0,0.0,-1.05,1.25,-1.57,1012.6627938044523,True,False,False,0.3025692519167984,0.4803328812122345,0.65,0.3498088202134049,0.3498088202134049,0.3001911797865951,0,0,0.6868502497673035,0.7238216996192932,False,0.0,,,28,1.0,0.0,36.48,1014.7321179420687,running,0.0,53.49235534667969,0.10820543766021729
80,2,hard_narrow_gap_forward,-1.1999318356489344,-0.49999791256872134,2.638358339961104e-06,random_local_offset,0.8,0.0,0.0,-0.15,1.25,-1.57,1017.0118940059999,True,False,False,0.46202693485138085,0.49263879656791687,0.7999999999999999,0.3406319140142779,0.3406319140142779,0.45936808598572204,0,0,0.5537447333335876,0.6005165576934814,False,0.0,,,43,1.0,0.0,36.96,1014.8863850904625,running,-699.174560546875,41.943458557128906,0.10850819200277328
81,2,hard_narrow_gap_forward,-1.1999331671733258,-0.6199979013490831,2.3581573814749166e-06,random_local_offset,0.8,-0.12,0.0,1.05,1.25,-1.57,1016.9852904545517,True,False,False,0.4633785731092702,0.4910154938697815,0.8089499366462675,0.3470701619814446,0.3470701619814446,0.4618797746648229,0,0,0.5988402366638184,0.5770602822303772,False,0.0,,,43,1.0,0.0,37.4,1015.0593943751129,running,0.0,38.399627685546875,0.10904001444578171
82,2,hard_narrow_gap_forward,-1.3499303605488002,-0.3799982816673641,2.364182227973997e-06,random_local_offset,0.65,0.12,0.0,1.05,1.25,-1.57,1013.0225866125126,True,False,False,0.3281213614521767,0.48522406816482544,0.6609841147864298,0.34200084914544787,0.34200084914544787,0.31898326564098195,0,0,0.6485635638237,0.7085074782371521,False,0.0,,,31,1.0,0.0,37.4,1015.0745725997965,running,-702.1677856445312,22.779539108276367,0.10911582410335541
83,2,hard_narrow_gap_forward,-1.4499311967491821,-0.4999984228898464,2.2584863261687245e-06,random_local_offset,0.55,0.0,0.0,-0.55,1.75,-1.57,1010.0815881749985,True,False,False,0.20466236953814812,0.4910394251346588,0.5499999999999998,0.34768184369482397,0.34768184369482397,0.20231815630517586,0,0,0.7640964984893799,0.7932676672935486,False,0.0,,,19,1.0,0.0,36.4,1014.8006673490709,running,0.0,40.390602111816406,0.10879845917224884
84,2,hard_narrow_gap_forward,-1.199931484262983,-0.379997872269184,2.229173493799146e-06,random_local_offset,0.8,0.12,0.0,1.05,1.25,-1.57,1015.6661663393608,True,False,False,0.46751040084870205,0.4852215647697449,0.8089499366462674,0.34915250529163644,0.34915250529163644,0.4597974313546309,0,0,0.5486834049224854,0.6489303708076477,False,0.0,,,42,1.0,0.0,36.28,1014.7762949323671,running,0.0,179.85340881347656,0.10825353860855103
85,2,hard_narrow_gap_forward,-1.1999314685000175,-0.37999792510965896,2.1675585717219804e-06,random_local_offset,0.8,0.12,0.0,1.05,1.25,-1.57,1016.0748437528999,True,False,False,0.4768122122596638,0.49132198095321655,0.8089499366462676,0.3437737550890968,0.3437737550890968,0.4651761815571708,0,0,0.5298928618431091,0.6356715559959412,False,0.0,,,44,1.0,0.0,36.84,1014.854848383233,running,0.0,119.41635131835938,0.10870032012462616
86,2,hard_narrow_gap_forward,-1.199930917338238,-0.6199978588276283,2.2459802610840223e-06,random_local_offset,0.8,-0.12,0.0,-0.55,-1.75,1.57,1017.3072709099673,True,False,False,0.47198610401219954,0.4850941598415375,0.8089499366462675,0.3389732467913603,0.3389732467913603,0.46997668985490715,0,0,0.6042805314064026,0.5605283379554749,False,0.0,,,46,1.0,0.0,37.52,1015.0207167038571,running,0.0,36.97896194458008,0.10980646312236786
87,2,hard_narrow_gap_forward,-1.349937415929955,-0.3799982280784605,2.232567581603181e-06,random_local_offset,0.65,0.12,0.0,1.05,-1.25,1.57,1013.3561956460442,True,False,False,0.3312250696747774,0.48455703258514404,0.6609841147864297,0.3416484694697304,0.3416484694697304,0.31933564531669933,0,0,0.6626421809196472,0.70992112159729,False,0.0,,,32,1.0,0.0,37.56,1015.0407593437423,running,0.0,14.848474502563477,0.11067906022071838
88,2,hard_narrow_gap_forward,-1.1999315536826918,-0.379997903155335,2.1332638783089498e-06,random_local_offset,0.8,0.12,0.0,-0.15,1.25,-1.57,1016.2539844862077,True,False,False,0.47771657432850145,0.48432648181915283,0.8089499366462674,0.34501091499482395,0.34501091499482395,0.4639390216514434,0,0,0.5499498844146729,0.594552218914032,False,0.0,,,46,1.0,0.0,37.64,1015.0597981636716,running,0.0,17.515087127685547,0.10994250327348709
89,2,hard_narrow_gap_forward,-1.3499331752807249,-0.6199983185205573,2.261004433660846e-06,random_local_offset,0.65,-0.12,0.0,-1.05,-1.25,1.57,1014.5335957726651,True,False,False,0.3204033629969753,0.4885782301425934,0.6609841147864297,0.34125733093591587,0.34125733093591587,0.31972678385051384,0,0,0.6968621015548706,0.6876767873764038,False,0.0,,,32,1.0,0.0,38.16,1015.2448042958995,running,0.0,40.691993713378906,0.1095983237028122
90,2,hard_narrow_gap_forward,-1.349933357287781,-0.4999983145850066,2.2779909900710493e-06,random_local_offset,0.65,0.0,0.0,-1.05,1.25,-1.57,1013.7517068781825,True,False,False,0.3127051978795772,0.47684571146965027,0.65,0.33948340352350004,0.33948340352350004,0.3105165964765,1,0,0.6791264414787292,0.7165730595588684,False,0.0,,,29,1.0,0.0,38.16,1015.2483836627196,running,-700.1991577148438,20.220561981201172,0.10948753356933594
91,2,hard_narrow_gap_forward,-1.3499312184698815,-0.4999982367680898,2.1966899322050967e-06,random_local_offset,0.65,0.0,0.0,-1.05,-1.25,1.57,1012.8520156152706,True,False,False,0.3040964970015625,0.48026031255722046,0.6499999999999999,0.3496505370386986,0.3496505370386986,0.30034946296130133,0,0,0.6934186220169067,0.7071559429168701,False,0.0,,,28,1.0,0.0,37.52,1015.1023347647584,running,-707.4966430664062,11.495077133178711,0.1089075356721878
92,2,hard_narrow_gap_forward,-1.1999314954405156,-0.37999789944650497,2.2014448419460576e-06,random_local_offset,0.8,0.12,0.0,-0.55,-1.75,1.57,1015.3899385801041,True,False,False,0.47893907598834146,0.4794068932533264,0.8089499366462674,0.34904410686190135,0.34904410686190135,0.459905829784366,1,0,0.5595405101776123,0.630285382270813,False,0.0,,,44,1.0,0.0,37.56,1015.0530441664405,running,-706.64501953125,27.488361358642578,0.10899460315704346
93,2,hard_narrow_gap_forward,-1.1999309493308892,-0.6199978893963491,2.2127306671990697e-06,random_local_offset,0.8,-0.12,0.0,-0.15,-1.25,1.57,1017.3445497977989,True,False,False,0.4663800043881153,0.4776155650615692,0.8089499366462675,0.3438615327458675,0.3438615327458675,0.46508840390039996,1,0,0.5950772166252136,0.5623577833175659,False,0.0,,,45,1.0,0.0,37.6,1015.1110377233819,running,0.0,14.652074813842773,0.10870470106601715
94,2,hard_narrow_gap_forward,-1.349933062529021,-0.6199982869040557,2.3144859517137777e-06,random_local_offset,0.65,-0.12,0.0,-0.55,1.75,-1.57,1013.8572731130891,True,False,False,0.3165875490831957,0.48046746850013733,0.6609841147864296,0.3450923538427222,0.3450923538427222,0.3158917609437074,0,0,0.7001234889030457,0.7061315178871155,False,0.0,,,30,1.0,0.0,38.0,1015.2387270652569,running,0.0,15.800298690795898,0.10842649638652802
95,2,hard_narrow_gap_forward,-1.1999312153198445,-0.49999791344561245,2.1894363176946023e-06,random_local_offset,0.8,0.0,0.0,0.55,-1.75,1.57,1017.1184118575791,True,False,False,0.46236492688319103,0.49698764085769653,0.8000000000000002,0.3410905415646898,0.3410905415646898,0.45890945843531034,0,0,0.5761293172836304,0.5880047082901001,False,0.0,,,44,1.0,0.0,38.0,1015.2206330899087,running,0.0,24.83205223083496,0.1077691987156868
96,2,hard_narrow_gap_forward,-1.3499382917884244,-0.3799983537987907,2.1955364500493078e-06,random_local_offset,0.65,0.12,0.0,-0.15,1.25,-1.57,1012.5407718443776,True,False,False,0.3268626099289326,0.4909954369068146,0.6609841147864296,0.3482643161117799,0.3482643161117799,0.3127197986746497,0,0,0.6679154634475708,0.7031028270721436,False,0.0,,,32,1.0,0.0,37.52,1015.0371498104751,running,0.0,11.68427562713623,0.10735400766134262
97,2,hard_narrow_gap_forward,-1.3499302227249372,-0.4999981264411623,2.3226642070381966e-06,random_local_offset,0.65,0.0,0.0,1.05,1.25,-1.57,1012.8791378056284,True,False,False,0.31232560824545313,0.4839828610420227,0.6500000000000001,0.344482630566991,0.344482630566991,0.3055173694330091,0,0,0.6955476999282837,0.7150799036026001,False,0.0,,,29,1.0,0.0,36.92,1014.8718521045834,running,-726.135498046875,15.50733470916748,0.10723380744457245
98,2,hard_narrow_gap_forward,-1.1999312172843846,-0.4999978728290388,2.230236332154653e-06,random_local_offset,0.8,0.0,0.0,-1.05,1.25,-1.57,1016.28844760267,True,False,False,0.46345811927396774,0.4845465123653412,0.7999999999999999,0.3423704870250125,0.3423704870250125,0.45762951297498744,0,0,0.5856475234031677,0.5906321406364441,False,0.0,,,43,1.0,0.0,37.44,1014.9889263771344,running,0.0,12.81566047668457,0.10663624852895737
99,2,hard_narrow_gap_forward,-1.1999314683535816,-0.37999783392051534,2.274221944370126e-06,random_local_offset,0.8,0.12,0.0,1.05,1.25,-1.57,1015.7921890541361,True,False,False,0.4689306040079149,0.4927448034286499,0.8089499366462675,0.34971705303678174,0.34971705303678174,0.4592328836094857,0,0,0.5360138416290283,0.6141379475593567,False,0.0,,,44,1.0,0.0,37.44,1014.9511921768991,running,0.0,23.243947982788086,0.1069730892777443
100,2,hard_narrow_gap_forward,-1.3499317453270736,-0.4999982130880305,2.4691361077219135e-06,random_local_offset,0.65,0.0,0.0,-0.15,-1.25,1.57,1012.7708173694308,True,False,False,0.30581219010060295,0.4857398569583893,0.65,0.3477408167617903,0.3477408167617903,0.3022591832382097,0,0,0.6783873438835144,0.7282203435897827,False,0.0,,,28,1.0,0.0,36.8,1014.7982924932717,running,0.0,89.70710754394531,0.10717783123254776
101,2,hard_narrow_gap_forward,-1.1999309191037173,-0.6199978745215348,2.2339426421144094e-06,random_local_offset,0.8,-0.12,0.0,1.05,1.25,-1.57,1017.4052991946925,True,False,False,0.46972753668196476,0.4814850687980652,0.8089499366462675,0.34127997232044627,0.34127997232044627,0.4676699643258212,0,0,0.5913187861442566,0.5716400742530823,False,0.0,,,44,1.0,0.0,36.8,1014.8516717721612,running,0.0,14.715150833129883,0.10712938755750656
102,2,hard_narrow_gap_forward,-1.3499309415742102,-0.49999842058310323,2.4652731612467037e-06,random_local_offset,0.65,0.0,0.0,-0.15,1.25,-1.57,1013.6773363847673,True,False,False,0.31210894315721033,0.49175599217414856,0.65,0.34199546337142706,0.34199546337142706,0.30800453662857297,0,0,0.6662523746490479,0.7152515649795532,False,0.0,,,31,1.0,0.0,36.84,1014.8581242476695,running,-703.114990234375,37.46868896484375,0.10683432966470718
103,2,hard_narrow_gap_forward,-1.3499315102349994,-0.3799977959073616,2.246044410988315e-06,random_local_offset,0.65,0.12,0.0,1.05,1.25,-1.57,1012.6582821420615,True,False,False,0.321952406141926,0.4800906181335449,0.6609841147864297,0.34868188791741656,0.34868188791741656,0.31230222686901316,0,0,0.6728411912918091,0.7122592329978943,False,0.0,,,30,1.0,0.0,36.28,1014.6912954879778,running,-686.1983642578125,12.385034561157227,0.10754217207431793
104,2,hard_narrow_gap_forward,-1.4499312127622797,-0.4999984451258574,2.217957313552917e-06,random_local_offset,0.55,0.0,0.0,1.05,-1.25,1.57,1010.2609980413652,True,False,False,0.20855187817100015,0.4838893711566925,0.5500000000000002,0.3441270001367195,0.3441270001367195,0.20587299986328067,0,0,0.7550875544548035,0.7992305755615234,False,0.0,,,20,1.0,0.0,35.96,1014.5952236574543,running,-740.2965087890625,15.723095893859863,0.10771334916353226
105,2,hard_narrow_gap_forward,-1.3499309622501978,-0.619998229403954,2.193581553099022e-06,random_local_offset,0.65,-0.12,0.0,-0.55,1.75,-1.57,1013.6240970540754,True,False,False,0.31686913146703527,0.4811951816082001,0.6609841147864298,0.34551986442885674,0.34551986442885674,0.3154642503575731,0,0,0.7068073153495789,0.6890782117843628,False,0.0,,,30,1.0,0.0,35.44,1014.4597117793772,running,-695.8300170898438,10.201669692993164,0.10766364634037018
106,2,hard_narrow_gap_forward,-1.4499312152255375,-0.4999984717194133,2.1556104543637204e-06,random_local_offset,0.55,0.0,0.0,-0.15,1.25,-1.57,1010.415984606772,True,False,False,0.20834238420688372,0.4788222014904022,0.55,0.34345587310712666,0.34345587310712666,0.20654412689287338,1,0,0.7535122036933899,0.8066977858543396,False,0.0,,,20,1.0,0.0,34.52,1014.196939545466,running,-706.8186645507812,7.898901462554932,0.10784479230642319
107,2,hard_narrow_gap_forward,-1.1999313106351934,-0.49999793942615556,2.0903413561051585e-06,random_local_offset,0.8,0.0,0.0,-0.55,-1.75,1.57,1016.86055164975,True,False,False,0.465835388263175,0.4814564287662506,0.8000000000000002,0.3390963824823746,0.3390963824823746,0.46090361751762554,0,0,0.5773996710777283,0.5964409708976746,False,0.0,,,45,1.0,0.0,35.08,1014.3504581469556,running,0.0,14.921268463134766,0.10774381458759308
108,2,hard_narrow_gap_forward,-1.199930998877174,-0.6199979284753511,2.176833579443284e-06,random_local_offset,0.8,-0.12,0.0,-0.55,-1.75,1.57,1016.5536829409702,True,False,False,0.46161355998845055,0.4849749505519867,0.8089499366462676,0.34983636157782494,0.34983636157782494,0.45911357506844264,0,0,0.6061735153198242,0.5656068325042725,False,0.0,,,43,1.0,0.0,36.04,1014.6093419375945,running,-722.7246704101562,103.70245361328125,0.10708411782979965
109,2,hard_narrow_gap_forward,-1.3499309560331982,-0.6199982154568798,2.205821647108279e-06,random_local_offset,0.65,-0.12,0.0,-1.05,1.25,-1.57,1013.6226139492873,True,False,False,0.3152095659681486,0.48752743005752563,0.6609841147864297,0.3474134231496431,0.3474134231496431,0.31357069163678664,0,0,0.6887428760528564,0.6867034435272217,False,0.0,,,30,1.0,0.0,35.56,1014.5275998419916,running,-725.6646118164062,45.65459060668945,0.10775123536586761
110,2,hard_narrow_gap_forward,-1.4499301768079969,-0.4999985684037538,2.5107534924867547e-06,random_local_offset,0.55,0.0,0.0,0.55,1.75,-1.57,1010.0707309597608,True,False,False,0.20423091585763803,0.48347073793411255,0.5500000000000002,0.34850734286147184,0.34850734286147184,0.20149265713852832,0,0,0.7580373287200928,0.7794039249420166,False,0.0,,,20,1.0,0.0,34.6,1014.2874353302659,running,-726.460693359375,31.075288772583008,0.10747934877872467
111,2,hard_narrow_gap_forward,-1.4499312060221397,-0.49999840975476295,2.27591517978811e-06,random_local_offset,0.55,0.0,0.0,0.55,-1.75,1.57,1010.1343379304858,True,False,False,0.20736123594568479,0.4828437864780426,0.55,0.3461803378213375,0.3461803378213375,0.20381966217866254,0,0,0.7710933089256287,0.7906422019004822,False,0.0,,,20,1.0,0.0,33.56,1014.0005180110867,running,-690.8292236328125,62.195106506347656,0.10721984505653381
112,2,hard_narrow_gap_forward,-1.3499309284799563,-0.619998171001843,2.2861126138970523e-06,random_local_offset,0.65,-0.12,0.0,0.55,1.75,-1.57,1013.4533605790311,True,False,False,0.3127726673040131,0.489498496055603,0.6609841147864297,0.34893582954030855,0.34893582954030855,0.31204828524612116,0,0,0.6889477372169495,0.7185951471328735,False,0.0,,,29,1.0,0.0,33.44,1014.004404608406,running,0.0,23.548786163330078,0.10727491974830627
113,2,hard_narrow_gap_forward,-1.1999312242114188,-0.49999793438398504,2.1626110477851964e-06,random_local_offset,0.8,0.0,0.0,1.05,-1.25,1.57,1016.9474520965279,True,False,False,0.4641439351291396,0.4863137900829315,0.8,0.3397808074512241,0.3397808074512241,0.46021919254877597,0,0,0.5675519704818726,0.5938079953193665,False,0.0,,,44,1.0,0.0,33.36,1014.0321433128189,running,0.0,19.749916076660156,0.10821709781885147
114,2,hard_narrow_gap_forward,-1.349930972804952,-0.6199982283773519,2.1945663216700143e-06,random_local_offset,0.65,-0.12,0.0,-0.55,1.75,-1.57,1013.4133759582586,True,False,False,0.31567966956578486,0.48278021812438965,0.6609841147864296,0.3468510770195968,0.3468510770195968,0.3141330377668328,0,0,0.6851570010185242,0.6940747499465942,False,0.0,,,30,1.0,0.0,33.28,1013.9873345202427,running,0.0,36.77228927612305,0.10856954753398895
115,2,hard_narrow_gap_forward,-1.3499314558658317,-0.37999820471739676,2.2331981795242794e-06,random_local_offset,0.65,0.12,0.0,-0.55,1.75,-1.57,1013.2168336413966,True,False,False,0.3197250090807018,0.4875592291355133,0.6609841147864296,0.34792241589162654,0.34792241589162654,0.31306169889480306,0,0,0.6614674925804138,0.7045080065727234,False,0.0,,,31,1.0,0.0,33.36,1013.9659395907713,running,-747.7920532226562,49.31114196777344,0.10877485573291779
116,2,hard_narrow_gap_forward,-1.199930951221805,-0.6199979260497559,2.1643032260926195e-06,random_local_offset,0.8,-0.12,0.0,0.55,-1.75,1.57,1017.1704717631275,True,False,False,0.47111061563968815,0.48558309674263,0.8089499366462675,0.34045873382423353,0.34045873382423353,0.46849120282203394,0,0,0.6015353202819824,0.5741029977798462,False,0.0,,,45,1.0,0.0,34.04,1014.1386778366857,running,0.0,12.775688171386719,0.10823289304971695
117,2,hard_narrow_gap_forward,-1.199931486035834,-0.37999785497800054,2.243944196231835e-06,random_local_offset,0.8,0.12,0.0,-0.55,-1.75,1.57,1015.9794776616296,True,False,False,0.4770104129194607,0.4869993329048157,0.8089499366462672,0.34539831760031187,0.34539831760031187,0.4635516190459554,0,0,0.5521355271339417,0.6088517904281616,False,0.0,,,44,1.0,0.0,34.04,1014.1622593999468,running,0.0,15.450624465942383,0.10772346705198288
118,2,hard_narrow_gap_forward,-1.4499312262087831,-0.4999984716439801,2.149733253433395e-06,random_local_offset,0.55,0.0,0.0,1.05,1.25,-1.57,1010.4606848252672,True,False,False,0.21232977424501107,0.4877411723136902,0.5500000000000002,0.34045071496759727,0.34045071496759727,0.2095492850324029,0,0,0.7518690824508667,0.7857103943824768,False,0.0,,,20,1.0,0.0,33.04,1013.8869048010455,running,0.0,22.732994079589844,0.10750628262758255
119,2,hard_narrow_gap_forward,-1.1999312139535103,-0.4999979392039979,2.150499413814148e-06,random_local_offset,0.8,0.0,0.0,0.55,-1.75,1.57,1016.3234323103275,True,False,False,0.4601285820571291,0.4834248721599579,0.8,0.3450342106465129,0.3450342106465129,0.45496578935348714,0,0,0.5730835199356079,0.5981109142303467,False,0.0,,,42,1.0,0.0,33.52,1013.9855511689349,running,0.0,8.996915817260742,0.1082381010055542
120,2,hard_narrow_gap_forward,-1.3499312232092753,-0.4999982304898855,2.197093200476076e-06,random_local_offset,0.65,0.0,0.0,1.05,1.25,-1.57,1013.2563489791095,True,False,False,0.31016076092775224,0.4912007451057434,0.65,0.3442510907754031,0.3442510907754031,0.3057489092245969,0,0,0.673727810382843,0.7140334248542786,False,0.0,,,29,1.0,0.0,32.92,1013.8310686537961,running,-713.4411010742188,17.67865562438965,0.10809693485498428
121,2,hard_narrow_gap_forward,-1.199930938295572,-0.6199978527788115,2.2444610013821903e-06,random_local_offset,0.8,-0.12,0.0,1.05,-1.25,1.57,1017.3194628774023,True,False,False,0.46971778583095763,0.4951362609863281,0.8089499366462675,0.3412706898851321,0.3412706898851321,0.46767924676113537,0,0,0.594074010848999,0.5712077021598816,False,0.0,,,45,1.0,0.0,33.44,1014.0222162951172,running,0.0,20.371089935302734,0.1081455796957016
122,2,hard_narrow_gap_forward,-1.3499307104342824,-0.3799984033633052,2.470072246905106e-06,random_local_offset,0.65,0.12,0.0,1.05,-1.25,1.57,1012.4028893527175,True,False,False,0.32729666257616674,0.48869749903678894,0.6609841147864296,0.3466995925664877,0.3466995925664877,0.3142845222199419,0,0,0.6702724695205688,0.6982945203781128,False,0.0,,,30,1.0,0.0,33.48,1014.0031663570009,running,0.0,128.5235595703125,0.10770449042320251
123,2,hard_narrow_gap_forward,-1.1999315813838112,-0.3799978873649286,2.1481508948549743e-06,random_local_offset,0.8,0.12,0.0,-0.55,1.75,-1.57,1015.8563007836949,True,False,False,0.4682320333985168,0.48927852511405945,0.8089499366462675,0.3491368822821646,0.3491368822821646,0.45981305436410286,0,0,0.5479604005813599,0.6271083950996399,False,0.0,,,43,1.0,0.0,33.48,1013.985880484242,running,-744.4517211914062,56.41735076904297,0.10759846866130829
124,2,hard_narrow_gap_forward,-1.1999309755875267,-0.6199979179108251,2.180832626529052e-06,random_local_offset,0.8,-0.12,0.0,1.05,-1.25,1.57,1017.2019382379192,True,False,False,0.47078380937995323,0.48265859484672546,0.8089499366462675,0.34081862410532565,0.34081862410532565,0.4681313125409418,0,0,0.6068447828292847,0.5652217864990234,False,0.0,,,45,1.0,0.0,33.52,1014.0422704515933,running,0.0,27.81391143798828,0.10740270465612411
125,2,hard_narrow_gap_forward,-1.1999309461972507,-0.6199978680303609,2.246673153864932e-06,random_local_offset,0.8,-0.12,0.0,0.55,-1.75,1.57,1016.5502099027569,True,False,False,0.4694846253700738,0.4921046793460846,0.8089499366462674,0.3436994152884098,0.3436994152884098,0.46525052135785755,0,0,0.5826696157455444,0.5850577354431152,False,0.0,,,44,1.0,0.0,34.16,1014.1934461529263,running,0.0,41.71335983276367,0.10925975441932678
126,2,hard_narrow_gap_forward,-1.349931212733964,-0.49999822310073966,2.2052688817822163e-06,random_local_offset,0.65,0.0,0.0,-1.05,-1.25,1.57,1013.2337624561264,True,False,False,0.3129051168061057,0.48453906178474426,0.6499999999999999,0.34300438992753596,0.34300438992753596,0.30699561007246395,0,0,0.6967000365257263,0.7001403570175171,False,0.0,,,30,1.0,0.0,33.6,1014.0265846833836,running,0.0,20.602052688598633,0.11008379608392715
127,2,hard_narrow_gap_forward,-1.1999314784869082,-0.3799978221431846,2.2917558323860117e-06,random_local_offset,0.8,0.12,0.0,-1.05,1.25,-1.57,1015.3004898408184,True,False,False,0.4830677598646655,0.4834475815296173,0.8089499366462672,0.34772421207973936,0.34772421207973936,0.4612257245665279,0,0,0.5324622392654419,0.6389047503471375,False,0.0,,,45,1.0,0.0,34.16,1014.0915108216257,running,-719.5931396484375,14.665895462036133,0.1108650416135788
128,2,hard_narrow_gap_forward,-1.1999309538347065,-0.6199978782880192,2.23099521522792e-06,random_local_offset,0.8,-0.12,0.0,1.05,1.25,-1.57,1016.9354549434469,True,False,False,0.471636271709784,0.48690733313560486,0.8089499366462672,0.34153190064339406,0.34153190064339406,0.4674180360028732,0,0,0.5884336233139038,0.5912704467773438,False,0.0,,,45,1.0,0.0,34.76,1014.262597733681,running,0.0,20.787574768066406,0.11041062325239182
129,2,hard_narrow_gap_forward,-1.1999312110776674,-0.4999979132546825,2.1804496726719607e-06,random_local_offset,0.8,0.0,0.0,0.55,-1.75,1.57,1016.6207799009414,True,False,False,0.4582462307731463,0.4832262396812439,0.7999999999999999,0.34633788524588954,0.34633788524588954,0.4536621147541104,0,0,0.571618914604187,0.6090907454490662,False,0.0,,,43,1.0,0.0,35.68,1014.5169890080641,running,-711.4639282226562,30.640605926513672,0.11083441227674484
130,2,hard_narrow_gap_forward,-1.349931201365322,-0.4999981737152794,2.2886943364819956e-06,random_local_offset,0.65,0.0,0.0,1.05,-1.25,1.57,1013.1050471378489,True,False,False,0.3087244161004684,0.47179263830184937,0.6499999999999999,0.3443986255851345,0.3443986255851345,0.3056013744148654,2,0,0.6865556240081787,0.7175184488296509,False,0.0,,,29,1.0,0.0,35.64,1014.496227011415,running,0.0,12.527828216552734,0.11081628501415253
131,2,hard_narrow_gap_forward,-1.1999309322446983,-0.6199978432400548,2.266625623874472e-06,random_local_offset,0.8,-0.12,0.0,0.55,-1.75,1.57,1017.1189260636975,True,False,False,0.47017962484002807,0.4809820055961609,0.8089499366462675,0.3421482509257278,0.3421482509257278,0.46680168572053965,0,0,0.615256667137146,0.5667901635169983,False,0.0,,,44,1.0,0.0,36.6,1014.7643446696919,running,0.0,13.960667610168457,0.10983950644731522
132,2,hard_narrow_gap_forward,-1.1999312028756022,-0.4999978246126553,2.286492515522794e-06,random_local_offset,0.8,0.0,0.0,0.55,1.75,-1.57,1016.0446589002873,True,False,False,0.4545498647771856,0.4774477481842041,0.8,0.3497293224753531,0.3497293224753531,0.45027067752464695,2,0,0.5939862728118896,0.6049198508262634,False,0.0,,,44,1.0,0.0,36.56,1014.7317089597134,running,0.0,11.010894775390625,0.1095355749130249
133,2,hard_narrow_gap_forward,-1.3499309472781988,-0.6199982532523708,2.1657841557807373e-06,random_local_offset,0.65,-0.12,0.0,-1.05,1.25,-1.57,1013.520415212672,True,False,False,0.3158360918837095,0.4876120388507843,0.6609841147864297,0.34646310210766335,0.34646310210766335,0.31452101267876637,0,0,0.6924489736557007,0.6852853894233704,False,0.0,,,29,1.0,0.0,36.0,1014.6103782505814,running,-717.1600952148438,6.933021545410156,0.10996408015489578
134,2,hard_narrow_gap_forward,-1.3499330929499411,-0.6199982926184991,2.3114435915340025e-06,random_local_offset,0.65,-0.12,0.0,-0.15,1.25,-1.57,1013.6479855280809,True,False,False,0.32784931556292346,0.48863300681114197,0.6609841147864296,0.3378473511485354,0.3378473511485354,0.3231367636378942,0,0,0.7087427377700806,0.6737855076789856,False,0.0,,,31,1.0,0.0,36.04,1014.6113931137332,running,0.0,45.47413635253906,0.10942179709672928
135,2,hard_narrow_gap_forward,-1.34993121343211,-0.4999981994163441,2.2416224540395494e-06,random_local_offset,0.65,0.0,0.0,0.55,-1.75,1.57,1013.0013069436253,True,False,False,0.3074577315482652,0.49096691608428955,0.6499999999999999,0.3471142418769515,0.3471142418769515,0.3028857581230484,0,0,0.700861394405365,0.6932146549224854,False,0.0,,,29,1.0,0.0,36.4,1014.7286161530876,running,-702.4540405273438,22.344539642333984,0.10894571244716644
136,2,hard_narrow_gap_forward,-1.3499304564006211,-0.4999980232019762,2.2165891723757813e-06,random_local_offset,0.65,0.0,0.0,1.05,1.25,-1.57,1013.8394448795311,True,False,False,0.3117451648051363,0.4914170205593109,0.65,0.3414094865900287,0.3414094865900287,0.30859051340997135,0,0,0.6774726510047913,0.7024189829826355,False,0.0,,,30,1.0,0.0,36.8,1014.8768204310494,running,-717.645263671875,33.2833251953125,0.10880867391824722
137,2,hard_narrow_gap_forward,-1.3499312354177582,-0.4999982492274885,2.1739985247037696e-06,random_local_offset,0.65,0.0,0.0,-0.15,-1.25,1.57,1013.541574823714,True,False,False,0.3102533485993182,0.48616132140159607,0.65,0.3441689613787024,0.3441689613787024,0.3058310386212976,0,0,0.6688236594200134,0.7151597142219543,False,0.0,,,31,1.0,0.0,36.88,1014.8803490008368,running,0.0,392.76165771484375,0.10902868211269379
138,2,hard_narrow_gap_forward,-1.3499309748923636,-0.6199982357091286,2.182463910391409e-06,random_local_offset,0.65,-0.12,0.0,-0.55,1.75,-1.57,1013.6768959565301,True,False,False,0.31318993711775617,0.48898082971572876,0.6609841147864296,0.348608403461992,0.348608403461992,0.3123757113244376,0,0,0.7094164490699768,0.7051957249641418,False,0.0,,,30,1.0,0.0,36.32,1014.7495267552367,running,0.0,21.918197631835938,0.10951855033636093
139,2,hard_narrow_gap_forward,-1.3499336273539553,-0.3799983035258181,2.275304033360577e-06,random_local_offset,0.65,0.12,0.0,1.05,-1.25,1.57,1013.1745816764538,True,False,False,0.3270752080529133,0.48652586340904236,0.6609841147864296,0.34235167910587616,0.34235167910587616,0.31863243568055344,0,0,0.6624312400817871,0.7143992185592651,False,0.0,,,31,1.0,0.0,36.36,1014.7399749839647,running,-740.970458984375,37.77246856689453,0.10959803313016891
140,2,hard_narrow_gap_forward,-1.4499369161407372,-0.49999841642384396,2.112592044135575e-06,random_local_offset,0.55,0.0,0.0,-0.15,1.25,-1.57,1010.6401819717726,True,False,False,0.2113025406090882,0.4851893186569214,0.5500000000000002,0.3408396057420682,0.3408396057420682,0.20916039425793198,0,0,0.7517563104629517,0.8017438650131226,False,0.0,,,20,1.0,0.0,35.92,1014.6369089171797,running,-704.0419311523438,14.921512603759766,0.10893373936414719
141,2,hard_narrow_gap_forward,-1.1999315023958217,-0.3799979059010724,2.1876403806728596e-06,random_local_offset,0.8,0.12,0.0,-0.15,1.25,-1.57,1016.1194446395734,True,False,False,0.47471596137298055,0.48512011766433716,0.8089499366462676,0.34550986447093734,0.34550986447093734,0.46344007217533023,0,0,0.570100724697113,0.6155321598052979,False,0.0,,,44,1.0,0.0,35.88,1014.5948678322378,running,-722.7262573242188,8.710540771484375,0.10804375261068344
142,2,hard_narrow_gap_forward,-1.3499312156224215,-0.4999981944401375,2.257734882995675e-06,random_local_offset,0.65,0.0,0.0,0.55,-1.75,1.57,1013.4121617607417,True,False,False,0.31126691863583283,0.4908173084259033,0.6500000000000001,0.3433598469716648,0.3433598469716648,0.30664015302833536,0,0,0.676196277141571,0.7116935849189758,False,0.0,,,30,1.0,0.0,35.32,1014.492175196202,running,-703.2144775390625,18.206907272338867,0.10842675715684891
143,2,hard_narrow_gap_forward,-1.1999312026704876,-0.4999978236175779,2.2930157564220412e-06,random_local_offset,0.8,0.0,0.0,1.05,-1.25,1.57,1015.4706568033395,True,False,False,0.4701760891451393,0.4952421188354492,0.8,0.34377187580069446,0.34377187580069446,0.4562281241993056,0,0,0.583718478679657,0.5898425579071045,False,0.0,,,42,1.0,0.0,36.2,1014.6925740753251,running,-703.7019653320312,20.34327507019043,0.10770518332719803
144,2,hard_narrow_gap_forward,-1.3499303701172953,-0.37999825711520363,2.3376255642952294e-06,random_local_offset,0.65,0.12,0.0,-0.55,1.75,-1.57,1012.5245454599988,True,False,False,0.32662125031071126,0.4942019283771515,0.6609841147864297,0.3485130583278981,0.3485130583278981,0.3124710564585316,0,0,0.6734798550605774,0.6899800300598145,False,0.0,,,31,1.0,0.0,35.76,1014.5406186013118,running,0.0,30.956249237060547,0.10778379440307617
145,2,hard_narrow_gap_forward,-1.199930960178753,-0.6199979248487799,2.1641536340730724e-06,random_local_offset,0.8,-0.12,0.0,1.05,-1.25,1.57,1016.643249250835,True,False,False,0.46477170403406,0.4930401146411896,0.8089499366462675,0.34661904429629753,0.34661904429629753,0.46233089234996994,0,0,0.5894440412521362,0.6006908416748047,False,0.0,,,44,1.0,0.0,36.36,1014.676094612181,running,0.0,137.8401641845703,0.10694126039743423
146,2,hard_narrow_gap_forward,-1.199931214091786,-0.49999786966616794,2.2336991023992043e-06,random_local_offset,0.8,0.0,0.0,-1.05,1.25,-1.57,1016.6212281894519,True,False,False,0.4528166137300327,0.4831164479255676,0.8,0.3494272102508212,0.3494272102508212,0.45057278974917886,0,0,0.5618731379508972,0.6301126480102539,False,0.0,,,43,1.0,0.0,36.28,1014.648165224663,running,-707.2479858398438,20.359981536865234,0.10824733972549438
147,2,hard_narrow_gap_forward,-1.3499314745958118,-0.3799982680661731,2.1388033352877554e-06,random_local_offset,0.65,0.12,0.0,-1.05,-1.25,1.57,1012.9379789897037,True,False,False,0.3305692493923134,0.4840434491634369,0.6609841147864298,0.3414307866110641,0.3414307866110641,0.31955332817536575,0,0,0.6633256673812866,0.6971989870071411,False,0.0,,,31,1.0,0.0,36.32,1014.6695688101423,running,0.0,8.739355087280273,0.10928239673376083
148,2,hard_narrow_gap_forward,-1.449931199542513,-0.49999844172214,2.2224239217503144e-06,random_local_offset,0.55,0.0,0.0,-0.55,1.75,-1.57,1010.0773778307002,True,False,False,0.2048509566902217,0.4905281364917755,0.55,0.3479150951515505,0.3479150951515505,0.20208490484844954,0,0,0.7575685977935791,0.7519512176513672,False,0.0,,,19,1.0,0.0,35.36,1014.4384118920227,running,-707.5823364257812,25.631927490234375,0.10934408009052277
149,2,hard_narrow_gap_forward,-1.3499313227263885,-0.49999821444064935,2.1447924531900863e-06,random_local_offset,0.65,0.0,0.0,-1.05,1.25,-1.57,1013.9081664470128,True,False,False,0.3128488071922825,0.4827946722507477,0.6500000000000001,0.34025306072217726,0.34025306072217726,0.3097469392778229,0,0,0.691265344619751,0.7077118158340454,False,0.0,,,31,1.0,0.0,34.8,1014.3066610203865,running,0.0,17.37027931213379,0.11004097014665604
150,2,hard_narrow_gap_forward,-1.1999371571128306,-0.3799978603630886,2.2208526617422625e-06,random_local_offset,0.8,0.12,0.0,-0.55,-1.75,1.57,1016.3927349336744,True,False,False,0.4794069208998713,0.4805857837200165,0.8089499366462675,0.34041162907510863,0.34041162907510863,0.46853830757115883,0,0,0.5679518580436707,0.6248446106910706,False,0.0,,,45,1.0,0.0,34.84,1014.3003620216232,running,-707.0248413085938,27.898679733276367,0.11048988997936249
151,2,hard_narrow_gap_forward,-1.4499311847888554,-0.4999984269394944,2.2385222213866653e-06,random_local_offset,0.55,0.0,0.0,-1.05,-1.25,1.57,1010.6718668912387,True,False,False,0.20926278078153138,0.48427706956863403,0.55,0.34255305949239123,0.34255305949239123,0.2074469405076088,0,0,0.7549208402633667,0.8255338668823242,False,0.0,,,20,1.0,0.0,34.44,1014.1978861990276,running,-725.919921875,8.751301765441895,0.11055191606283188
152,2,hard_narrow_gap_forward,-1.449936063652223,-0.4999984209014205,2.265355157407415e-06,random_local_offset,0.55,0.0,0.0,-0.15,-1.25,1.57,1010.0756960358053,True,False,False,0.20535859675720952,0.4928293824195862,0.5499999999999999,0.34632839336651944,0.34632839336651944,0.2036716066334805,0,0,0.7577563524246216,0.7920008897781372,False,0.0,,,19,1.0,0.0,33.4,1013.9888944468271,running,0.0,29.024349212646484,0.11019899696111679
153,2,hard_narrow_gap_forward,-1.1999336110470222,-0.37999790308385306,2.3556440670519657e-06,random_local_offset,0.8,0.12,0.0,0.55,1.75,-1.57,1016.3080566547432,True,False,False,0.47102902766349036,0.48808857798576355,0.8089499366462672,0.34638634363982324,0.34638634363982324,0.462563593006444,0,0,0.5272728204727173,0.627666175365448,False,0.0,,,44,1.0,0.0,33.36,1013.9637985152789,running,0.0,16.873050689697266,0.11045973002910614
154,2,hard_narrow_gap_forward,-1.349933090853331,-0.6199983139351457,2.2750605928759623e-06,random_local_offset,0.65,-0.12,0.0,-0.55,-1.75,1.57,1013.822554614205,True,False,False,0.3197330517258027,0.48405739665031433,0.6609841147864298,0.34440289314897643,0.34440289314897643,0.3165812216374534,0,0,0.6988991498947144,0.6829044818878174,False,0.0,,,31,1.0,0.0,32.88,1013.8518695038096,running,-696.1541137695312,20.95876693725586,0.1096593514084816
155,2,hard_narrow_gap_forward,-1.1999371806572716,-0.49999792485751066,2.1836901825103582e-06,random_local_offset,0.8,0.0,0.0,-0.55,-1.75,1.57,1016.5072895166224,True,False,False,0.45700665918850913,0.48840975761413574,0.8,0.34772074929885294,0.34772074929885294,0.4522792507011471,0,0,0.5794283747673035,0.5916393995285034,False,0.0,,,44,1.0,0.0,33.48,1013.9879591989604,running,-734.3150634765625,11.677641868591309,0.10931071639060974
156,2,hard_narrow_gap_forward,-1.4499312158161743,-0.49999843706207714,2.236184206310989e-06,random_local_offset,0.55,0.0,0.0,0.55,1.75,-1.57,1010.6721748108935,True,False,False,0.20589668595168115,0.49378538131713867,0.55,0.3458894992909988,0.3458894992909988,0.20411050070900122,0,0,0.7593184113502502,0.8033356666564941,False,0.0,,,21,1.0,0.0,32.56,1013.7300891488484,running,0.0,22.701013565063477,0.10932429879903793
157,2,hard_narrow_gap_forward,-1.3499312186534789,-0.4999982141305769,2.2288951977828746e-06,random_local_offset,0.65,0.0,0.0,-0.15,1.25,-1.57,1013.4096584913362,True,False,False,0.31275878204997387,0.4930403232574463,0.65,0.340235708165837,0.340235708165837,0.30976429183416304,0,0,0.6831660866737366,0.723754346370697,False,0.0,,,29,1.0,0.0,31.96,1013.6246891324903,running,-713.4163818359375,23.18246078491211,0.10932664573192596
158,2,hard_narrow_gap_forward,-1.1999314678756219,-0.3799978453596457,2.2707123686888712e-06,random_local_offset,0.8,0.12,0.0,-1.05,-1.25,1.57,1016.3450428928872,True,False,False,0.47140284844570685,0.4876633882522583,0.8089499366462676,0.3448387982738695,0.3448387982738695,0.4641111383723981,0,0,0.5355111956596375,0.6199225187301636,False,0.0,,,45,1.0,0.0,32.6,1013.737674239699,running,0.0,20.756534576416016,0.10937751084566116
159,2,hard_narrow_gap_forward,-1.3499312315881355,-0.49999824051883773,2.183415387010115e-06,random_local_offset,0.65,0.0,0.0,1.05,1.25,-1.57,1013.487239873621,True,False,False,0.3079294971512909,0.4922831654548645,0.6499999999999999,0.3450789615901483,0.3450789615901483,0.30492103840985163,0,0,0.6827882528305054,0.7178711295127869,False,0.0,,,30,1.0,0.0,32.56,1013.7312444135205,running,0.0,28.530052185058594,0.10932938009500504
160,2,hard_narrow_gap_forward,-1.3499312263585561,-0.499998203385553,2.2289905811976854e-06,random_local_offset,0.65,0.0,0.0,-0.15,1.25,-1.57,1013.7177698059646,True,False,False,0.3077631498059395,0.4831089973449707,0.6499999999999999,0.34375081780028766,0.34375081780028766,0.30624918219971226,0,0,0.6848680973052979,0.7060117125511169,False,0.0,,,29,1.0,0.0,32.56,1013.7599029280141,running,-713.4692993164062,40.07334518432617,0.10962330549955368
161,2,hard_narrow_gap_forward,-1.3499363839161602,-0.4999982757677294,2.2375165061871635e-06,random_local_offset,0.65,0.0,0.0,-0.55,1.75,-1.57,1013.660743233669,True,False,False,0.3105019357110467,0.49378833174705505,0.6500000000000001,0.3420123505737173,0.3420123505737173,0.3079876494262828,0,0,0.6801500916481018,0.7195873856544495,False,0.0,,,30,1.0,0.0,32.56,1013.7527548621795,running,-714.05859375,20.239307403564453,0.10952455550432205
162,2,hard_narrow_gap_forward,-1.3499330906674651,-0.6199982829100855,2.317821107196067e-06,random_local_offset,0.65,-0.12,0.0,-0.15,-1.25,1.57,1014.2279866763631,True,False,False,0.3211522988529428,0.49083665013313293,0.6609841147864296,0.3409319867893935,0.3409319867893935,0.3200521279970361,0,0,0.696255087852478,0.685570240020752,False,0.0,,,31,1.0,0.0,32.56,1013.7802113362854,running,0.0,21.960805892944336,0.10956409573554993
163,2,hard_narrow_gap_forward,-1.3499393486486135,-0.3799981573246317,2.1318369805709874e-06,random_local_offset,0.65,0.12,0.0,0.55,-1.75,1.57,1013.0482286288357,True,False,False,0.3288800946716135,0.4926426410675049,0.6609841147864297,0.34524419941646206,0.34524419941646206,0.31573991536996765,0,0,0.6652753949165344,0.6939495205879211,False,0.0,,,31,1.0,0.0,32.6,1013.7550646431777,running,-694.0482788085938,11.219661712646484,0.10854928195476532
164,2,hard_narrow_gap_forward,-1.1999304294464612,-0.49999786815050107,2.302037003010917e-06,random_local_offset,0.8,0.0,0.0,-0.55,-1.75,1.57,1016.056360223652,True,False,False,0.45938204581082775,0.4791640043258667,0.7999999999999999,0.346231617464941,0.346231617464941,0.4537683825350589,1,0,0.5874285101890564,0.5985061526298523,False,0.0,,,43,1.0,0.0,33.08,1013.8703357850655,running,0.0,14.090850830078125,0.10738073289394379
165,2,hard_narrow_gap_forward,-1.1999301311870685,-0.4999978892971433,2.2159052895068644e-06,random_local_offset,0.8,0.0,0.0,-1.05,-1.25,1.57,1016.3827921026608,True,False,False,0.45780453275838895,0.4865640103816986,0.7999999999999999,0.34684271143858386,0.34684271143858386,0.45315728856141607,0,0,0.5815290212631226,0.6133797764778137,False,0.0,,,42,1.0,0.0,33.96,1014.1000401903011,running,0.0,127.67174530029297,0.10813495516777039
166,2,hard_narrow_gap_forward,-1.1999361555240167,-0.6199978807726119,2.2919414400714125e-06,random_local_offset,0.8,-0.12,0.0,-0.15,1.25,-1.57,1016.8198896611548,True,False,False,0.47021010150096126,0.4892662763595581,0.8089499366462675,0.3458381712993386,0.3458381712993386,0.4631117653469289,0,0,0.5908135175704956,0.5788537859916687,False,0.0,,,45,1.0,0.0,34.0,1014.1280579911644,running,-709.0547485351562,17.864501953125,0.10939647257328033
167,2,hard_narrow_gap_forward,-1.3499309395025658,-0.6199981935308896,2.2520782237713183e-06,random_local_offset,0.65,-0.12,0.0,-0.55,-1.75,1.57,1013.9536681537722,True,False,False,0.31531722730553347,0.48622968792915344,0.6609841147864297,0.34635611238156205,0.34635611238156205,0.31462800240486766,0,0,0.689433217048645,0.7093033194541931,False,0.0,,,30,1.0,0.0,34.0,1014.1497182468856,running,-701.0191650390625,7.892813682556152,0.10918913036584854
168,2,hard_narrow_gap_forward,-1.3499309630376513,-0.6199982606270336,2.159980170723015e-06,random_local_offset,0.65,-0.12,0.0,-0.55,1.75,-1.57,1013.3769973340393,True,False,False,0.3130180102238337,0.4825562834739685,0.6609841147864297,0.3494266064318721,0.3494266064318721,0.3115575083545576,0,0,0.706100583076477,0.6934419870376587,False,0.0,,,29,1.0,0.0,33.48,1014.0659718681136,running,0.0,40.30352020263672,0.10874775797128677
169,2,hard_narrow_gap_forward,-1.3499300067468345,-0.49999825308445883,2.342747225359236e-06,random_local_offset,0.65,0.0,0.0,-0.15,-1.25,1.57,1013.0744935908241,True,False,False,0.31537066338680964,0.46557188034057617,0.65,0.3408182371244269,0.3408182371244269,0.30918176287557314,1,0,0.6833197474479675,0.6953962445259094,False,0.0,,,30,1.0,0.0,33.44,1014.0879697933466,running,0.0,7.551308631896973,0.10901173204183578
170,2,hard_narrow_gap_forward,-1.349931476432759,-0.37999819113960215,2.2672940692433655e-06,random_local_offset,0.65,0.12,0.0,-1.05,1.25,-1.57,1012.5355674188701,True,False,False,0.3264332705131635,0.49241864681243896,0.6609841147864298,0.34941639912021827,0.34941639912021827,0.31156771566621155,0,0,0.6761419177055359,0.701722264289856,False,0.0,,,31,1.0,0.0,32.92,1013.9236625200679,running,-732.3766479492188,16.41889762878418,0.10908211022615433
171,2,hard_narrow_gap_forward,-1.3499312876270853,-0.49999819208507257,2.174126817070387e-06,random_local_offset,0.65,0.0,0.0,-0.15,-1.25,1.57,1013.2960563092095,True,False,False,0.31192908952217147,0.49279478192329407,0.65,0.3428221408407718,0.3428221408407718,0.30717785915922824,0,0,0.6843485832214355,0.6969109773635864,False,0.0,,,30,1.0,0.0,32.4,1013.790655644858,running,-712.416015625,63.5975456237793,0.10888445377349854
172,2,hard_narrow_gap_forward,-1.3499311997703134,-0.4999982213599276,2.199258237925615e-06,random_local_offset,0.65,0.0,0.0,-0.15,-1.25,1.57,1013.1736927948939,True,False,False,0.3150950333464043,0.4851238429546356,0.65,0.3380957284939346,0.3380957284939346,0.3119042715060654,0,0,0.6853446960449219,0.7263627648353577,False,0.0,,,27,1.0,0.0,32.24,1013.8000841970658,running,0.0,653.0361328125,0.10925868898630142
173,2,hard_narrow_gap_forward,-1.1999314775198262,-0.379997940177231,2.146851903229998e-06,random_local_offset,0.8,0.12,0.0,-0.55,-1.75,1.57,1016.2486847364258,True,False,False,0.4651187799192884,0.4846252202987671,0.8089499366462674,0.34987755092573797,0.34987755092573797,0.4590723857205294,0,0,0.5540015697479248,0.6457558274269104,False,0.0,,,41,1.0,0.0,33.12,1014.0469364732949,running,-719.766845703125,23.037267684936523,0.11092841625213623
174,2,hard_narrow_gap_forward,-1.1999312026503108,-0.4999978240984169,2.292230902453801e-06,random_local_offset,0.8,0.0,0.0,-1.05,-1.25,1.57,1016.4707946047573,True,False,False,0.4554671569042989,0.4858316481113434,0.8000000000000002,0.3475301465900719,0.3475301465900719,0.45246985340992824,0,0,0.5722655057907104,0.620769739151001,False,0.0,,,42,1.0,0.0,33.56,1014.1494415996046,running,-716.7625122070312,471.9542236328125,0.11261004954576492
175,2,hard_narrow_gap_forward,-1.3499312062270756,-0.4999982446958377,2.177152530172105e-06,random_local_offset,0.65,0.0,0.0,1.05,1.25,-1.57,1013.0197357313278,True,False,False,0.30393924826567426,0.49190154671669006,0.6500000000000001,0.34816741204202584,0.34816741204202584,0.3018325879579743,0,0,0.68501216173172,0.7016562819480896,False,0.0,,,28,1.0,0.0,32.88,1014.0145216315108,running,-701.77294921875,17.301921844482422,0.1137760803103447
176,2,hard_narrow_gap_forward,-1.1999311918770599,-0.49999784511906714,2.260850317455451e-06,random_local_offset,0.8,0.0,0.0,0.55,1.75,-1.57,1015.9745961175333,True,False,False,0.45795406701485003,0.4850050210952759,0.8,0.3471209665989388,0.3471209665989388,0.4528790334010612,0,0,0.5710649490356445,0.6140480041503906,False,0.0,,,40,1.0,0.0,33.68,1014.2266308005624,running,-703.5667114257812,13.57359504699707,0.11406556516885757
177,2,hard_narrow_gap_forward,-1.1999314923954123,-0.37999792326343174,2.1778249117877224e-06,random_local_offset,0.8,0.12,0.0,1.05,-1.25,1.57,1015.4275115423458,True,False,False,0.48089501474266283,0.47599536180496216,0.8089499366462675,0.3474501495924199,0.3474501495924199,0.4614997870538476,2,0,0.5263095498085022,0.5983511209487915,False,0.0,,,45,1.0,0.0,34.72,1014.440703420824,running,0.0,9.45676040649414,0.1147703230381012
178,2,hard_narrow_gap_forward,-1.3499301094803273,-0.6199984743713498,2.6088784445401528e-06,random_local_offset,0.65,-0.12,0.0,-0.55,-1.75,1.57,1013.6923447937145,True,False,False,0.32236154467447425,0.4912271201610565,0.6609841147864296,0.34113785708599254,0.34113785708599254,0.31984625770043706,0,0,0.7052457332611084,0.6837697625160217,False,0.0,,,30,1.0,0.0,34.16,1014.3360749463831,running,0.0,20.986221313476562,0.11462869495153427
179,2,hard_narrow_gap_forward,-1.4499307296872788,-0.49999860366821325,2.410917412624884e-06,random_local_offset,0.55,0.0,0.0,0.55,1.75,-1.57,1010.4083795462486,True,False,False,0.21123837168714626,0.49648863077163696,0.55,0.341592314727124,0.341592314727124,0.20840768527287606,0,0,0.746628999710083,0.8119589686393738,False,0.0,,,20,1.0,0.0,33.72,1014.1995079436648,running,0.0,19.07013702392578,0.11468984931707382
180,2,hard_narrow_gap_forward,-1.3499309478139365,-0.6199982328081375,2.2026888126343266e-06,random_local_offset,0.65,-0.12,0.0,0.55,1.75,-1.57,1013.4906209023399,True,False,False,0.3155399183819525,0.48506999015808105,0.6609841147864297,0.3466531896544133,0.3466531896544133,0.31433092513201644,0,0,0.69318026304245,0.6986149549484253,False,0.0,,,29,1.0,0.0,33.12,1014.0788411990936,running,-713.1229858398438,13.678552627563477,0.11485490947961807
181,2,hard_narrow_gap_forward,-1.1999312100214223,-0.4999978529022064,2.2628682334560292e-06,random_local_offset,0.8,0.0,0.0,0.55,-1.75,1.57,1016.094708255045,True,False,False,0.45545742202619716,0.49640804529190063,0.8000000000000002,0.34799133597103976,0.34799133597103976,0.4520086640289604,0,0,0.5720390677452087,0.6068004369735718,False,0.0,,,41,1.0,0.0,33.92,1014.2957425368595,running,0.0,19.202383041381836,0.11461281776428223
182,2,hard_narrow_gap_forward,-1.3499309547559075,-0.6199982150450765,2.2221238767488865e-06,random_local_offset,0.65,-0.12,0.0,-1.05,-1.25,1.57,1013.9366381539547,True,False,False,0.32348507145618677,0.4907498359680176,0.6609841147864297,0.3387554146203776,0.3387554146203776,0.3222287001660521,0,0,0.6767466068267822,0.6985514163970947,False,0.0,,,28,1.0,0.0,33.88,1014.3168217233642,running,0.0,30.896900177001953,0.11431101709604263
183,2,hard_narrow_gap_forward,-1.449931211695781,-0.49999847472394904,2.1607372638267877e-06,random_local_offset,0.55,0.0,0.0,-0.15,1.25,-1.57,1010.8889241850734,True,False,False,0.2109941995367204,0.48367974162101746,0.55,0.34095071610590627,0.34095071610590627,0.20904928389409377,0,0,0.7657423615455627,0.7965952157974243,False,0.0,,,21,1.0,0.0,32.92,1014.0985769750517,running,-698.36083984375,15.660422325134277,0.11430151015520096
184,2,hard_narrow_gap_forward,-1.3499314585032671,-0.3799982145751047,2.2238251511919886e-06,random_local_offset,0.65,0.12,0.0,0.55,-1.75,1.57,1013.1897150573711,True,False,False,0.3299527668701382,0.4814983904361725,0.6609841147864296,0.33903490898606037,0.33903490898606037,0.32194920580036923,0,0,0.6685107350349426,0.6901030540466309,False,0.0,,,31,1.0,0.0,32.96,1014.0866759824017,running,0.0,25.865970611572266,0.11466242372989655
185,2,hard_narrow_gap_forward,-1.1999312099635882,-0.4999978644945596,2.2389625249737115e-06,random_local_offset,0.8,0.0,0.0,-1.05,-1.25,1.57,1015.915344584945,True,False,False,0.45670254479324573,0.48059141635894775,0.7999999999999999,0.34804790276997266,0.34804790276997266,0.45195209723002727,0,0,0.5954583287239075,0.5987409949302673,False,0.0,,,41,1.0,0.0,33.44,1014.174578973561,running,-705.060546875,26.850147247314453,0.11528519541025162
186,2,hard_narrow_gap_forward,-1.3499314831596956,-0.3799982632904081,2.1499870880469137e-06,random_local_offset,0.65,0.12,0.0,0.55,-1.75,1.57,1012.8428862072592,True,False,False,0.32313559507996564,0.4863482415676117,0.6609841147864297,0.34737844845372784,0.34737844845372784,0.31360566633270187,0,0,0.6502060294151306,0.7182434797286987,False,0.0,,,30,1.0,0.0,33.44,1014.1418646925046,running,-721.0485229492188,14.981616973876953,0.11587116867303848
187,2,hard_narrow_gap_forward,-1.3499314649308631,-0.3799982193101354,2.2216031802633194e-06,random_local_offset,0.65,0.12,0.0,-0.55,1.75,-1.57,1012.3331265787338,True,False,False,0.33101283229345496,0.49258965253829956,0.6609841147864295,0.3454203500556897,0.3454203500556897,0.31556376473073977,0,0,0.6671008467674255,0.70750492811203,False,0.0,,,30,1.0,0.0,33.4,1014.0660702885996,running,-713.8682250976562,15.700210571289062,0.11629503220319748
188,2,hard_narrow_gap_forward,-1.3499309579641525,-0.6199982649315063,2.1465816783211036e-06,random_local_offset,0.65,-0.12,0.0,1.05,-1.25,1.57,1013.6263072369248,True,False,False,0.32575901717747263,0.49242666363716125,0.6609841147864297,0.3368711670172959,0.3368711670172959,0.3241129477691338,0,0,0.6723213195800781,0.6898403763771057,False,0.0,,,27,1.0,0.0,33.24,1014.089193432923,running,0.0,21.601226806640625,0.116474449634552
189,2,hard_narrow_gap_forward,-1.3499314964394666,-0.3799982381398363,2.17643083943889e-06,random_local_offset,0.65,0.12,0.0,1.05,-1.25,1.57,1012.8176957144309,True,False,False,0.3277550027929618,0.48882102966308594,0.6609841147864298,0.340567811859824,0.340567811859824,0.32041630292660583,0,0,0.6522376537322998,0.7195310592651367,False,0.0,,,28,1.0,0.0,32.64,1013.9596468525543,running,0.0,15.574323654174805,0.11659759283065796
190,2,hard_narrow_gap_forward,-1.3499314794802928,-0.3799981645289321,2.292588361265157e-06,random_local_offset,0.65,0.12,0.0,0.55,-1.75,1.57,1012.3242484728574,True,False,False,0.3211696392235843,0.48764243721961975,0.6609841147864295,0.34979856176772567,0.34979856176772567,0.3111855530187038,0,0,0.6546764969825745,0.7187768816947937,False,0.0,,,28,1.0,0.0,32.08,1013.7973051073621,running,0.0,12.215471267700195,0.1169288158416748
191,2,hard_narrow_gap_forward,-1.3499294083306181,-0.6199980905618293,2.2785026120875566e-06,random_local_offset,0.65,-0.12,0.0,1.05,-1.25,1.57,1013.292301639255,True,False,False,0.31280368166923833,0.4845570921897888,0.6609841147864296,0.34974112888948267,0.34974112888948267,0.31124298589694693,0,0,0.685809314250946,0.6953005194664001,False,0.0,,,29,1.0,0.0,31.44,1013.6562015864863,running,-703.2393798828125,24.333250045776367,0.11687412858009338
192,2,hard_narrow_gap_forward,-1.3499314894541612,-0.37999824250934433,2.172685781074551e-06,random_local_offset,0.65,0.12,0.0,-0.55,-1.75,1.57,1012.8833158583008,True,False,False,0.3199697260294225,0.4913700520992279,0.6609841147864296,0.34991111868765035,0.34991111868765035,0.31107299609877925,0,0,0.6759641766548157,0.7235209941864014,False,0.0,,,31,1.0,0.0,31.48,1013.6133874946672,running,0.0,16.987199783325195,0.1176047995686531
193,2,hard_narrow_gap_forward,-1.3499314872387234,-0.37999825529086895,2.1622626586168487e-06,random_local_offset,0.65,0.12,0.0,-0.55,-1.75,1.57,1012.7094657436554,True,False,False,0.3172304811510309,0.4789847731590271,0.6609841147864299,0.3491295459719992,0.3491295459719992,0.31185456881443074,1,0,0.673962414264679,0.7311238050460815,False,0.0,,,29,1.0,0.0,31.48,1013.586686231052,running,-710.26806640625,20.273723602294922,0.11773864924907684
194,2,hard_narrow_gap_forward,-1.3499310399851228,-0.6199982161858416,2.149134100068025e-06,random_local_offset,0.65,-0.12,0.0,1.05,-1.25,1.57,1014.0860335371541,True,False,False,0.31858791920926327,0.48909828066825867,0.6609841147864297,0.3434448909871766,0.3434448909871766,0.3175392237992531,0,0,0.705185055732727,0.7064234614372253,False,0.0,,,30,1.0,0.0,31.48,1013.6271478289051,running,-725.096923828125,26.738449096679688,0.11846570670604706
195,2,hard_narrow_gap_forward,-1.349931220985086,-0.49999820852334015,2.232791099855961e-06,random_local_offset,0.65,0.0,0.0,-0.15,-1.25,1.57,1013.1826844188571,True,False,False,0.3085763638282212,0.48422086238861084,0.6500000000000001,0.34370783477513583,0.34370783477513583,0.3062921652248643,0,0,0.6842527389526367,0.7134584188461304,False,0.0,,,29,1.0,0.0,31.4,1013.6530325089046,running,0.0,15.527494430541992,0.11872150748968124
196,2,hard_narrow_gap_forward,-1.1999314832859704,-0.37999784999395264,2.2597451748237454e-06,random_local_offset,0.8,0.12,0.0,-0.15,1.25,-1.57,1016.0322763847341,True,False,False,0.47327316673478365,0.49707189202308655,0.8089499366462675,0.34703940804056643,0.34703940804056643,0.46191052860570103,0,0,0.5576040148735046,0.6443888545036316,False,0.0,,,43,1.0,0.0,31.92,1013.7624813119255,running,-694.6392211914062,25.26251792907715,0.11886312067508698
197,2,hard_narrow_gap_forward,-1.1999333711448579,-0.4999979662372119,2.286586865903656e-06,random_local_offset,0.8,0.0,0.0,-0.15,1.25,-1.57,1016.2519338456017,True,False,False,0.456521255326406,0.4906831979751587,0.8,0.3465748803628188,0.3465748803628188,0.45342511963718124,0,0,0.5519158244132996,0.610551655292511,False,0.0,,,40,1.0,0.0,32.44,1013.8856109539539,running,-723.4788818359375,27.82929229736328,0.1196470633149147
198,2,hard_narrow_gap_forward,-1.199931462982583,-0.37999788435530424,2.218042022643208e-06,random_local_offset,0.8,0.12,0.0,-0.15,-1.25,1.57,1016.7692729770117,True,False,False,0.46933577249440617,0.48929110169410706,0.8089499366462674,0.34472340003885,0.34472340003885,0.46422653660741736,0,0,0.5333524346351624,0.6315435171127319,False,0.0,,,44,1.0,0.0,32.56,1013.9064344835773,running,-740.37548828125,5.045692443847656,0.12009914219379425
199,2,hard_narrow_gap_forward,-1.3499309326610571,-0.6199982121719025,2.23717840390844e-06,random_local_offset,0.65,-0.12,0.0,0.55,1.75,-1.57,1014.3770867166099,True,False,False,0.3194630062243137,0.49799594283103943,0.6609841147864297,0.3426657709358784,0.3426657709358784,0.3183183438505513,0,0,0.6974549889564514,0.6756808161735535,False,0.0,,,32,1.0,0.0,32.16,1013.8226861680514,running,-719.327880859375,15.594881057739258,0.1202176883816719
200,2,hard_narrow_gap_forward,-1.3499312020390262,-0.4999981717540757,2.2895683747884254e-06,random_local_offset,0.65,0.0,0.0,0.55,1.75,-1.57,1013.3339498742525,True,False,False,0.30361949796079957,0.48432862758636475,0.65,0.348117893890881,0.348117893890881,0.30188210610911903,0,0,0.6853867173194885,0.7195078134536743,False,0.0,,,29,1.0,0.0,32.2,1013.8352547337684,running,0.0,22.67183494567871,0.1200232282280922
201,2,hard_narrow_gap_forward,-1.1999309663137403,-0.6199979355539096,2.1549127069277684e-06,random_local_offset,0.8,-0.12,0.0,-0.55,1.75,-1.57,1016.8930420126014,True,False,False,0.4638119712771798,0.48230043053627014,0.8089499366462676,0.3478052083818838,0.3478052083818838,0.4611447282643838,0,0,0.6203652620315552,0.5651986002922058,False,0.0,,,45,1.0,0.0,32.4,1013.8719925695711,running,-691.9032592773438,11.392146110534668,0.11996280401945114
202,2,hard_narrow_gap_forward,-1.4499312027755613,-0.49999839647316574,2.2931874697691793e-06,random_local_offset,0.55,0.0,0.0,1.05,1.25,-1.57,1010.3775397435026,True,False,False,0.2063928063050847,0.4882723391056061,0.55,0.34437400745709706,0.34437400745709706,0.20562599254290298,0,0,0.7669787406921387,0.8145341873168945,False,0.0,,,19,1.0,0.0,31.36,1013.6699936976174,running,0.0,34.2587776184082,0.1200663298368454
203,2,hard_narrow_gap_forward,-1.349931213901019,-0.4999981768495233,2.2699050979215103e-06,random_local_offset,0.65,0.0,0.0,1.05,-1.25,1.57,1013.6492419135952,True,False,False,0.3176135525069501,0.4891344904899597,0.65,0.33708043543699934,0.33708043543699934,0.3129195645630007,0,0,0.6798518896102905,0.6937495470046997,False,0.0,,,30,1.0,0.0,31.36,1013.6682695824126,running,0.0,12.638072967529297,0.11922585219144821
204,2,hard_narrow_gap_forward,-1.19993205648441,-0.4999979408013585,2.4675048936494265e-06,random_local_offset,0.8,0.0,0.0,-1.05,1.25,-1.57,1016.7335084735801,True,False,False,0.4590914183083375,0.48137718439102173,0.8,0.34485325022276414,0.34485325022276414,0.4551467497772359,0,0,0.5841649174690247,0.5961428880691528,False,0.0,,,44,1.0,0.0,32.32,1013.9212747395057,running,0.0,11.117244720458984,0.11926019191741943
205,2,hard_narrow_gap_forward,-1.3499312346005437,-0.49999823544828376,2.1947757900375263e-06,random_local_offset,0.65,0.0,0.0,-1.05,-1.25,1.57,1012.5702180721512,True,False,False,0.3130429525843345,0.4883849024772644,0.65,0.34204874078486613,0.34204874078486613,0.3079512592151339,0,0,0.6887519359588623,0.7208986878395081,False,0.0,,,28,1.0,0.0,32.28,1013.8844586262983,running,0.0,30.152769088745117,0.11854973435401917
206,2,hard_narrow_gap_forward,-1.1999321537724028,-0.37999795136171477,2.3175994976936122e-06,random_local_offset,0.8,0.12,0.0,-0.55,-1.75,1.57,1015.0727090071518,True,False,False,0.4706118591620652,0.4899127185344696,0.8089499366462675,0.348808304154414,0.348808304154414,0.46014163249185347,0,0,0.5434948801994324,0.6641712188720703,False,0.0,,,41,1.0,0.0,32.28,1013.8435786563826,running,-718.9048461914062,22.143157958984375,0.11902961879968643
207,2,hard_narrow_gap_forward,-1.1999304387723637,-0.6199977047022815,2.3634039306011488e-06,random_local_offset,0.8,-0.12,0.0,1.05,1.25,-1.57,1016.5689845051064,True,False,False,0.46790482535445266,0.4804079234600067,0.8089499366462671,0.3455796862269475,0.3455796862269475,0.4633702504193196,0,0,0.5828524231910706,0.583554744720459,False,0.0,,,42,1.0,0.0,32.84,1013.9488725104286,running,-725.46533203125,34.2605094909668,0.11873039603233337
208,2,hard_narrow_gap_forward,-1.3499314755343828,-0.3799982571493018,2.1663703506158213e-06,random_local_offset,0.65,0.12,0.0,-0.55,-1.75,1.57,1013.1178697488326,True,False,False,0.32920548818626044,0.4914304316043854,0.6609841147864297,0.3378697141794403,0.3378697141794403,0.3231144006069894,0,0,0.6550318598747253,0.7141988277435303,False,0.0,,,29,1.0,0.0,33.16,1014.0380303329789,running,0.0,61.943702697753906,0.11882642656564713
209,2,hard_narrow_gap_forward,-1.3499314823525355,-0.37999825580306656,2.1537557450247227e-06,random_local_offset,0.65,0.12,0.0,-1.05,-1.25,1.57,1012.7930659451076,True,False,False,0.32555732735987264,0.4940717816352844,0.6609841147864297,0.34368898510989476,0.34368898510989476,0.31729512967653495,0,0,0.6784141063690186,0.7048180103302002,False,0.0,,,28,1.0,0.0,33.04,1014.0221643684885,running,0.0,170.613037109375,0.11912469565868378
210,2,hard_narrow_gap_forward,-1.1999314934674323,-0.3799979208565131,2.179244649270411e-06,random_local_offset,0.8,0.12,0.0,-0.55,1.75,-1.57,1015.9582027133312,True,False,False,0.47817187545264495,0.48849815130233765,0.8089499366462675,0.3445763678361133,0.3445763678361133,0.4643735688101542,0,0,0.5050858855247498,0.6639248132705688,False,0.0,,,43,1.0,0.0,33.12,1014.0238786936239,running,-748.5493774414062,10.165700912475586,0.121290422976017
211,2,hard_narrow_gap_forward,-1.1999311973274158,-0.49999784745602094,2.2720440072792474e-06,random_local_offset,0.8,0.0,0.0,1.05,-1.25,1.57,1016.447669314971,True,False,False,0.46058992288206174,0.48948559165000916,0.8000000000000002,0.3443712554765159,0.3443712554765159,0.45562874452348423,0,0,0.5384796261787415,0.6135842800140381,False,0.0,,,42,1.0,0.0,33.6,1014.1680700179325,running,-707.6290893554688,21.76720428466797,0.1234310045838356
212,2,hard_narrow_gap_forward,-1.4499312059692584,-0.49999840884359575,2.272801209455706e-06,random_local_offset,0.55,0.0,0.0,0.55,-1.75,1.57,1010.7315107824521,True,False,False,0.20676144548341385,0.4928865432739258,0.5500000000000002,0.3442499284091107,0.3442499284091107,0.20575007159088948,0,0,0.7555692791938782,0.8090301156044006,False,0.0,,,21,1.0,0.0,33.24,1014.1040053860812,running,0.0,15.042080879211426,0.12382768094539642
213,2,hard_narrow_gap_forward,-1.3499309499091556,-0.6199981915914387,2.2492200667457e-06,random_local_offset,0.65,-0.12,0.0,-0.15,-1.25,1.57,1013.9777466175166,True,False,False,0.32130865974664347,0.4837077558040619,0.6609841147864298,0.3414317954227116,0.3414317954227116,0.3195523193637182,0,0,0.7065833210945129,0.6911619305610657,False,0.0,,,30,1.0,0.0,33.36,1014.118062961305,running,0.0,25.120283126831055,0.12386923283338547
214,2,hard_narrow_gap_forward,-1.3499312194805708,-0.4999982194292499,2.2230002156252096e-06,random_local_offset,0.65,0.0,0.0,-0.55,1.75,-1.57,1013.4731772817121,True,False,False,0.31272814037878455,0.49142885208129883,0.6500000000000001,0.34044748110803646,0.34044748110803646,0.30955251889196367,0,0,0.6882691383361816,0.7197688817977905,False,0.0,,,29,1.0,0.0,33.4,1014.144282223996,running,-708.4235229492188,13.125970840454102,0.12351584434509277
215,2,hard_narrow_gap_forward,-1.1999307350280022,-0.3799977022809949,2.2052004145441387e-06,random_local_offset,0.8,0.12,0.0,-0.15,1.25,-1.57,1016.6519055135445,True,False,False,0.4676843498353582,0.47577768564224243,0.8089499366462675,0.3471449637408245,0.3471449637408245,0.461804972905443,1,0,0.5223420858383179,0.6285671591758728,False,0.0,,,43,1.0,0.0,34.0,1014.3173885056235,running,0.0,13.390863418579102,0.1223013624548912
216,2,hard_narrow_gap_forward,-1.19993121834966,-0.4999978598270119,2.2463690784772146e-06,random_local_offset,0.8,0.0,0.0,1.05,-1.25,1.57,1016.7995111749593,True,False,False,0.45986275348681516,0.4879622459411621,0.8000000000000002,0.34441686738107974,0.34441686738107974,0.4555831326189204,0,0,0.5860586166381836,0.5992805361747742,False,0.0,,,43,1.0,0.0,34.56,1014.4576768870517,running,-716.8554077148438,106.06620788574219,0.12125518172979355
217,2,hard_narrow_gap_forward,-1.3499312265431427,-0.4999981957787835,2.255436933896859e-06,random_local_offset,0.65,0.0,0.0,0.55,1.75,-1.57,1013.0435258672189,True,False,False,0.3094912167013591,0.4896739721298218,0.65,0.343187937882649,0.343187937882649,0.306812062117351,0,0,0.6841779947280884,0.7340830564498901,False,0.0,,,27,1.0,0.0,34.4,1014.4640852874082,running,0.0,67.27822875976562,0.1205877959728241
218,2,hard_narrow_gap_forward,-1.1999312297108726,-0.49999789144670664,2.199140735694247e-06,random_local_offset,0.8,0.0,0.0,1.05,1.25,-1.57,1016.3435103892782,True,False,False,0.45354430648397087,0.4912738800048828,0.8,0.34995589389900017,0.34995589389900017,0.4500441061009999,0,0,0.5692415237426758,0.6221827864646912,False,0.0,,,43,1.0,0.0,34.96,1014.6094470732331,running,-737.8097534179688,8.178031921386719,0.12035399675369263
219,2,hard_narrow_gap_forward,-1.199931471544622,-0.37999791188634924,2.1921194758051334e-06,random_local_offset,0.8,0.12,0.0,-1.05,-1.25,1.57,1016.284073303687,True,False,False,0.4652489108413498,0.4865030348300934,0.8089499366462672,0.3487845520676334,0.3487845520676334,0.4601653845786338,0,0,0.5289223194122314,0.647857129573822,False,0.0,,,44,1.0,0.0,35.52,1014.6973686638944,running,-681.6481323242188,21.694175720214844,0.11946623027324677
220,2,hard_narrow_gap_forward,-1.3499309407859694,-0.619998205633341,2.2474319093538733e-06,random_local_offset,0.65,-0.12,0.0,-0.55,1.75,-1.57,1013.5071666044096,True,False,False,0.32096204719000465,0.4894216060638428,0.6609841147864297,0.3417663009920379,0.3417663009920379,0.3192178137943918,0,0,0.6925791501998901,0.7031916379928589,False,0.0,,,28,1.0,0.0,35.48,1014.7103479513165,running,-725.1727905273438,22.956382751464844,0.1187964603304863
221,2,hard_narrow_gap_forward,-1.3499314776673692,-0.3799982108861236,2.2230228389395473e-06,random_local_offset,0.65,0.12,0.0,-0.55,-1.75,1.57,1013.2265588527805,True,False,False,0.3252132009624267,0.49117353558540344,0.6609841147864297,0.34178641992162134,0.34178641992162134,0.31919769486480837,0,0,0.648838222026825,0.7134124636650085,False,0.0,,,29,1.0,0.0,34.92,1014.5981192500384,running,0.0,24.477062225341797,0.11821597814559937
222,2,hard_narrow_gap_forward,-1.3499314945758236,-0.37999822229361735,2.1982575358841664e-06,random_local_offset,0.65,0.12,0.0,0.55,1.75,-1.57,1012.4702776351628,True,False,False,0.3220890344672087,0.4892614781856537,0.6609841147864296,0.3472938771164677,0.3472938771164677,0.3136902376699619,0,0,0.6719497442245483,0.7138614058494568,False,0.0,,,28,1.0,0.0,34.44,1014.4468530016209,running,0.0,8.865697860717773,0.11816181987524033
223,2,hard_narrow_gap_forward,-1.3499314101035984,-0.5000009256081879,1.1840148806701833e-06,random_local_offset,0.65,0.0,0.0,-1.05,-1.25,1.57,1013.5902409376645,True,False,False,0.3061740868040482,0.4859040081501007,0.6500000000000001,0.34485607075766056,0.34485607075766056,0.3051439292423396,0,0,0.6724957227706909,0.729308009147644,False,0.0,,,29,1.0,0.0,33.84,1014.3196917200471,running,-746.0272827148438,16.257028579711914,0.11798924952745438
224,2,hard_narrow_gap_forward,-1.1999312024204574,-0.4999978630167007,2.2441139290068286e-06,random_local_offset,0.8,0.0,0.0,-0.55,1.75,-1.57,1016.4792471714038,True,False,False,0.45356303454220837,0.4827798008918762,0.8,0.3493699426957767,0.3493699426957767,0.45063005730422334,0,0,0.5793679356575012,0.615424394607544,False,0.0,,,42,1.0,0.0,34.24,1014.4037781382389,running,-720.8956909179688,24.468219757080078,0.11792951822280884
225,2,hard_narrow_gap_forward,-1.349931477279478,-0.37999818014224435,2.2818038527589325e-06,random_local_offset,0.65,0.12,0.0,1.05,1.25,-1.57,1013.3877280212956,True,False,False,0.32374166707347574,0.48885607719421387,0.6609841147864295,0.34169015104998907,0.34169015104998907,0.3192939637364404,0,0,0.6428125500679016,0.7278764247894287,False,0.0,,,31,1.0,0.0,34.32,1014.4059292641207,running,0.0,21.926464080810547,0.11721616983413696
226,2,hard_narrow_gap_forward,-1.349930975720144,-0.6199982328012776,2.1885559044169564e-06,random_local_offset,0.65,-0.12,0.0,-0.15,-1.25,1.57,1013.6238119336796,True,False,False,0.31522961642805797,0.4880151152610779,0.6609841147864297,0.34707063361518914,0.34707063361518914,0.31391348117124057,0,0,0.6883620023727417,0.7106791138648987,False,0.0,,,29,1.0,0.0,33.68,1014.2751600609638,running,-745.3988037109375,17.21363067626953,0.11685003340244293
227,2,hard_narrow_gap_forward,-1.1999394958515075,-0.37999772834759193,2.502230057608575e-06,random_local_offset,0.8,0.12,0.0,0.55,-1.75,1.57,1015.7729032538697,True,False,False,0.4668657593022425,0.4890916645526886,0.8089499366462674,0.3486437587659815,0.3486437587659815,0.4603061778802858,0,0,0.5384909510612488,0.634437620639801,False,0.0,,,45,1.0,0.0,34.72,1014.4909746013785,running,0.0,19.573348999023438,0.1166234239935875
228,2,hard_narrow_gap_forward,-1.349930941285718,-0.6199982366705772,2.1827750873498573e-06,random_local_offset,0.65,-0.12,0.0,-0.55,-1.75,1.57,1013.716004317152,True,False,False,0.3174915814784953,0.4788694977760315,0.6609841147864296,0.3451953312280562,0.3451953312280562,0.3157887835583734,1,0,0.7010157108306885,0.7035133242607117,False,0.0,,,29,1.0,0.0,34.68,1014.4936450975208,running,-723.5695190429688,10.873844146728516,0.11648764461278915
229,2,hard_narrow_gap_forward,-1.4499376752044657,-0.4999983638953488,2.0994578559646923e-06,random_local_offset,0.55,0.0,0.0,-0.55,1.75,-1.57,1010.1362017071799,True,False,False,0.20238181411349965,0.4817167818546295,0.55,0.34835652168732545,0.34835652168732545,0.2016434783126746,0,0,0.7537347674369812,0.8074531555175781,False,0.0,,,19,1.0,0.0,33.68,1014.2297528268649,running,0.0,13.976764678955078,0.11652525514364243
230,2,hard_narrow_gap_forward,-1.3499312154221677,-0.49999817925066686,2.265683419607189e-06,random_local_offset,0.65,0.0,0.0,1.05,-1.25,1.57,1013.2854285255358,True,False,False,0.3096020650807455,0.49187251925468445,0.65,0.345381212539628,0.345381212539628,0.304618787460372,0,0,0.6856570243835449,0.7084714770317078,False,0.0,,,29,1.0,0.0,33.72,1014.2583612450002,running,-733.3489990234375,15.18014144897461,0.11671054363250732
231,2,hard_narrow_gap_forward,-1.1999309202179884,-0.6199978493847986,2.253087387924331e-06,random_local_offset,0.8,-0.12,0.0,0.55,-1.75,1.57,1016.4966376748331,True,False,False,0.47150027207695683,0.49100133776664734,0.8089499366462672,0.33911350260086043,0.33911350260086043,0.4698364340454068,0,0,0.5741097331047058,0.580974817276001,False,0.0,,,41,1.0,0.0,33.72,1014.3153183917074,running,0.0,14.894291877746582,0.11687767505645752
232,2,hard_narrow_gap_forward,-1.34993031638336,-0.6199985463616967,2.4289948467153093e-06,random_local_offset,0.65,-0.12,0.0,0.55,-1.75,1.57,1013.316318462219,True,False,False,0.3214192678309118,0.48319441080093384,0.6609841147864296,0.34204646495603364,0.34204646495603364,0.31893764983039596,0,0,0.684051513671875,0.6932779550552368,False,0.0,,,28,1.0,0.0,33.16,1014.1852117499918,running,0.0,32.044036865234375,0.11697493493556976
233,2,hard_narrow_gap_forward,-1.4499311996558606,-0.4999984168402652,2.252608797315724e-06,random_local_offset,0.55,0.0,0.0,0.55,-1.75,1.57,1010.0530339358105,True,False,False,0.20182049290433934,0.4870205521583557,0.5499999999999999,0.34960414100956433,0.34960414100956433,0.2003958589904356,0,0,0.7499630451202393,0.8140841126441956,False,0.0,,,19,1.0,0.0,32.76,1014.0626183174712,running,-733.5094604492188,15.6221342086792,0.1175617054104805
234,2,hard_narrow_gap_forward,-1.3499309245464306,-0.6199982091582509,2.2273596534456987e-06,random_local_offset,0.65,-0.12,0.0,0.55,-1.75,1.57,1013.8963073333683,True,False,False,0.3228382838319017,0.49178072810173035,0.6609841147864297,0.3402355134031542,0.3402355134031542,0.3207486013832755,0,0,0.685826301574707,0.6902411580085754,False,0.0,,,30,1.0,0.0,32.84,1014.1067479730016,running,-735.6665649414062,24.316036224365234,0.11838851124048233
235,2,hard_narrow_gap_forward,-1.1999314676825066,-0.3799978487540882,2.265777456140916e-06,random_local_offset,0.8,0.12,0.0,-0.15,1.25,-1.57,1016.9574096875876,True,False,False,0.4739077074500992,0.48423099517822266,0.8089499366462675,0.33885132892186964,0.33885132892186964,0.4700986077243978,0,0,0.5227560997009277,0.6429514288902283,False,0.0,,,43,1.0,0.0,32.84,1014.146716251972,running,0.0,15.568502426147461,0.11820127069950104
236,2,hard_narrow_gap_forward,-1.3499312309442009,-0.4999982586098165,2.1597269048220764e-06,random_local_offset,0.65,0.0,0.0,-1.05,-1.25,1.57,1013.1140971830727,True,False,False,0.3075828194082278,0.48792362213134766,0.6499999999999999,0.34460535375399015,0.34460535375399015,0.30539464624600976,0,0,0.6752251386642456,0.7222128510475159,False,0.0,,,28,1.0,0.0,32.28,1014.013373366696,running,0.0,21.85573959350586,0.11790278553962708
237,2,hard_narrow_gap_forward,-1.3499312174092855,-0.4999982529279805,2.172436166365244e-06,random_local_offset,0.65,0.0,0.0,1.05,-1.25,1.57,1012.934699827399,True,False,False,0.3070212090973345,0.4754420816898346,0.6500000000000001,0.34585593979492574,0.34585593979492574,0.3041440602050744,1,0,0.6818669438362122,0.7284282445907593,False,0.0,,,27,1.0,0.0,32.52,1014.1015009284938,running,-711.0582885742188,4.14575719833374,0.11824730038642883
238,2,hard_narrow_gap_forward,-1.1999314709176707,-0.3799978870203522,2.221927691539241e-06,random_local_offset,0.8,0.12,0.0,1.05,1.25,-1.57,1006.597896067008,True,False,False,0.8264844041269784,0.4482390582561493,0.8089499366462676,0.2977088802606166,0.2977088802606166,0.511241056385651,2,0,0.4482390582561493,0.556589663028717,False,0.0,,,12,1.0,0.0,31.8,1013.8063069064734,running,-711.5275268554688,66.84841918945312,0.11841846257448196
239,2,hard_narrow_gap_forward,-1.3499334340835552,-0.4999984962301436,2.386003385829891e-06,random_local_offset,0.65,0.0,0.0,-1.05,1.25,-1.57,1010.0594380726288,True,False,False,0.5335684983462492,0.48505356907844543,0.65,0.3385692823894271,0.3385692823894271,0.31143071761057295,0,0,0.6705123782157898,0.4970243275165558,False,0.0,,,25,1.0,0.0,31.64,1013.6697573381099,running,0.0,20.549514770507812,0.11908641457557678
240,2,hard_narrow_gap_forward,-1.3499307823243982,-0.37999810121807975,2.132512992663334e-06,random_local_offset,0.65,0.12,0.0,0.55,-1.75,1.57,1013.8166800268295,True,False,False,0.3200302087394864,0.49283868074417114,0.6609841147864297,0.34603702556068977,0.34603702556068977,0.31494708922573994,0,0,0.6763624548912048,0.7237499952316284,False,0.0,,,31,1.0,0.0,31.16,1013.5563483186414,running,-735.7589111328125,83.28453063964844,0.11945116519927979
241,2,hard_narrow_gap_forward,-1.199931475486336,-0.3799978918700033,2.20401008647161e-06,random_local_offset,0.8,0.12,0.0,-1.05,1.25,-1.57,1016.3226897766126,True,False,False,0.4701869968124108,0.4832136631011963,0.8089499366462675,0.3418954474844663,0.3418954474844663,0.46705448916180115,0,0,0.5123876333236694,0.656238853931427,False,0.0,,,40,1.0,0.0,31.04,1013.5372754627074,running,-721.55810546875,19.063156127929688,0.12002243101596832
242,2,hard_narrow_gap_forward,-1.1999314653301465,-0.3799979064536147,2.193414780572338e-06,random_local_offset,0.8,0.12,0.0,0.55,-1.75,1.57,1016.0381145748421,True,False,False,0.4632487700677668,0.48471614718437195,0.8089499366462674,0.34983912998255645,0.34983912998255645,0.4591108066637109,0,0,0.520550012588501,0.6374396681785583,False,0.0,,,40,1.0,0.0,31.56,1013.6570590110125,running,-743.7349243164062,70.77911376953125,0.12069407850503922
243,2,hard_narrow_gap_forward,-1.199936632868504,-0.49999785970375593,2.2036588123997808e-06,random_local_offset,0.8,0.0,0.0,-1.05,1.25,-1.57,1015.9984052045352,True,False,False,0.4544068253118838,0.4904989004135132,0.8,0.34942127485945046,0.34942127485945046,0.4505787251405496,0,0,0.5751219987869263,0.626017153263092,False,0.0,,,39,1.0,0.0,31.4,1013.6432548036225,running,0.0,38.300537109375,0.12019965797662735
244,2,hard_narrow_gap_forward,-1.44993123785817,-0.49999846070459214,2.183840628745062e-06,random_local_offset,0.55,0.0,0.0,-0.55,-1.75,1.57,1010.4197800457484,True,False,False,0.208937457734443,0.4889390766620636,0.5499999999999999,0.3428605495780712,0.3428605495780712,0.20713945042192872,0,0,0.7504247426986694,0.8022119402885437,False,0.0,,,19,1.0,0.0,30.4,1013.4086830733053,running,-708.1917114257812,67.3875732421875,0.12012222409248352
245,2,hard_narrow_gap_forward,-1.349931493396056,-0.3799982305120697,2.192868709838132e-06,random_local_offset,0.65,0.12,0.0,-0.55,1.75,-1.57,1012.6674562564776,True,False,False,0.3197181920358492,0.48046302795410156,0.6609841147864295,0.3479953517082388,0.3479953517082388,0.3129887630781907,0,0,0.6763790249824524,0.7201184630393982,False,0.0,,,29,1.0,0.0,30.44,1013.375094659388,running,0.0,28.94183349609375,0.11922544986009598
246,2,hard_narrow_gap_forward,-1.4499312174964185,-0.4999984645042822,2.16883447152231e-06,random_local_offset,0.55,0.0,0.0,-0.55,1.75,-1.57,1010.3708049547732,True,False,False,0.20189990012338638,0.4736959636211395,0.5499999999999999,0.34909549310667004,0.34909549310667004,0.2009045068933299,1,0,0.7504239082336426,0.8063052296638489,False,0.0,,,20,1.0,0.0,30.08,1013.2608645034677,running,0.0,88.8056869506836,0.11880572140216827
247,2,hard_narrow_gap_forward,-1.199933361582674,-0.4999979800652828,2.2631412690242447e-06,random_local_offset,0.8,0.0,0.0,-0.55,-1.75,1.57,1017.0146913904765,True,False,False,0.4635165050963559,0.48120155930519104,0.7999999999999999,0.34006123117145026,0.34006123117145026,0.45993876882854967,0,0,0.5782712697982788,0.6077130436897278,False,0.0,,,43,1.0,0.0,30.68,1013.4426410536803,running,-740.4185791015625,29.08823013305664,0.11729425191879272
248,2,hard_narrow_gap_forward,-1.1999369112066391,-0.3799978190661101,2.239954869326767e-06,random_local_offset,0.8,0.12,0.0,0.55,-1.75,1.57,1016.426255824984,True,False,False,0.4666634993265826,0.4928956627845764,0.8089499366462675,0.3471015605115342,0.3471015605115342,0.4618483761347333,0,0,0.548868715763092,0.6276273131370544,False,0.0,,,45,1.0,0.0,31.32,1013.5560816491729,running,0.0,21.314987182617188,0.11612413823604584
249,2,hard_narrow_gap_forward,-1.199933649315998,-0.37999795212787046,2.3051988525870053e-06,random_local_offset,0.8,0.12,0.0,-1.05,-1.25,1.57,1016.8374956336279,True,False,False,0.47057938737942795,0.4930204749107361,0.8089499366462674,0.3446674409867021,0.3446674409867021,0.46428249565956525,0,0,0.5389459133148193,0.632705569267273,False,0.0,,,45,1.0,0.0,31.44,1013.570411587662,running,-720.036376953125,50.64917755126953,0.11501378566026688
250,2,hard_narrow_gap_forward,-1.1999314819791989,-0.3799978664554492,2.2492174688036723e-06,random_local_offset,0.8,0.12,0.0,0.55,1.75,-1.57,1016.8337269417483,True,False,False,0.4720683422124915,0.4902748465538025,0.8089499366462675,0.3429901890563187,0.3429901890563187,0.4659597475899488,0,0,0.5183590650558472,0.6554903984069824,False,0.0,,,45,1.0,0.0,32.0,1013.70825154448,running,0.0,16.75827407836914,0.11306359618902206
251,2,hard_narrow_gap_forward,-1.1999308023854975,-0.49999787586139355,2.4457968419272125e-06,random_local_offset,0.8,0.0,0.0,0.55,1.75,-1.57,1016.4130583735961,True,False,False,0.4547047047238675,0.48871704936027527,0.8,0.3480363760384977,0.3480363760384977,0.45196362396150236,0,0,0.583789587020874,0.6148815155029297,False,0.0,,,41,1.0,0.0,32.48,1013.8198214020765,running,-730.123779296875,15.666860580444336,0.11170289665460587
252,2,hard_narrow_gap_forward,-1.4499312113051266,-0.4999984128599991,2.265472720380391e-06,random_local_offset,0.55,0.0,0.0,0.55,-1.75,1.57,1010.7256132101045,True,False,False,0.2093905846551467,0.4807256758213043,0.5499999999999999,0.34213141289743426,0.34213141289743426,0.20786858710256567,0,0,0.7602808475494385,0.7823976278305054,False,0.0,,,20,1.0,0.0,31.48,1013.6179298003259,running,-702.1941528320312,91.61460876464844,0.11124541610479355
253,2,hard_narrow_gap_forward,-1.350000026923131,-0.6199999985036615,3.6657596381727125e-09,random_local_offset,0.65,-0.12,0.0,0.55,1.75,-1.57,-41.200974541193396,False,False,True,0.0017217565108625073,3.5,0.6609841147864296,0.6592907651459452,0.6592907651459452,0.0016933496404843984,0,0,3.5,3.5,False,0.0,,,250,0.96,0.0,40.32,971.4212506459921,running,-699.43359375,40.71685028076172,0.11039133369922638
254,2,hard_narrow_gap_forward,-1.4499309726953928,-0.49999857071582343,2.243158886770947e-06,random_local_offset,0.55,0.0,0.0,0.55,1.75,-1.57,1010.4974906486954,True,False,False,0.20825156620150959,0.48572126030921936,0.55,0.34376208313686274,0.34376208313686274,0.2062379168631373,0,0,0.7528872489929199,0.7926962375640869,False,0.0,,,20,0.96,0.0,40.36,971.4357022036528,running,-690.147705078125,83.28053283691406,0.10996305197477341
255,2,hard_narrow_gap_forward,-1.199930232861305,-0.4999979375195247,2.3897512051925034e-06,random_local_offset,0.8,0.0,0.0,1.05,-1.25,1.57,1016.1116453856132,True,False,False,0.45498147927236215,0.4822498857975006,0.8,0.3490488081369892,0.3490488081369892,0.45095119186301086,0,0,0.5719367265701294,0.5938366055488586,False,0.0,,,43,0.96,0.0,40.92,971.5487508780559,running,0.0,423.4416198730469,0.11050740629434586
256,2,hard_narrow_gap_forward,-1.3499309352400082,-0.6199981773943142,2.276643614238751e-06,random_local_offset,0.65,-0.12,0.0,0.55,-1.75,1.57,1013.1562152659778,True,False,False,0.3171148020969492,0.48625409603118896,0.6609841147864296,0.3474563291723333,0.3474563291723333,0.3135277856140963,0,0,0.7206307053565979,0.6874305605888367,False,0.0,,,30,0.96,0.0,40.48,971.4151339817016,running,0.0,35.78770446777344,0.11099198460578918
257,2,hard_narrow_gap_forward,-1.1999314625909085,-0.37999788561060416,2.2216068065896937e-06,random_local_offset,0.8,0.12,0.0,1.05,-1.25,1.57,1016.2179623778117,True,False,False,0.46756253783126706,0.484138160943985,0.8089499366462675,0.34834470978394716,0.34834470978394716,0.4606052268623203,0,0,0.5550122857093811,0.6277058720588684,False,0.0,,,43,0.96,0.0,41.08,971.5311997383255,running,-682.126220703125,12.230643272399902,0.11050819605588913
258,2,hard_narrow_gap_forward,-1.3499311981845838,-0.4999982249000534,2.201598333345081e-06,random_local_offset,0.65,0.0,0.0,0.55,-1.75,1.57,1013.2948968094855,True,False,False,0.30491317692461517,0.4906145930290222,0.65,0.346720588875613,0.346720588875613,0.303279411124387,0,0,0.6815465092658997,0.719774067401886,False,0.0,,,28,0.96,0.0,41.44,971.6608742532725,running,-700.0179443359375,26.717742919921875,0.1103857010602951
259,2,hard_narrow_gap_forward,-1.1999312544915397,-0.49999793795122016,2.1494834423776456e-06,random_local_offset,0.8,0.0,0.0,-0.55,-1.75,1.57,1016.0525611703205,True,False,False,0.4563244703376551,0.49322816729545593,0.8,0.3487943891591765,0.3487943891591765,0.45120561084082356,0,0,0.5693604946136475,0.5934673547744751,False,0.0,,,43,0.96,0.0,41.96,971.7471244067506,failed,0.0,169.19552612304688,0.11015980690717697
