episode,stage_index,stage_name,goal_x,goal_y,goal_yaw,goal_mode,local_goal_dx,local_goal_dy,local_goal_dyaw,start_x,start_y,start_yaw,episode_reward,success,collision,timeout,path_length,min_obstacle_distance,initial_DG,final_DG,min_DG,goal_progress,close_obstacle_steps,narrow_gap_steps,left_min_obstacle_distance,right_min_obstacle_distance,obstacle_exposure_met,rolling_obstacle_exposure_rate,eval_success_rate,eval_collision_rate,steps,rolling_success_rate,rolling_collision_rate,rolling_avg_steps,rolling_avg_reward,stage_status,actor_loss,critic_loss,alpha
0,2,hard_narrow_gap_forward,-1.19993147847207,-0.3799978931495928,2.2122960116680875e-06,random_local_offset,0.8,0.12,0.0,-1.05,-1.25,1.57,1018.4487060423003,True,False,False,0.46574693417560115,0.4899366497993469,0.8089499366462674,0.34448195511673796,0.34448195511673796,0.4644679815295294,0,0,0.5048993825912476,3.5,False,0.0,,,56,1.0,0.0,56.0,1018.4487060423003,running,,,
1,2,hard_narrow_gap_forward,-1.1999334370179529,-0.4999979620531697,2.2823672060221124e-06,random_local_offset,0.8,0.0,0.0,-1.05,1.25,-1.57,1017.7110563815787,True,False,False,0.4609084155024217,0.4867563545703888,0.8,0.34168312608967677,0.34168312608967677,0.4583168739103233,0,0,0.5417513847351074,3.5,False,0.0,,,54,1.0,0.0,55.0,1018.0798812119394,running,0.0,2406.5576171875,0.13399311900138855
2,2,hard_narrow_gap_forward,-1.3499336302038054,-0.3799983043433468,2.2845745669926485e-06,random_local_offset,0.65,0.12,0.0,1.05,1.25,-1.57,1012.0868181870186,True,False,False,0.331987611189615,0.4719999134540558,0.6609841147864297,0.3484006893446177,0.3484006893446177,0.312583425441812,1,0,0.668257474899292,3.5,False,0.0,,,31,1.0,0.0,47.0,1016.0821935369659,running,-666.6646728515625,259.6662902832031,0.1364460438489914
3,2,hard_narrow_gap_forward,-1.349931209627067,-0.49999821452035437,2.2327922266276997e-06,random_local_offset,0.65,0.0,0.0,-1.05,-1.25,1.57,1018.8053926103909,True,False,False,0.7207931072844154,0.27347221970558167,0.6500000000000001,0.3464505000773698,0.3464505000773698,0.3035494999226303,21,0,0.5327358841896057,3.5,False,0.0,,,69,1.0,0.0,52.5,1016.7629933053221,running,0.0,562.7891235351562,0.1488122195005417
4,2,hard_narrow_gap_forward,-1.3499309451641794,-0.6199982065592604,2.246011064839806e-06,random_local_offset,0.65,-0.12,0.0,-0.55,1.75,-1.57,1012.0837736155031,True,False,False,0.3852769031539816,0.4817461669445038,0.6609841147864296,0.3498232820080566,0.3498232820080566,0.311160832778373,0,0,0.7778857350349426,3.5,False,0.0,,,39,1.0,0.0,49.8,1015.8271493673583,running,-670.54931640625,425.07891845703125,0.15150466561317444
5,2,hard_narrow_gap_forward,-1.4499312004862746,-0.4999984465197912,2.2044815445677956e-06,random_local_offset,0.55,0.0,0.0,0.55,1.75,-1.57,1009.1857747405891,True,False,False,0.23963223488407778,0.47905978560447693,0.5499999999999999,0.3469269998843688,0.3469269998843688,0.20307300011563112,1,0,0.7812569737434387,3.5,False,0.0,,,23,1.0,0.0,45.333333333333336,1014.7202535962301,running,0.0,310.93316650390625,0.15237072110176086
6,2,hard_narrow_gap_forward,-1.1999315623774096,-0.3799979484387074,2.0763156179603525e-06,random_local_offset,0.8,0.12,0.0,-0.55,-1.75,1.57,1013.998650027456,True,False,False,0.5270185727386775,0.47243762016296387,0.8089499366462675,0.34524827745952374,0.34524827745952374,0.4637016591867437,1,0,0.5926176309585571,3.5,False,0.0,,,49,1.0,0.0,45.857142857142854,1014.6171673721195,running,-668.3206176757812,789.1403198242188,0.1504434198141098
7,2,hard_narrow_gap_forward,-1.1999330615882953,-0.6199979268525022,2.337978088932874e-06,random_local_offset,0.8,-0.12,0.0,-0.55,-1.75,1.57,1016.7470603414644,True,False,False,0.991685529878071,0.3817923069000244,0.8089499366462674,0.34437400778092975,0.34437400778092975,0.4645759288653376,34,0,0.3886120021343231,3.5,False,0.0,,,95,1.0,0.0,52.0,1014.8834039932876,running,0.0,298.06048583984375,0.15437395870685577
8,2,hard_narrow_gap_forward,-1.1999312018005375,-0.4999978644910341,2.2565090344360016e-06,random_local_offset,0.8,0.0,0.0,-0.55,-1.75,1.57,1016.38872818814,True,False,False,0.46055710046302817,0.4829891622066498,0.7999999999999999,0.34738802908851957,0.34738802908851957,0.45261197091148037,0,0,0.5761601328849792,3.5,False,0.0,,,45,1.0,0.0,51.22222222222222,1015.05066223716,running,-620.5208740234375,246.79144287109375,0.15858925879001617
9,2,hard_narrow_gap_forward,-1.3499303551288893,-0.4999983552767209,2.552961516517917e-06,random_local_offset,0.65,0.0,0.0,1.05,1.25,-1.57,1013.8568887063922,True,False,False,0.31437405131875573,0.4825037121772766,0.65,0.3390541894168806,0.3390541894168806,0.31094581058311943,0,0,0.6495276093482971,3.5,False,0.0,,,31,1.0,0.0,49.2,1014.9312848840833,running,0.0,150.74722290039062,0.16074594855308533
10,2,hard_narrow_gap_forward,-1.1999312033278926,-0.49999783296044886,2.2843701967284665e-06,random_local_offset,0.8,0.0,0.0,1.05,-1.25,1.57,1016.2700026746386,True,False,False,0.4593693462536607,0.4892401397228241,0.7999999999999999,0.345263531702566,0.345263531702566,0.4547364682974339,0,0,0.5363178849220276,3.5,False,0.0,,,43,1.0,0.0,48.63636363636363,1015.0529865014065,running,-633.9781494140625,314.3360595703125,0.16462421417236328
11,2,hard_narrow_gap_forward,-1.3499309648713,-0.6199982707068895,2.1371013200756036e-06,random_local_offset,0.65,-0.12,0.0,-1.05,-1.25,1.57,1012.450882947637,True,False,False,0.33552966763324216,0.4845357835292816,0.6609841147864295,0.34385131435097194,0.34385131435097194,0.31713280043545755,0,0,0.6306696534156799,3.5,False,0.0,,,33,1.0,0.0,47.333333333333336,1014.8361445385923,running,0.0,243.54373168945312,0.1669406145811081
12,2,hard_narrow_gap_forward,-1.1999314695444467,-0.379997912131232,2.1726345279153827e-06,random_local_offset,0.8,0.12,0.0,-0.15,1.25,-1.57,1016.4092480444091,True,False,False,0.4706013416896701,0.4842055141925812,0.8089499366462672,0.3450918428023306,0.3450918428023306,0.46385809384393667,0,0,0.48952531814575195,3.5,False,0.0,,,47,1.0,0.0,47.30769230769231,1014.9571525005782,running,-640.8270263671875,227.11993408203125,0.16946004331111908
13,2,hard_narrow_gap_forward,-1.4499309113925767,-0.49999880216539566,2.533326416861198e-06,random_local_offset,0.55,0.0,0.0,1.05,1.25,-1.57,1010.3077564485994,True,False,False,0.20735407329881947,0.48590707778930664,0.5499999999999999,0.347166798488344,0.347166798488344,0.20283320151165596,0,0,0.7354258894920349,3.5,False,0.0,,,21,1.0,0.0,45.42857142857143,1014.6250527825797,running,0.0,171.33677673339844,0.1702912151813507
14,2,hard_narrow_gap_forward,-1.1999314689461553,-0.3799978671990033,2.234477017069001e-06,random_local_offset,0.8,0.12,0.0,1.05,-1.25,1.57,1015.8835963107002,True,False,False,0.4834271053202339,0.47502315044403076,0.8089499366462676,0.3429441353239409,0.3429441353239409,0.46600580132232666,2,0,0.48610255122184753,3.5,False,0.0,,,48,1.0,0.0,45.6,1014.7089556844544,running,0.0,136.40052795410156,0.1732146143913269
15,2,hard_narrow_gap_forward,-1.199931473086344,-0.3799979301263882,2.153399398447317e-06,random_local_offset,0.8,0.12,0.0,-0.15,-1.25,1.57,1015.4238267752024,True,False,False,0.5051091405415168,0.435120552778244,0.8089499366462676,0.34658159097203883,0.34658159097203883,0.46236834567422874,6,0,0.554700493812561,3.5,False,0.0,,,50,1.0,0.0,45.875,1014.7536351276261,running,0.0,158.9786376953125,0.17653325200080872
16,2,hard_narrow_gap_forward,-1.1999336090755104,-0.3799978983578173,2.369828239787352e-06,random_local_offset,0.8,0.12,0.0,-1.05,1.25,-1.57,1016.19649446367,True,False,False,0.4911777894026496,0.45706596970558167,0.8089499366462675,0.34313495496347624,0.34313495496347624,0.46581498168279123,3,0,0.45706596970558167,3.5,False,0.0,,,49,1.0,0.0,46.05882352941177,1014.8385092062169,running,-656.9224853515625,100.25437927246094,0.17761099338531494
17,2,hard_narrow_gap_forward,-1.3499309428203738,-0.6199982445470693,2.1826195938632544e-06,random_local_offset,0.65,-0.12,0.0,-0.15,-1.25,1.57,1013.7704793120568,True,False,False,0.32356559403216273,0.48430657386779785,0.6609841147864298,0.3427901067266158,0.3427901067266158,0.318194008059814,0,0,0.6834915280342102,3.5,False,0.0,,,32,1.0,0.0,45.27777777777778,1014.7791742120969,running,-637.5248413085938,141.77467346191406,0.1765855997800827
18,2,hard_narrow_gap_forward,-1.1999311868796076,-0.49999786514139,2.2409369671760663e-06,random_local_offset,0.8,0.0,0.0,0.55,1.75,-1.57,1016.6133764880369,True,False,False,0.4735955061264,0.48190391063690186,0.8000000000000002,0.33997776806366004,0.33997776806366004,0.4600222319363401,0,0,0.4930129051208496,3.5,False,0.0,,,48,1.0,0.0,45.421052631578945,1014.8757111739884,running,-609.334716796875,95.96186065673828,0.17493800818920135
19,2,hard_narrow_gap_forward,-1.1999313118342625,-0.49999790084143386,2.1311730979961647e-06,random_local_offset,0.8,0.0,0.0,-0.55,1.75,-1.57,1014.8851938557009,True,False,False,0.49310212991507263,0.4665720462799072,0.8,0.3437652544085076,0.3437652544085076,0.45623474559149246,2,0,0.4665720462799072,3.5,False,0.0,,,46,1.0,0.0,45.45,1014.8761853080741,running,-627.4290771484375,97.38610076904297,0.17332564294338226
20,2,hard_narrow_gap_forward,-1.1999312272417084,-0.4999979302417766,2.1535159063337645e-06,random_local_offset,0.8,0.0,0.0,-0.15,1.25,-1.57,1016.4335263842638,True,False,False,0.4692856536966547,0.4861550033092499,0.7999999999999999,0.34013526598723126,0.34013526598723126,0.45986473401276867,0,0,0.5046729445457458,3.5,False,0.0,,,46,1.0,0.0,45.476190476190474,1014.9503444069402,running,-614.30029296875,77.63031768798828,0.17201115190982819
21,2,hard_narrow_gap_forward,-1.3499309284501313,-0.6199981797895774,2.281546471551357e-06,random_local_offset,0.65,-0.12,0.0,0.55,-1.75,1.57,1013.5470677484486,True,False,False,0.32347476645941386,0.48645511269569397,0.6609841147864296,0.3442971997381183,0.3442971997381183,0.3166869150483113,0,0,0.6696193814277649,3.5,False,0.0,,,33,1.0,0.0,44.90909090909091,1014.8865591042814,running,0.0,111.20453643798828,0.17112575471401215
22,2,hard_narrow_gap_forward,-1.1999306989757446,-0.37999781895144424,2.246714780584946e-06,random_local_offset,0.8,0.12,0.0,-1.05,1.25,-1.57,1016.6758751987974,True,False,False,0.4690081968678196,0.4834632873535156,0.8089499366462675,0.34474405726192686,0.34474405726192686,0.4642058793843406,0,0,0.48778849840164185,3.5,False,0.0,,,46,1.0,0.0,44.95652173913044,1014.964355456217,running,0.0,108.98109436035156,0.16912689805030823
23,2,hard_narrow_gap_forward,-1.1999314572309823,-0.3799978567362283,2.2455711849927267e-06,random_local_offset,0.8,0.12,0.0,-0.55,-1.75,1.57,1016.8808501143936,True,False,False,0.4628694557028166,0.4880862832069397,0.8089499366462675,0.3496813591784362,0.3496813591784362,0.4592685774678313,0,0,0.49531927704811096,3.5,False,0.0,,,47,1.0,0.0,45.041666666666664,1015.0442094003078,running,-643.2061157226562,116.86013793945312,0.16666832566261292
24,2,hard_narrow_gap_forward,-1.4499311945074136,-0.49999843608996863,2.2338435460763603e-06,random_local_offset,0.55,0.0,0.0,-1.05,-1.25,1.57,1010.4082153497051,True,False,False,0.2112806362758925,0.4855957627296448,0.55,0.3424811703026426,0.3424811703026426,0.20751882969735747,0,0,0.7232770919799805,3.5,False,0.0,,,21,1.0,0.0,44.08,1014.8587696382835,running,0.0,95.68119812011719,0.16595415771007538
25,2,hard_narrow_gap_forward,-1.3499309248851774,-0.6199981878155219,2.2695328357326795e-06,random_local_offset,0.65,-0.12,0.0,0.55,1.75,-1.57,1013.8105188408568,True,False,False,0.327955841765635,0.4903067648410797,0.6609841147864298,0.3398190202143572,0.3398190202143572,0.3211650945720726,0,0,0.647067666053772,3.5,False,0.0,,,33,1.0,0.0,43.16,1014.6732421502257,running,-639.12109375,91.36868286132812,0.16476544737815857
26,2,hard_narrow_gap_forward,-1.199931471577057,-0.3799978333026645,2.2717828281151516e-06,random_local_offset,0.8,0.12,0.0,-0.55,-1.75,1.57,1016.9509219862757,True,False,False,0.46426208159520976,0.4877529740333557,0.8089499366462675,0.3486443019470717,0.3486443019470717,0.4603056346991958,0,0,0.5245066285133362,3.5,False,0.0,,,46,1.0,0.0,42.84,1014.6428367744136,running,-652.6378173828125,92.8298568725586,0.16302935779094696
27,2,hard_narrow_gap_forward,-1.3499311869683344,-0.4999982038501365,2.2336758878224057e-06,random_local_offset,0.65,0.0,0.0,-0.55,1.75,-1.57,1013.9056177558848,True,False,False,0.31242748907255,0.4855198562145233,0.65,0.3405969356168567,0.3405969356168567,0.3094030643831433,0,0,0.6515142321586609,3.5,False,0.0,,,31,1.0,0.0,42.84,1014.7155887571683,running,0.0,67.98104858398438,0.16205431520938873
28,2,hard_narrow_gap_forward,-1.199933612065633,-0.37999789302125475,2.3728867794652237e-06,random_local_offset,0.8,0.12,0.0,-0.55,-1.75,1.57,1016.8808011457968,True,False,False,0.46267614027499027,0.4903757870197296,0.8089499366462675,0.3484594282614698,0.3484594282614698,0.46049050838479766,0,0,0.515167772769928,3.5,False,0.0,,,46,1.0,0.0,41.92,1014.6386050985847,running,0.0,160.75540161132812,0.16099372506141663
29,2,hard_narrow_gap_forward,-1.4499312144318646,-0.49999841796211647,2.2570384309506687e-06,random_local_offset,0.55,0.0,0.0,-1.05,1.25,-1.57,1010.8834142546465,True,False,False,0.2072073597157767,0.49267056584358215,0.55,0.34448200400494056,0.34448200400494056,0.2055179959950595,0,0,0.7531430721282959,3.5,False,0.0,,,21,1.0,0.0,41.2,1014.5905907241505,running,-667.1221313476562,72.34494018554688,0.1608973890542984
30,2,hard_narrow_gap_forward,-1.1999313160082172,-0.49999786309995314,2.176964670955972e-06,random_local_offset,0.8,0.0,0.0,0.55,1.75,-1.57,1016.0754298261947,True,False,False,0.46733744886766615,0.4764952063560486,0.8000000000000002,0.3424105936676081,0.3424105936676081,0.45758940633239203,1,0,0.5180367231369019,3.5,False,0.0,,,45,1.0,0.0,42.08,1014.8661769275749,running,0.0,88.06854248046875,0.16051778197288513
31,2,hard_narrow_gap_forward,-1.199931172586036,-0.3799979248537987,2.4402950840847623e-06,random_local_offset,0.8,0.12,0.0,-1.05,1.25,-1.57,1016.4416698477087,True,False,False,0.46728840652613973,0.48903799057006836,0.8089499366462675,0.3475022495218135,0.3475022495218135,0.46144768712445394,0,0,0.48903799057006836,3.5,False,0.0,,,46,1.0,0.0,41.96,1014.9638977203847,running,0.0,69.5177001953125,0.1593954712152481
32,2,hard_narrow_gap_forward,-1.199936852858359,-0.6199978493090971,2.1448519427732635e-06,random_local_offset,0.8,-0.12,0.0,-1.05,-1.25,1.57,1016.213072390234,True,False,False,0.4768191746496464,0.48619934916496277,0.8089499366462675,0.34307688142534054,0.34307688142534054,0.4658730552209269,0,0,0.535780131816864,3.5,False,0.0,,,48,1.0,0.0,40.08,1014.9425382023359,running,0.0,62.936431884765625,0.15856368839740753
33,2,hard_narrow_gap_forward,-1.1999306770844318,-0.6199979552332854,2.3683345204931393e-06,random_local_offset,0.8,-0.12,0.0,-0.15,-1.25,1.57,1016.6493027456129,True,False,False,0.4730337654612404,0.48544439673423767,0.8089499366462674,0.34441847161108785,0.34441847161108785,0.4645314650351795,0,0,0.5441737174987793,3.5,False,0.0,,,47,1.0,0.0,40.16,1014.9529611846348,running,-675.7789916992188,34.69683837890625,0.1573801189661026
34,2,hard_narrow_gap_forward,-1.1999314843444047,-0.3799978578494564,2.2404241779773215e-06,random_local_offset,0.8,0.12,0.0,1.05,1.25,-1.57,1016.8412935392797,True,False,False,0.47178939918837093,0.47817593812942505,0.8089499366462674,0.34534238578651105,0.34534238578651105,0.4636075508597563,2,0,0.49439606070518494,3.5,False,0.0,,,47,1.0,0.0,40.8,1015.0723373779501,running,0.0,37.70042419433594,0.1562802493572235
35,2,hard_narrow_gap_forward,-1.349931512448355,-0.379998235901015,2.184194234393807e-06,random_local_offset,0.65,0.12,0.0,1.05,1.25,-1.57,1013.6318318004111,True,False,False,0.31520306986658597,0.4889337122440338,0.6609841147864297,0.3478522677797759,0.3478522677797759,0.3131318470066538,0,0,0.6516445875167847,3.5,False,0.0,,,30,1.0,0.0,40.28,1014.9668105429811,running,0.0,56.497840881347656,0.15611965954303741
36,2,hard_narrow_gap_forward,-1.4499312041890318,-0.4999984139220605,2.2731113174955564e-06,random_local_offset,0.55,0.0,0.0,-0.55,1.75,-1.57,1010.1873013784096,True,False,False,0.20440181062832852,0.4894470274448395,0.5499999999999999,0.34765728030819015,0.34765728030819015,0.20234271969180978,0,0,0.7523428201675415,3.5,False,0.0,,,20,1.0,0.0,39.76,1014.8762672802119,running,0.0,62.25611877441406,0.15556935966014862
37,2,hard_narrow_gap_forward,-1.199931202697357,-0.4999978380829006,2.2744015934145243e-06,random_local_offset,0.8,0.0,0.0,0.55,-1.75,1.57,1017.3377102707151,True,False,False,0.4590303145579577,0.4877582788467407,0.7999999999999999,0.34292538924885246,0.34292538924885246,0.45707461075114747,0,0,0.560872495174408,3.5,False,0.0,,,45,1.0,0.0,39.68,1014.9134057692644,running,-661.72998046875,92.2668228149414,0.15481548011302948
38,2,hard_narrow_gap_forward,-1.1999336286590963,-0.37999786321203344,2.408330270826073e-06,random_local_offset,0.8,0.12,0.0,1.05,1.25,-1.57,1016.9078893735592,True,False,False,0.46230701518945455,0.48089754581451416,0.8089499366462676,0.3475598199116354,0.3475598199116354,0.46139011673463215,0,0,0.508758544921875,3.5,False,0.0,,,44,1.0,0.0,40.6,1015.1774110862627,running,-656.2578125,85.236572265625,0.15367357432842255
39,2,hard_narrow_gap_forward,-1.3499312989953771,-0.49999821753716545,2.13916447206176e-06,random_local_offset,0.65,0.0,0.0,1.05,1.25,-1.57,1013.6312493598633,True,False,False,0.31009801939149567,0.47789597511291504,0.6499999999999999,0.3409865160706841,0.3409865160706841,0.3090134839293158,1,0,0.6602410674095154,3.5,False,0.0,,,29,1.0,0.0,39.84,1015.087317208229,running,0.0,89.44995880126953,0.15307748317718506
40,2,hard_narrow_gap_forward,-1.4499312084191351,-0.49999846130263836,2.186597296334366e-06,random_local_offset,0.55,0.0,0.0,-0.55,-1.75,1.57,1010.8947530647591,True,False,False,0.20758107887430827,0.4820348918437958,0.5499999999999999,0.3435256961605536,0.3435256961605536,0.20647430383944632,0,0,0.7405539751052856,3.5,False,0.0,,,21,1.0,0.0,38.68,1014.9061542598115,running,-688.4461059570312,65.926025390625,0.15305885672569275
41,2,hard_narrow_gap_forward,-1.1999312106636861,-0.4999978764907386,2.2348415513148026e-06,random_local_offset,0.8,0.0,0.0,-1.05,1.25,-1.57,1016.5905744555865,True,False,False,0.4579715158199521,0.4906997084617615,0.8000000000000002,0.3464369598135625,0.3464369598135625,0.45356304018643767,0,0,0.523983895778656,3.5,False,0.0,,,44,1.0,0.0,38.48,1014.9219174594882,running,-660.9740600585938,125.09162139892578,0.15252919495105743
42,2,hard_narrow_gap_forward,-1.349931495201795,-0.3799982328325555,2.191539661321763e-06,random_local_offset,0.65,0.12,0.0,-1.05,1.25,-1.57,1013.2338941713597,True,False,False,0.32498445639076184,0.47744128108024597,0.6609841147864298,0.34331393587871606,0.34331393587871606,0.31767017890771376,1,0,0.6288636922836304,3.5,False,0.0,,,31,1.0,0.0,38.44,1014.9004540538604,running,0.0,39.05533218383789,0.15171557664871216
43,2,hard_narrow_gap_forward,-1.4499312035086318,-0.4999983941136091,2.2930580876524722e-06,random_local_offset,0.55,0.0,0.0,-0.55,-1.75,1.57,1010.5580239843368,True,False,False,0.20535128868991048,0.4864274561405182,0.55,0.3467348097050345,0.3467348097050345,0.20326519029496554,0,0,0.7462224960327148,3.5,False,0.0,,,21,1.0,0.0,37.36,1014.658239953712,running,-674.165771484375,51.58474349975586,0.1512974053621292
44,2,hard_narrow_gap_forward,-1.1999320666737028,-0.3799979219742042,2.2074911179463195e-06,random_local_offset,0.8,0.12,0.0,0.55,1.75,-1.57,1015.4313900747794,True,False,False,0.4745314932492317,0.4847564399242401,0.8089499366462676,0.3492280767795539,0.3492280767795539,0.45972185986671366,0,0,0.4847564399242401,3.5,False,0.0,,,45,1.0,0.0,37.32,1014.6800878024752,running,0.0,19.64830780029297,0.15051864087581635
45,2,hard_narrow_gap_forward,-1.199933641183341,-0.37999791990124476,2.337956600557943e-06,random_local_offset,0.8,0.12,0.0,-0.15,1.25,-1.57,1015.8773240238759,True,False,False,0.4854412671133578,0.4708493947982788,0.8089499366462674,0.34308009163726216,0.34308009163726216,0.4658698450090052,2,0,0.4708493947982788,3.5,False,0.0,,,47,1.0,0.0,37.36,1014.6578397080598,running,-690.9447631835938,100.40856170654297,0.1491803377866745
46,2,hard_narrow_gap_forward,-1.1999314855006171,-0.3799979198242474,2.182856808052031e-06,random_local_offset,0.8,0.12,0.0,0.55,1.75,-1.57,1016.0589285569663,True,False,False,0.46768444276694743,0.4841788411140442,0.8089499366462674,0.3497946959028193,0.3497946959028193,0.45915524074344805,0,0,0.5134640336036682,3.5,False,0.0,,,45,1.0,0.0,37.84,1014.7583141404004,running,0.0,24.49748992919922,0.14752323925495148
47,2,hard_narrow_gap_forward,-1.1999312291668547,-0.49999789765359537,2.202100895016488e-06,random_local_offset,0.8,0.0,0.0,-0.15,-1.25,1.57,1016.7422783837119,True,False,False,0.4577021928199721,0.4885784089565277,0.8000000000000002,0.34523487955778337,0.34523487955778337,0.4547651204422168,0,0,0.5469554662704468,3.5,False,0.0,,,46,1.0,0.0,37.84,1014.7609702677969,running,0.0,66.58311462402344,0.14627914130687714
48,2,hard_narrow_gap_forward,-1.3499314878679114,-0.3799982150443825,2.2220699551468288e-06,random_local_offset,0.65,0.12,0.0,0.55,1.75,-1.57,1014.2990988179004,True,False,False,0.3194844966935195,0.4885548949241638,0.6609841147864295,0.34293425967111063,0.34293425967111063,0.31804985511531886,0,0,0.6319133043289185,3.5,False,0.0,,,32,1.0,0.0,37.24,1014.6577002159372,running,0.0,43.443878173828125,0.14535892009735107
49,2,hard_narrow_gap_forward,-1.1999373584947648,-0.499997849041209,2.302390591706109e-06,random_local_offset,0.8,0.0,0.0,-0.15,1.25,-1.57,1016.4643410086974,True,False,False,0.45615123290622983,0.48856642842292786,0.8000000000000002,0.34760277451408256,0.34760277451408256,0.4523972254859176,0,0,0.5267364382743835,3.5,False,0.0,,,44,1.0,0.0,38.16,1014.8999452422968,running,0.0,34.490943908691406,0.1448889821767807
50,2,hard_narrow_gap_forward,-1.199930934808731,-0.6199978648202212,2.242383263307689e-06,random_local_offset,0.8,-0.12,0.0,1.05,1.25,-1.57,1016.6481891159573,True,False,False,0.47422717214878496,0.48371070623397827,0.8089499366462674,0.3419301144816261,0.3419301144816261,0.4670198221646413,0,0,0.544614851474762,3.5,False,0.0,,,45,1.0,0.0,38.64,1015.0134520533007,running,-665.7349853515625,37.038841247558594,0.14378122985363007
51,2,hard_narrow_gap_forward,-1.3499314891863299,-0.37999825465114745,2.168874758254326e-06,random_local_offset,0.65,0.12,0.0,-1.05,-1.25,1.57,1013.7989617401012,True,False,False,0.3133029886160073,0.4854828119277954,0.6609841147864299,0.34882663323954716,0.34882663323954716,0.3121574815468828,0,0,0.662983775138855,3.5,False,0.0,,,31,1.0,0.0,38.04,1014.8873736434538,running,0.0,41.61883544921875,0.14364902675151825
52,2,hard_narrow_gap_forward,-1.3499354666713412,-0.6199982007743983,2.209903620308781e-06,random_local_offset,0.65,-0.12,0.0,-0.15,-1.25,1.57,1013.9688836899202,True,False,False,0.32007079780235226,0.48412567377090454,0.6609841147864299,0.34565189682722103,0.34565189682722103,0.3153322179592089,0,0,0.6573097705841064,3.5,False,0.0,,,33,1.0,0.0,38.12,1014.8899042808152,running,-667.4700927734375,43.79875183105469,0.14271973073482513
53,2,hard_narrow_gap_forward,-1.1999309469290802,-0.6199978593777067,2.2483208327349285e-06,random_local_offset,0.8,-0.12,0.0,-0.15,1.25,-1.57,1016.2027799621088,True,False,False,0.4747603800637806,0.4854361116886139,0.8089499366462676,0.34425754677175474,0.34425754677175474,0.46469238987451283,0,0,0.5442192554473877,3.5,False,0.0,,,48,1.0,0.0,38.2,1014.8627834334678,running,-682.4755249023438,47.163021087646484,0.1412300020456314
54,2,hard_narrow_gap_forward,-1.3499309409477742,-0.6199981794975289,2.2708945370934605e-06,random_local_offset,0.65,-0.12,0.0,-1.05,-1.25,1.57,1014.3664343839042,True,False,False,0.3242417248932139,0.4878862500190735,0.6609841147864298,0.33940823294636674,0.33940823294636674,0.3215758818400631,0,0,0.6815423369407654,3.5,False,0.0,,,34,1.0,0.0,38.72,1015.0021042386381,running,-663.5406494140625,71.48928833007812,0.1396695077419281
55,2,hard_narrow_gap_forward,-1.349930945617031,-0.6199982065556131,2.2447120275819332e-06,random_local_offset,0.65,-0.12,0.0,-0.55,-1.75,1.57,1013.4702438029926,True,False,False,0.32040307483840785,0.4861149191856384,0.6609841147864297,0.34429401721446984,0.34429401721446984,0.31669009757195987,0,0,0.6809757351875305,3.5,False,0.0,,,32,1.0,0.0,38.2,1014.89789679771,running,-701.5315551757812,72.88818359375,0.13863001763820648
56,2,hard_narrow_gap_forward,-1.1999312236848685,-0.4999979496733866,2.1395779660477156e-06,random_local_offset,0.8,0.0,0.0,-1.05,1.25,-1.57,1016.8628071836297,True,False,False,0.45867751064363355,0.4804099500179291,0.7999999999999999,0.34521980810354214,0.34521980810354214,0.4547801918964578,0,0,0.528882622718811,3.5,False,0.0,,,45,1.0,0.0,38.16,1014.9147422911467,running,0.0,96.36615753173828,0.13703525066375732
57,2,hard_narrow_gap_forward,-1.3499312103840824,-0.499998193518587,2.252437107809499e-06,random_local_offset,0.65,0.0,0.0,-0.15,1.25,-1.57,1013.662909310072,True,False,False,0.3050239559598764,0.4809176027774811,0.6500000000000001,0.34620675769416615,0.34620675769416615,0.303793242305834,0,0,0.6767336130142212,3.5,False,0.0,,,30,1.0,0.0,37.44,1014.8127357679401,running,0.0,24.230260848999023,0.13622848689556122
58,2,hard_narrow_gap_forward,-1.1999300976293874,-0.499997931895024,2.2690186370956545e-06,random_local_offset,0.8,0.0,0.0,1.05,1.25,-1.57,1016.1280498981998,True,False,False,0.46208297204432,0.47900697588920593,0.7999999999999999,0.345143156024726,0.345143156024726,0.45485684397527393,1,0,0.5091466903686523,3.5,False,0.0,,,45,1.0,0.0,37.36,1014.7918856540439,running,-661.677490234375,40.52780532836914,0.13490964472293854
59,2,hard_narrow_gap_forward,-1.4499303111969821,-0.4999986206929802,2.5524342570944403e-06,random_local_offset,0.55,0.0,0.0,-0.15,-1.25,1.57,1010.6180282075879,True,False,False,0.20569700890334197,0.4942482113838196,0.5499999999999999,0.34554253756475517,0.34554253756475517,0.20445746243524476,0,0,0.7552103400230408,3.5,False,0.0,,,20,1.0,0.0,36.28,1014.5429550407762,running,-674.0758666992188,36.80293273925781,0.13389016687870026
60,2,hard_narrow_gap_forward,-1.3499314928711093,-0.37999823682527156,2.193884264885932e-06,random_local_offset,0.65,0.12,0.0,-0.15,1.25,-1.57,1014.0869376721218,True,False,False,0.32009882093172715,0.47283002734184265,0.6609841147864297,0.34190728144354327,0.34190728144354327,0.31907683334288645,1,0,0.6426789164543152,3.5,False,0.0,,,31,1.0,0.0,36.32,1014.5611592756446,running,0.0,41.4559440612793,0.13302263617515564
61,2,hard_narrow_gap_forward,-1.350019556475371,-0.3799617460297975,1.1656792667466135e-05,random_local_offset,0.65,0.12,0.0,1.05,1.25,-1.57,1013.4273568777668,True,False,False,0.31383643772018505,0.48558473587036133,0.6609841147864298,0.3487870427117602,0.3487870427117602,0.3121970720746696,0,0,0.6791390776634216,3.5,False,0.0,,,30,1.0,0.0,36.72,1014.690761495619,running,0.0,26.118247985839844,0.13301803171634674
62,2,hard_narrow_gap_forward,-1.3499309598405713,-0.6199982653957956,2.144810722791974e-06,random_local_offset,0.65,-0.12,0.0,-0.15,-1.25,1.57,1013.3571895814381,True,False,False,0.32202265519740214,0.4907974898815155,0.6609841147864297,0.34524171876580345,0.34524171876580345,0.31574239602062626,0,0,0.6638379693031311,3.5,False,0.0,,,31,1.0,0.0,36.16,1014.5315406680478,running,-688.2371826171875,92.74299621582031,0.13295477628707886
63,2,hard_narrow_gap_forward,-1.3499314916098457,-0.3799982185194962,2.2323520132631493e-06,random_local_offset,0.65,0.12,0.0,-0.55,-1.75,1.57,1014.0222595980941,True,False,False,0.3134851597838797,0.4785770773887634,0.6609841147864297,0.3485673794230681,0.3485673794230681,0.3124167353633616,2,0,0.6540787816047668,3.5,False,0.0,,,32,1.0,0.0,35.68,1014.4161154770293,running,-684.6093139648438,27.64098358154297,0.13209488987922668
64,2,hard_narrow_gap_forward,-1.4499312256550918,-0.49999846476604154,2.164326544558566e-06,random_local_offset,0.55,0.0,0.0,-1.05,1.25,-1.57,1010.5164974964786,True,False,False,0.20257790587150026,0.4828907549381256,0.5500000000000002,0.34779345767636877,0.34779345767636877,0.2022065423236314,0,0,0.7486289739608765,3.5,False,0.0,,,20,1.0,0.0,35.32,1014.291525402494,running,-687.786865234375,76.17774963378906,0.13225746154785156
65,2,hard_narrow_gap_forward,-1.1999314812664332,-0.3799978783011913,2.2209249744460848e-06,random_local_offset,0.8,0.12,0.0,1.05,1.25,-1.57,1014.9583786623185,True,False,False,0.48683840415252033,0.45958223938941956,0.8089499366462675,0.34838024019496727,0.34838024019496727,0.4605696964513002,2,0,0.45958223938941956,3.5,False,0.0,,,47,1.0,0.0,36.36,1014.4540704263964,running,0.0,99.13028717041016,0.13181030750274658
66,2,hard_narrow_gap_forward,-1.1999375182148104,-0.4999978605686034,2.164539880020802e-06,random_local_offset,0.8,0.0,0.0,-0.15,1.25,-1.57,1016.2370469271465,True,False,False,0.4539455878964421,0.489763081073761,0.8,0.34968672958484087,0.34968672958484087,0.4503132704151592,0,0,0.5568826198577881,3.5,False,0.0,,,43,1.0,0.0,36.32,1014.4399293252588,running,-688.3213500976562,39.376991271972656,0.13184964656829834
67,2,hard_narrow_gap_forward,-1.3499315037696682,-0.3799982228116711,2.202985932602214e-06,random_local_offset,0.65,0.12,0.0,-0.15,-1.25,1.57,1014.0311648798302,True,False,False,0.315177149522834,0.4894217848777771,0.6609841147864296,0.34705239900397306,0.34705239900397306,0.31393171578245654,0,0,0.6416694521903992,3.5,False,0.0,,,32,1.0,0.0,36.36,1014.4718201535976,running,-703.7847900390625,38.43954086303711,0.13207727670669556
68,2,hard_narrow_gap_forward,-1.349929775415121,-0.4999982490171643,2.451983671891722e-06,random_local_offset,0.65,0.0,0.0,-1.05,1.25,-1.57,1013.6160264437522,True,False,False,0.30825538605717745,0.4824584722518921,0.6499999999999999,0.34363541492687494,0.34363541492687494,0.306364585073125,0,0,0.6460596919059753,3.5,False,0.0,,,30,1.0,0.0,36.72,1014.5941402519743,running,-689.2638549804688,26.480392456054688,0.13219891488552094
69,2,hard_narrow_gap_forward,-1.199935712345299,-0.6199978895465084,2.365695873653263e-06,random_local_offset,0.8,-0.12,0.0,0.55,1.75,-1.57,1016.496136191138,True,False,False,0.4751403798305316,0.4874216318130493,0.8089499366462675,0.34341551334348885,0.34341551334348885,0.4655344233027786,0,0,0.547720730304718,3.5,False,0.0,,,44,1.0,0.0,36.68,1014.6367300966286,running,-699.1550903320312,75.01751708984375,0.13220292329788208
70,2,hard_narrow_gap_forward,-1.3499312051793542,-0.4999982404496746,2.1910654598627406e-06,random_local_offset,0.65,0.0,0.0,0.55,-1.75,1.57,1013.7653405982902,True,False,False,0.31095081887312626,0.48303714394569397,0.65,0.3397961968502015,0.3397961968502015,0.3102038031497985,0,0,0.6658453345298767,3.5,False,0.0,,,29,1.0,0.0,35.96,1014.552250759605,running,0.0,29.970619201660156,0.13251009583473206
71,2,hard_narrow_gap_forward,-1.199930954080192,-0.6199978972552815,2.2091221991078153e-06,random_local_offset,0.8,-0.12,0.0,-1.05,1.25,-1.57,1016.7145408371587,True,False,False,0.47211995304246157,0.4819301664829254,0.8089499366462676,0.34293662960961785,0.34293662960961785,0.4660133070366497,0,0,0.5535628795623779,3.5,False,0.0,,,45,1.0,0.0,35.96,1014.5784752508127,running,-697.2752075195312,2946.0302734375,0.13285888731479645
72,2,hard_narrow_gap_forward,-1.1999330865820645,-0.6199979864189901,2.2538392700210935e-06,random_local_offset,0.8,-0.12,0.0,-1.05,1.25,-1.57,1016.0140149071459,True,False,False,0.4950104806983253,0.4891447424888611,0.8089499366462675,0.34566310575107717,0.34566310575107717,0.4632868308951903,0,0,0.5113978981971741,3.5,False,0.0,,,47,1.0,0.0,36.0,1014.54934471175,running,0.0,1890.055419921875,0.13436514139175415
73,2,hard_narrow_gap_forward,-1.1999316491487957,-0.6199980921283522,2.4729105961909085e-06,random_local_offset,0.8,-0.12,0.0,1.05,1.25,-1.57,1013.3028801878587,True,False,False,0.5757691008235957,0.39414459466934204,0.8089499366462676,0.34907548231700986,0.34907548231700986,0.4598744543292577,11,0,0.39414459466934204,3.5,False,0.0,,,57,1.0,0.0,37.0,1014.5094959665482,running,-712.8814086914062,85.65158081054688,0.14116033911705017
74,2,hard_narrow_gap_forward,-1.3499314699331393,-0.37999819018047076,2.2703976596445993e-06,random_local_offset,0.65,0.12,0.0,0.55,1.75,-1.57,1013.1878358176189,True,False,False,0.3545420212763254,0.48729032278060913,0.6609841147864296,0.3399848021442473,0.3399848021442473,0.3209993126421823,0,0,0.5925591588020325,3.5,False,0.0,,,36,1.0,0.0,36.68,1014.3784357589051,running,-669.4346923828125,72.97652435302734,0.14291949570178986
75,2,hard_narrow_gap_forward,-1.3499314856738023,-0.3799981907365433,2.2621196332245415e-06,random_local_offset,0.65,0.12,0.0,0.55,-1.75,1.57,1012.9892834166277,True,False,False,0.3353376377296271,0.4893814027309418,0.6609841147864298,0.3438631239417251,0.3438631239417251,0.31712099084470474,0,0,0.8474173545837402,3.5,False,0.0,,,33,1.0,0.0,36.2,1014.2320795309319,running,0.0,58.758644104003906,0.14271503686904907
76,2,hard_narrow_gap_forward,-1.3499314935298983,-0.3799982356539843,2.1957033776828473e-06,random_local_offset,0.65,0.12,0.0,1.05,1.25,-1.57,1013.4275637362157,True,False,False,0.3150127960084828,0.485368549823761,0.6609841147864296,0.3499642075175382,0.3499642075175382,0.3110199072688914,0,0,0.6508923768997192,3.5,False,0.0,,,31,1.0,0.0,36.2,1014.2172236107764,running,-711.3504638671875,43.71708679199219,0.1411275416612625
77,2,hard_narrow_gap_forward,-1.1999311861372384,-0.4999978668647273,2.242783148463976e-06,random_local_offset,0.8,0.0,0.0,-1.05,-1.25,1.57,1016.8359035479755,True,False,False,0.45671937173295796,0.481122225522995,0.8000000000000002,0.34491621155621893,0.34491621155621893,0.4550837884437812,0,0,0.5578707456588745,3.5,False,0.0,,,45,1.0,0.0,36.68,1014.3319044050987,running,0.0,78.51023864746094,0.13888420164585114
78,2,hard_narrow_gap_forward,-1.1999336406282903,-0.37999792114463804,2.3434321170552683e-06,random_local_offset,0.8,0.12,0.0,-1.05,1.25,-1.57,1017.0374421101726,True,False,False,0.470169204922403,0.487763375043869,0.8089499366462675,0.3423676870595052,0.3423676870595052,0.46658224958676225,0,0,0.5138530135154724,3.5,False,0.0,,,45,1.0,0.0,36.56,1014.3652908910212,running,-672.3809204101562,47.18301010131836,0.13742046058177948
79,2,hard_narrow_gap_forward,-1.449933349194963,-0.4999985214710615,2.3061878121532176e-06,random_local_offset,0.55,0.0,0.0,-0.55,1.75,-1.57,1010.5706595857765,True,False,False,0.2027362218174969,0.4895533323287964,0.55,0.34750922702486586,0.34750922702486586,0.20249077297513418,0,0,0.7362397909164429,3.5,False,0.0,,,20,1.0,0.0,36.0,1014.2134598990965,running,-654.702880859375,63.33943176269531,0.13700759410858154
80,2,hard_narrow_gap_forward,-1.3499304602238222,-0.49999810106725007,2.322853096303714e-06,random_local_offset,0.65,0.0,0.0,-1.05,-1.25,1.57,1013.7602880616597,True,False,False,0.3101547715076403,0.482885479927063,0.65,0.3432885038026665,0.3432885038026665,0.3067114961973335,0,0,0.6902250647544861,3.5,False,0.0,,,31,1.0,0.0,35.96,1014.2250616694431,running,0.0,69.29898834228516,0.13752730190753937
81,2,hard_narrow_gap_forward,-1.3499311945218748,-0.49999817604083185,2.2715857201753975e-06,random_local_offset,0.65,0.0,0.0,-0.55,1.75,-1.57,1013.643947023634,True,False,False,0.30385522028980877,0.48540011048316956,0.65,0.3474914962693538,0.3474914962693538,0.30250850373064625,0,0,0.6637968420982361,3.5,False,0.0,,,29,1.0,0.0,35.32,1014.0963072630433,running,-662.6852416992188,57.21525192260742,0.13753309845924377
82,2,hard_narrow_gap_forward,-1.3499315472809412,-0.37999820107255805,2.162661989361941e-06,random_local_offset,0.65,0.12,0.0,-0.15,1.25,-1.57,1013.3962167631962,True,False,False,0.31608728208230047,0.4754834771156311,0.6609841147864296,0.3482143624753497,0.3482143624753497,0.3127697523110799,2,0,0.6616259217262268,3.5,False,0.0,,,31,1.0,0.0,35.36,1014.0856395611683,running,0.0,32.987266540527344,0.13790759444236755
83,2,hard_narrow_gap_forward,-1.1999311947726552,-0.4999978664780284,2.2480190651803633e-06,random_local_offset,0.8,0.0,0.0,-0.15,-1.25,1.57,1016.8010547765128,True,False,False,0.45945067812985657,0.4835773706436157,0.7999999999999999,0.3429349527663848,0.3429349527663848,0.45706504723361513,0,0,0.5540737509727478,3.5,False,0.0,,,43,1.0,0.0,35.28,1014.1125597563009,running,-695.9905395507812,54.55525207519531,0.13779693841934204
84,2,hard_narrow_gap_forward,-1.3499310689932082,-0.6199982293846542,2.118877893552381e-06,random_local_offset,0.65,-0.12,0.0,-0.15,-1.25,1.57,1013.7116897595429,True,False,False,0.31270477457584245,0.49067261815071106,0.6609841147864296,0.3493555150569207,0.3493555150569207,0.3116285997295089,0,0,0.6921489238739014,3.5,False,0.0,,,30,1.0,0.0,35.68,1014.2363062183789,running,-672.6793823242188,77.86221313476562,0.1379942148923874
85,2,hard_narrow_gap_forward,-1.349931477460809,-0.3799982709801477,2.136394730983801e-06,random_local_offset,0.65,0.12,0.0,-0.15,1.25,-1.57,1014.0633895419601,True,False,False,0.321573818964458,0.48300033807754517,0.6609841147864296,0.34274600129023025,0.34274600129023025,0.31823811349619935,0,0,0.6428391337394714,3.5,False,0.0,,,32,1.0,0.0,35.72,1014.2353642931726,running,-668.6683349609375,48.145782470703125,0.13799504935741425
86,2,hard_narrow_gap_forward,-1.3499314692781583,-0.37999823994302045,2.1908427707831525e-06,random_local_offset,0.65,0.12,0.0,-0.55,1.75,-1.57,1014.016465239795,True,False,False,0.3198957380751772,0.48644381761550903,0.6609841147864297,0.3445954988618687,0.3445954988618687,0.316388615924561,0,0,0.6458415985107422,3.5,False,0.0,,,33,1.0,0.0,35.84,1014.2589286276535,running,0.0,49.0347900390625,0.1382431834936142
87,2,hard_narrow_gap_forward,-1.3499311862966006,-0.49999820153277963,2.242541335968692e-06,random_local_offset,0.65,0.0,0.0,0.55,-1.75,1.57,1013.7479373840129,True,False,False,0.3125080903524383,0.482580304145813,0.6500000000000001,0.3394042556422798,0.3394042556422798,0.31059574435772036,0,0,0.6747650504112244,3.5,False,0.0,,,30,1.0,0.0,35.8,1014.2745585397565,running,0.0,58.885154724121094,0.13813689351081848
88,2,hard_narrow_gap_forward,-1.1999312026496929,-0.4999978463628491,2.2719071700124774e-06,random_local_offset,0.8,0.0,0.0,1.05,1.25,-1.57,1016.9002517760831,True,False,False,0.453950286489894,0.47949814796447754,0.8,0.3482790506649761,0.3482790506649761,0.45172094933502394,1,0,0.5660906434059143,3.5,False,0.0,,,45,1.0,0.0,36.32,1014.389678226876,running,-707.5804443359375,55.25054931640625,0.13818567991256714
89,2,hard_narrow_gap_forward,-1.1999309746788125,-0.6199979509554909,2.385486494475777e-06,random_local_offset,0.8,-0.12,0.0,0.55,1.75,-1.57,1017.0723855804323,True,False,False,0.4611732887756593,0.48340094089508057,0.8089499366462676,0.3491369072819537,0.3491369072819537,0.4598130293643139,0,0,0.5756775140762329,3.5,False,0.0,,,45,1.0,0.0,37.32,1014.6519137502341,running,0.0,43.37419128417969,0.13710379600524902
90,2,hard_narrow_gap_forward,-1.3499309292210337,-0.6199981764899531,2.284548045960043e-06,random_local_offset,0.65,-0.12,0.0,-0.15,1.25,-1.57,1013.9993369621128,True,False,False,0.3224211655004468,0.48855602741241455,0.6609841147864295,0.3398037456113021,0.3398037456113021,0.3211803691751274,0,0,0.6858488917350769,3.5,False,0.0,,,30,1.0,0.0,36.64,1014.6135520822259,running,0.0,22.352312088012695,0.13712555170059204
91,2,hard_narrow_gap_forward,-1.349931188408036,-0.49999819628763953,2.2445683216230887e-06,random_local_offset,0.65,0.0,0.0,-1.05,-1.25,1.57,1013.8284090654819,True,False,False,0.30831530944273156,0.4833246171474457,0.6499999999999999,0.3442988391818187,0.3442988391818187,0.3057011608181812,0,0,0.6661284565925598,3.5,False,0.0,,,32,1.0,0.0,36.2,1014.5172065677594,running,0.0,98.66454315185547,0.13794218003749847
92,2,hard_narrow_gap_forward,-1.3499312228526397,-0.499998237233665,2.196163346127131e-06,random_local_offset,0.65,0.0,0.0,-0.55,-1.75,1.57,1013.909157010159,True,False,False,0.3085905921898142,0.48984089493751526,0.65,0.3433658275153399,0.3433658275153399,0.30663417248466013,0,0,0.6816428303718567,3.5,False,0.0,,,30,1.0,0.0,36.12,1014.5123262529726,running,0.0,225.08087158203125,0.1382817029953003
93,2,hard_narrow_gap_forward,-1.449931218456308,-0.4999984468453536,2.214036812530532e-06,random_local_offset,0.55,0.0,0.0,0.55,-1.75,1.57,1010.5914432645149,True,False,False,0.2048966926106337,0.4927663803100586,0.55,0.3456607133930728,0.3456607133930728,0.20433928660692724,0,0,0.7584609389305115,3.5,False,0.0,,,20,1.0,0.0,35.72,1014.3913429258031,running,0.0,45.74664306640625,0.1388491839170456
94,2,hard_narrow_gap_forward,-1.2185664268680678,-0.4969930786437282,0.0016516923942557675,random_local_offset,0.8,0.0,0.0,0.55,1.75,-1.57,1016.8847416613911,True,False,False,0.45695842837591366,0.46479570865631104,0.8,0.34504217638383056,0.34504217638383056,0.4549578236161695,3,0,0.5825758576393127,3.5,False,0.0,,,43,1.0,0.0,35.68,1014.4068871446132,running,-739.793212890625,36.46894836425781,0.138933926820755
95,2,hard_narrow_gap_forward,-1.199931191579196,-0.4999978562374529,2.2589629655160672e-06,random_local_offset,0.8,0.0,0.0,-0.55,-1.75,1.57,1016.8295322523563,True,False,False,0.45688612828037617,0.4901387691497803,0.8000000000000002,0.34614346616320973,0.34614346616320973,0.4538565338367904,0,0,0.579965353012085,3.5,False,0.0,,,45,1.0,0.0,36.32,1014.5294548107755,running,0.0,33.343936920166016,0.13870801031589508
96,2,hard_narrow_gap_forward,-1.3499313253012912,-0.4999982286512909,2.1214710945641725e-06,random_local_offset,0.65,0.0,0.0,0.55,1.75,-1.57,1013.587408555321,True,False,False,0.30560421193098275,0.48785361647605896,0.65,0.3471381379632248,0.3471381379632248,0.30286186203677523,0,0,0.6894834637641907,3.5,False,0.0,,,31,1.0,0.0,35.76,1014.4043695195021,running,-677.4603271484375,31.548419952392578,0.13963572680950165
97,2,hard_narrow_gap_forward,-1.3499309334898648,-0.6199981887190389,2.269807543655023e-06,random_local_offset,0.65,-0.12,0.0,1.05,-1.25,1.57,1014.3442273206907,True,False,False,0.32141109404390406,0.490188330411911,0.6609841147864297,0.34092339615101547,0.34092339615101547,0.32006071863541424,0,0,0.687457263469696,3.5,False,0.0,,,32,1.0,0.0,35.16,1014.3375780160438,running,-671.8490600585938,43.34370803833008,0.14045868813991547
98,2,hard_narrow_gap_forward,-1.1999314616365513,-0.37999788145324725,2.2209157981157137e-06,random_local_offset,0.8,0.12,0.0,0.55,1.75,-1.57,1016.2004338826291,True,False,False,0.4666453939903762,0.47967880964279175,0.8089499366462674,0.3481442730934262,0.3481442730934262,0.46080566355284114,1,0,0.5353943109512329,3.5,False,0.0,,,45,1.0,0.0,34.68,1014.4534801638348,running,0.0,22.8604793548584,0.14131926000118256
99,2,hard_narrow_gap_forward,-1.4499312335616237,-0.49999845540218496,2.19434847574315e-06,random_local_offset,0.55,0.0,0.0,0.55,1.75,-1.57,1010.3574101854663,True,False,False,0.20745991541271386,0.4875401556491852,0.5499999999999999,0.3439435809351582,0.3439435809351582,0.20605641906484173,0,0,0.7630589008331299,3.5,False,0.0,,,20,1.0,0.0,34.04,1014.3402631385486,running,0.0,43.21137619018555,0.14211107790470123
100,2,hard_narrow_gap_forward,-1.3499331105513714,-0.6199982922454479,2.3128452735448386e-06,random_local_offset,0.65,-0.12,0.0,-0.55,1.75,-1.57,1013.3970961030783,True,False,False,0.3128194688940944,0.47698459029197693,0.6609841147864296,0.3492850274125249,0.3492850274125249,0.3116990873739047,1,0,0.7009832262992859,3.5,False,0.0,,,30,1.0,0.0,33.92,1014.3565756460067,running,0.0,20.85255241394043,0.14255167543888092
101,2,hard_narrow_gap_forward,-1.449931208798241,-0.4999984163223513,2.258408068167491e-06,random_local_offset,0.55,0.0,0.0,-1.05,1.25,-1.57,1010.4614550545679,True,False,False,0.21002278704992866,0.4902900755405426,0.55,0.34289771190166574,0.34289771190166574,0.2071022880983343,0,0,0.7472755312919617,3.5,False,0.0,,,20,1.0,0.0,33.48,1014.2379312987407,running,0.0,22.847623825073242,0.14259007573127747
102,2,hard_narrow_gap_forward,-1.3499301621347137,-0.4999982356956539,2.4756165602492026e-06,random_local_offset,0.65,0.0,0.0,-0.55,1.75,-1.57,1013.3389313069549,True,False,False,0.3037400647580366,0.48510482907295227,0.65,0.3479455263025796,0.3479455263025796,0.30205447369742044,0,0,0.66916823387146,3.5,False,0.0,,,30,1.0,0.0,32.88,1014.0980524091001,running,0.0,35.8369255065918,0.14279305934906006
103,2,hard_narrow_gap_forward,-1.1999309161059295,-0.6199978635601837,2.240801770026004e-06,random_local_offset,0.8,-0.12,0.0,0.55,-1.75,1.57,1017.5239494990562,True,False,False,0.4667653986119136,0.4883163273334503,0.8089499366462675,0.34426602373789444,0.34426602373789444,0.464683912908373,0,0,0.6040602922439575,3.5,False,0.0,,,45,1.0,0.0,32.88,1014.1175127046555,running,-708.1976318359375,41.647274017333984,0.1432902216911316
104,2,hard_narrow_gap_forward,-1.3499311942834185,-0.49999821659708027,2.2128682094590853e-06,random_local_offset,0.65,0.0,0.0,1.05,-1.25,1.57,1013.4205482008585,True,False,False,0.30320189664482966,0.479897677898407,0.65,0.34880659160916616,0.34880659160916616,0.30119340839083386,1,0,0.6709360480308533,3.5,False,0.0,,,31,1.0,0.0,33.32,1014.2315082492588,running,0.0,48.51158142089844,0.14318658411502838
105,2,hard_narrow_gap_forward,-1.3499312882173482,-0.49999819868265066,2.176817705724707e-06,random_local_offset,0.65,0.0,0.0,-0.55,1.75,-1.57,1013.6739018213277,True,False,False,0.3078873322990979,0.48934751749038696,0.65,0.34404472378361056,0.34404472378361056,0.30595527621638946,0,0,0.6623801589012146,3.5,False,0.0,,,30,1.0,0.0,33.28,1014.2280527996455,running,0.0,20.144046783447266,0.14288675785064697
106,2,hard_narrow_gap_forward,-1.1999314650556732,-0.3799978530721757,2.2594699505319966e-06,random_local_offset,0.8,0.12,0.0,1.05,-1.25,1.57,1016.8182442106674,True,False,False,0.4696531091692931,0.48923394083976746,0.8089499366462675,0.34458988947976343,0.34458988947976343,0.46436004716650403,0,0,0.5022935271263123,3.5,False,0.0,,,45,1.0,0.0,33.92,1014.3550246871267,running,-680.4849853515625,15.75446891784668,0.14284195005893707
107,2,hard_narrow_gap_forward,-1.1999333564560994,-0.4999979827134444,2.2620988626927076e-06,random_local_offset,0.8,0.0,0.0,-0.55,-1.75,1.57,1016.7687527761102,True,False,False,0.4561396715956571,0.48829764127731323,0.8,0.3457776436187432,0.3457776436187432,0.45422235638125685,0,0,0.5515562891960144,3.5,False,0.0,,,44,1.0,0.0,34.44,1014.4899261276435,running,-680.9757690429688,47.42637634277344,0.1424512416124344
108,2,hard_narrow_gap_forward,-1.1999314770780307,-0.3799978315465524,2.2866272743658597e-06,random_local_offset,0.8,0.12,0.0,-0.55,-1.75,1.57,1016.995881259622,True,False,False,0.46878387449841363,0.4864262044429779,0.8089499366462675,0.3435152622589549,0.3435152622589549,0.46543467438731256,0,0,0.5218889117240906,3.5,False,0.0,,,47,1.0,0.0,34.6,1014.4977191869677,running,0.0,341.2817687988281,0.14188680052757263
109,2,hard_narrow_gap_forward,-1.349935984765049,-0.37999817608070713,2.1764064742710514e-06,random_local_offset,0.65,0.12,0.0,-1.05,-1.25,1.57,1013.8555667304985,True,False,False,0.31475667314478856,0.48995593190193176,0.6609841147864298,0.34743868156778196,0.34743868156778196,0.31354543321864786,0,0,0.6440312266349792,3.5,False,0.0,,,31,1.0,0.0,34.64,1014.503474265806,running,-672.0682983398438,64.47506713867188,0.14140832424163818
110,2,hard_narrow_gap_forward,-1.4499365561270212,-0.49999838307981503,2.2408929114095042e-06,random_local_offset,0.55,0.0,0.0,1.05,1.25,-1.57,1010.2671506519443,True,False,False,0.20315827143059983,0.48946839570999146,0.55,0.3479848866731653,0.3479848866731653,0.20201511332683475,0,0,0.7572053670883179,3.5,False,0.0,,,19,1.0,0.0,34.12,1014.3516247102053,running,0.0,42.436790466308594,0.14062555134296417
111,2,hard_narrow_gap_forward,-1.1999312062542242,-0.49999790003690847,2.185732893645312e-06,random_local_offset,0.8,0.0,0.0,-0.15,-1.25,1.57,1016.8077959854377,True,False,False,0.45743052567837683,0.4848707616329193,0.8,0.3439808152788057,0.3439808152788057,0.45601918472119435,0,0,0.5474552512168884,3.5,False,0.0,,,44,1.0,0.0,34.56,1014.4632779400309,running,0.0,30.719791412353516,0.13886089622974396
112,2,hard_narrow_gap_forward,-1.1999305090314796,-0.379997918020572,2.410152860783301e-06,random_local_offset,0.8,0.12,0.0,-1.05,-1.25,1.57,1016.7363987766731,True,False,False,0.47353670682644655,0.4890117347240448,0.8089499366462675,0.3395322117139109,0.3395322117139109,0.46941772493235656,0,0,0.5308052897453308,3.5,False,0.0,,,44,1.0,0.0,35.12,1014.5828163957375,running,0.0,38.527435302734375,0.13791123032569885
113,2,hard_narrow_gap_forward,-1.3499307609214999,-0.3799980668972891,2.1513521564614097e-06,random_local_offset,0.65,0.12,0.0,-0.15,1.25,-1.57,1013.3695517892843,True,False,False,0.31813324985755403,0.4847303330898285,0.6609841147864297,0.3462787982443264,0.3462787982443264,0.3147053165421033,0,0,0.642153263092041,3.5,False,0.0,,,30,1.0,0.0,34.52,1014.4415883962656,running,0.0,25.59581184387207,0.13709011673927307
114,2,hard_narrow_gap_forward,-1.3499336343323622,-0.37999821782428145,2.4118606301020707e-06,random_local_offset,0.65,0.12,0.0,1.05,-1.25,1.57,1013.4638997717545,True,False,False,0.3175066109790576,0.4832838773727417,0.6609841147864296,0.34637101846706553,0.34637101846706553,0.31461309631936407,0,0,0.6559423804283142,3.5,False,0.0,,,30,1.0,0.0,33.92,1014.2972489639185,running,0.0,56.506813049316406,0.13756220042705536
115,2,hard_narrow_gap_forward,-1.3499336542906086,-0.3799982866205583,2.3084448474439134e-06,random_local_offset,0.65,0.12,0.0,-0.15,-1.25,1.57,1013.7971583681646,True,False,False,0.31489885988321253,0.47160014510154724,0.6609841147864296,0.3475603043420571,0.3475603043420571,0.3134238104443725,1,0,0.6340008974075317,3.5,False,0.0,,,31,1.0,0.0,33.96,1014.2891618201605,running,-682.813720703125,35.38907241821289,0.1372014284133911
116,2,hard_narrow_gap_forward,-1.3499312181392145,-0.4999982026869262,2.2456193095322384e-06,random_local_offset,0.65,0.0,0.0,-0.55,-1.75,1.57,1013.8475952183832,True,False,False,0.3102833198124471,0.4867405593395233,0.6500000000000001,0.34175937300475795,0.34175937300475795,0.3082406269952422,0,0,0.6685645580291748,3.5,False,0.0,,,30,1.0,0.0,33.88,1014.2899292662765,running,-696.1575927734375,41.214691162109375,0.13684605062007904
117,2,hard_narrow_gap_forward,-1.3499336527393981,-0.3799982384013856,2.4067492823692064e-06,random_local_offset,0.65,0.12,0.0,-0.55,1.75,-1.57,1013.9398859694352,True,False,False,0.32239534041108436,0.48983821272850037,0.6609841147864295,0.3412621346280272,0.3412621346280272,0.3197219801584023,0,0,0.6412163376808167,3.5,False,0.0,,,31,1.0,0.0,33.92,1014.2911584246476,running,0.0,23.60531997680664,0.13773150742053986
118,2,hard_narrow_gap_forward,-1.3499310308954586,-0.6199982501488875,2.0972092068689975e-06,random_local_offset,0.65,-0.12,0.0,0.55,-1.75,1.57,1014.1929623215761,True,False,False,0.32265610796080496,0.48290783166885376,0.6609841147864296,0.339675724922647,0.339675724922647,0.3213083898637826,0,0,0.6786836385726929,3.5,False,0.0,,,30,1.0,0.0,34.32,1014.43521918693,running,0.0,89.39065551757812,0.13803616166114807
119,2,hard_narrow_gap_forward,-1.4499312253016772,-0.4999984433320569,2.2135763551528663e-06,random_local_offset,0.55,0.0,0.0,-0.15,-1.25,1.57,1010.5937883686323,True,False,False,0.20122695027655368,0.4962436258792877,0.5500000000000002,0.3499791223996251,0.3499791223996251,0.20002087760037507,0,0,0.7619557976722717,3.5,False,0.0,,,21,1.0,0.0,33.44,1014.1835810552195,running,-699.6621704101562,136.3000946044922,0.13832339644432068
120,2,hard_narrow_gap_forward,-1.3499312263579264,-0.49999824627606737,2.1667494712068865e-06,random_local_offset,0.65,0.0,0.0,-1.05,1.25,-1.57,1014.0487381381254,True,False,False,0.3119266846101473,0.49088582396507263,0.65,0.33934202314783773,0.33934202314783773,0.3106579768521623,0,0,0.6660953164100647,3.5,False,0.0,,,31,1.0,0.0,32.88,1014.0723492906504,running,0.0,29.61324691772461,0.13842329382896423
121,2,hard_narrow_gap_forward,-1.1999312431792886,-0.49999789843607423,2.203470765562613e-06,random_local_offset,0.8,0.0,0.0,-1.05,-1.25,1.57,1017.231767264103,True,False,False,0.46063026578234256,0.48588716983795166,0.7999999999999999,0.34158531140952486,0.34158531140952486,0.4584146885904751,0,0,0.5569536089897156,3.5,False,0.0,,,44,1.0,0.0,33.4,1014.2181236390015,running,0.0,41.464168548583984,0.13868144154548645
122,2,hard_narrow_gap_forward,-1.3499314769888338,-0.3799981963375082,2.250744981644094e-06,random_local_offset,0.65,0.12,0.0,-0.55,1.75,-1.57,1014.2173776973433,True,False,False,0.32131637186355944,0.4854465425014496,0.6609841147864298,0.3416238894748192,0.3416238894748192,0.3193602253116106,0,0,0.6341341137886047,3.5,False,0.0,,,32,1.0,0.0,33.4,1014.2130496540677,running,0.0,54.126285552978516,0.13842588663101196
123,2,hard_narrow_gap_forward,-1.3499314898775692,-0.3799982481664943,2.179883137689157e-06,random_local_offset,0.65,0.12,0.0,1.05,1.25,-1.57,1013.8492381380684,True,False,False,0.32392298538735853,0.4844827353954315,0.6609841147864297,0.34041155864298134,0.34041155864298134,0.3205725561434484,0,0,0.6214460134506226,3.5,False,0.0,,,31,1.0,0.0,32.84,1014.1190018242852,running,-717.4676513671875,18.940719604492188,0.1384248435497284
124,2,hard_narrow_gap_forward,-1.4499312211433195,-0.49999843311374526,2.230322816651356e-06,random_local_offset,0.55,0.0,0.0,1.05,1.25,-1.57,1010.9150741536924,True,False,False,0.2130701689898453,0.4760054647922516,0.5500000000000002,0.3383213823946422,0.3383213823946422,0.21167861760535794,1,0,0.7505092024803162,3.5,False,0.0,,,21,1.0,0.0,32.88,1014.1413083830142,running,0.0,33.77698516845703,0.1383349895477295
125,2,hard_narrow_gap_forward,-1.1999310388863478,-0.6199978425463597,2.205916085625688e-06,random_local_offset,0.8,-0.12,0.0,-0.15,1.25,-1.57,1016.5537396745535,True,False,False,0.46304303221221704,0.4857042133808136,0.8089499366462674,0.3484530420672536,0.3484530420672536,0.46049689457901377,0,0,0.5796540379524231,3.5,False,0.0,,,44,1.0,0.0,33.44,1014.2675741258734,running,0.0,30.91231918334961,0.13809823989868164
126,2,hard_narrow_gap_forward,-1.3499330709770088,-0.6199982470636455,2.371310305964339e-06,random_local_offset,0.65,-0.12,0.0,-0.15,-1.25,1.57,1014.1202647466928,True,False,False,0.32466440029131766,0.48611682653427124,0.6609841147864296,0.3380561956863675,0.3380561956863675,0.3229279191000621,0,0,0.6865092515945435,3.5,False,0.0,,,30,1.0,0.0,33.84,1014.4139265135583,running,0.0,30.9117488861084,0.13845805823802948
127,2,hard_narrow_gap_forward,-1.4499312161030395,-0.4999984346913759,2.2066845679274337e-06,random_local_offset,0.55,0.0,0.0,-0.15,-1.25,1.57,1010.5058837519285,True,False,False,0.20787308162589097,0.48543402552604675,0.55,0.3434074295285215,0.3434074295285215,0.20659257047147855,0,0,0.7584415078163147,3.5,False,0.0,,,20,1.0,0.0,33.44,1014.3006046113572,running,0.0,41.48516082763672,0.13899408280849457
128,2,hard_narrow_gap_forward,-1.1999313278687997,-0.49999790845397857,2.1221342041888523e-06,random_local_offset,0.8,0.0,0.0,0.55,1.75,-1.57,1016.7297924881032,True,False,False,0.45814239352024083,0.4870525896549225,0.7999999999999999,0.34412322303186194,0.34412322303186194,0.455876776968138,0,0,0.5607760548591614,3.5,False,0.0,,,42,1.0,0.0,33.32,1014.2688383309193,running,0.0,36.415931701660156,0.1386554092168808
129,2,hard_narrow_gap_forward,-1.3499311909924994,-0.4999981956344687,2.2570117299781213e-06,random_local_offset,0.65,0.0,0.0,-1.05,1.25,-1.57,1014.0016952092412,True,False,False,0.3078439830552121,0.4923088252544403,0.6499999999999999,0.3430360222385407,0.3430360222385407,0.30696397776145923,0,0,0.666551411151886,3.5,False,0.0,,,30,1.0,0.0,33.28,1014.2920842112545,running,0.0,27.730113983154297,0.13815249502658844
130,2,hard_narrow_gap_forward,-1.3499311962395768,-0.49999818679486685,2.2716256654250287e-06,random_local_offset,0.65,0.0,0.0,-0.55,-1.75,1.57,1013.8179155084348,True,False,False,0.30991178206903464,0.4932866394519806,0.6500000000000001,0.34148861768459077,0.34148861768459077,0.30851138231540937,0,0,0.6764112710952759,3.5,False,0.0,,,29,1.0,0.0,33.24,1014.297844758739,running,-705.4179077148438,32.012672424316406,0.13743580877780914
131,2,hard_narrow_gap_forward,-1.3499333413196073,-0.49999821920801524,2.4162413791347144e-06,random_local_offset,0.65,0.0,0.0,1.05,-1.25,1.57,1013.3783388764062,True,False,False,0.30340831531624696,0.4910120666027069,0.6499999999999999,0.3482121125636844,0.3482121125636844,0.3017878874363155,0,0,0.6800695061683655,3.5,False,0.0,,,30,1.0,0.0,32.64,1014.1602485453684,running,-709.4085693359375,89.20286560058594,0.13735131919384003
132,2,hard_narrow_gap_forward,-1.3499314773561115,-0.37999816865084,2.2922176279885924e-06,random_local_offset,0.65,0.12,0.0,-0.55,-1.75,1.57,1014.0239292797143,True,False,False,0.32050819447468426,0.486421138048172,0.6609841147864296,0.3428335071708138,0.3428335071708138,0.3181506076156158,0,0,0.6275723576545715,3.5,False,0.0,,,31,1.0,0.0,32.12,1014.0504556055126,running,0.0,21.63728904724121,0.13681824505329132
133,2,hard_narrow_gap_forward,-1.4499359698916678,-0.49999847534812336,2.2319615638340924e-06,random_local_offset,0.55,0.0,0.0,0.55,1.75,-1.57,1010.488904503309,True,False,False,0.20545108306216964,0.4823870360851288,0.5500000000000002,0.34555014184501975,0.34555014184501975,0.2044498581549804,0,0,0.7442966103553772,3.5,False,0.0,,,20,1.0,0.0,31.04,1013.7901765352601,running,0.0,37.15435791015625,0.13634206354618073
134,2,hard_narrow_gap_forward,-1.3499314965932259,-0.3799982289862789,2.1985641856133e-06,random_local_offset,0.65,0.12,0.0,-1.05,-1.25,1.57,1013.6312048367043,True,False,False,0.3184788596185011,0.48497503995895386,0.6609841147864295,0.3459199781362537,0.3459199781362537,0.3150641366501758,0,0,0.6295684576034546,3.5,False,0.0,,,31,1.0,0.0,31.04,1013.7812020595084,running,-712.2706298828125,37.03261947631836,0.13583515584468842
135,2,hard_narrow_gap_forward,-1.199930941591584,-0.6199978498176022,2.2610101959553704e-06,random_local_offset,0.8,-0.12,0.0,0.55,1.75,-1.57,1016.8390593620113,True,False,False,0.4640636064059856,0.4839242100715637,0.8089499366462675,0.3467893823359234,0.3467893823359234,0.4621605543103441,0,0,0.5775485038757324,3.5,False,0.0,,,45,1.0,0.0,32.08,1014.044078407911,running,0.0,17.86798858642578,0.13485899567604065
136,2,hard_narrow_gap_forward,-1.3499312021864471,-0.4999981724371351,2.286539431602593e-06,random_local_offset,0.65,0.0,0.0,-0.15,-1.25,1.57,1012.9863210255699,True,False,False,0.30614284615000753,0.48001953959465027,0.65,0.34740926299539887,0.34740926299539887,0.30259073700460115,0,0,0.6711310148239136,3.5,False,0.0,,,28,1.0,0.0,31.44,1013.8912194095162,running,0.0,30.059364318847656,0.13516643643379211
137,2,hard_narrow_gap_forward,-1.1999333555042606,-0.4999978764544178,2.3987013531515746e-06,random_local_offset,0.8,0.0,0.0,0.55,1.75,-1.57,1016.9320169668384,True,False,False,0.4559489469531119,0.47956833243370056,0.8,0.34572278404074297,0.34572278404074297,0.4542772159592571,1,0,0.5697201490402222,3.5,False,0.0,,,43,1.0,0.0,31.4,1013.8990441371228,running,-706.4659423828125,33.545921325683594,0.13491666316986084
138,2,hard_narrow_gap_forward,-1.3499314938530667,-0.3799982493004805,2.171394090614104e-06,random_local_offset,0.65,0.12,0.0,-1.05,-1.25,1.57,1013.3802254459968,True,False,False,0.31621378431860114,0.4869409501552582,0.6609841147864296,0.3479373789494564,0.3479373789494564,0.3130467358369732,0,0,0.6432077288627625,3.5,False,0.0,,,31,1.0,0.0,31.44,1013.8994710833913,running,0.0,31.58244514465332,0.13443425297737122
139,2,hard_narrow_gap_forward,-1.3499316941453614,-0.49999825725024133,2.39109153692989e-06,random_local_offset,0.65,0.0,0.0,0.55,-1.75,1.57,1013.3409972281489,True,False,False,0.30411116107048014,0.48070278763771057,0.65,0.347105631632575,0.347105631632575,0.302894368367425,0,0,0.6634317636489868,3.5,False,0.0,,,28,1.0,0.0,31.36,1013.8945549816469,running,0.0,50.348751068115234,0.13459278643131256
140,2,hard_narrow_gap_forward,-1.1999304138871483,-0.6199980126956964,2.3700700527785022e-06,random_local_offset,0.8,-0.12,0.0,-1.05,1.25,-1.57,1016.9094247236304,True,False,False,0.46740776785109517,0.48800763487815857,0.8089499366462675,0.3445556905827784,0.3445556905827784,0.46439424606348906,0,0,0.580130934715271,3.5,False,0.0,,,44,1.0,0.0,31.88,1014.0190456358656,running,0.0,32.613712310791016,0.1355540156364441
141,2,hard_narrow_gap_forward,-1.1999296848713314,-0.6199978822907555,2.332579920354519e-06,random_local_offset,0.8,-0.12,0.0,-0.55,-1.75,1.57,1016.4035796091104,True,False,False,0.46176181792520166,0.47480377554893494,0.8089499366462672,0.34914998356278804,0.34914998356278804,0.4597999530834792,1,0,0.5875715017318726,3.5,False,0.0,,,42,1.0,0.0,32.36,1014.1212850114946,running,0.0,38.43043899536133,0.13601572811603546
142,2,hard_narrow_gap_forward,-1.199933329133589,-0.4999978961802827,2.3746070775893675e-06,random_local_offset,0.8,0.0,0.0,0.55,1.75,-1.57,1016.8528907307144,True,False,False,0.45784145971059137,0.48845380544662476,0.8,0.34532405920439263,0.34532405920439263,0.4546759407956074,0,0,0.5341821908950806,3.5,False,0.0,,,45,1.0,0.0,32.92,1014.2378052019459,running,-684.6436157226562,65.72978210449219,0.13517440855503082
143,2,hard_narrow_gap_forward,-1.1999314825242873,-0.37999785052416424,2.2665582652659655e-06,random_local_offset,0.8,0.12,0.0,-0.15,-1.25,1.57,1017.1005722446228,True,False,False,0.46834874648393204,0.4891984462738037,0.8089499366462676,0.3435331601790939,0.3435331601790939,0.46541677646717367,0,0,0.5058062672615051,3.5,False,0.0,,,45,1.0,0.0,33.52,1014.3541095988678,running,0.0,12.13753890991211,0.13471798598766327
144,2,hard_narrow_gap_forward,-1.3499310745643511,-0.6199982611278263,2.077648144611602e-06,random_local_offset,0.65,-0.12,0.0,0.55,1.75,-1.57,1013.8780071741658,True,False,False,0.3144848475935747,0.4838394820690155,0.6609841147864297,0.3478189332442422,0.3478189332442422,0.31316518154218753,0,0,0.6946252584457397,3.5,False,0.0,,,31,1.0,0.0,33.92,1014.4854783510891,running,-693.4115600585938,48.80918884277344,0.13405542075634003
145,2,hard_narrow_gap_forward,-1.349931480311291,-0.3799981789637248,2.2625917316632725e-06,random_local_offset,0.65,0.12,0.0,0.55,1.75,-1.57,1013.8906409275736,True,False,False,0.31809951206305287,0.4905407130718231,0.6609841147864297,0.3453530644139587,0.3453530644139587,0.315631050372471,0,0,0.646847128868103,3.5,False,0.0,,,31,1.0,0.0,33.92,1014.4791544626671,running,0.0,35.69990921020508,0.13292565941810608
146,2,hard_narrow_gap_forward,-1.199931489568069,-0.3799979144501322,2.1712768123324007e-06,random_local_offset,0.8,0.12,0.0,-0.15,1.25,-1.57,1017.0476476572871,True,False,False,0.46945093091670587,0.46971622109413147,0.8089499366462674,0.34402996971060645,0.34402996971060645,0.4649199669356609,1,0,0.5136037468910217,3.5,False,0.0,,,47,1.0,0.0,34.04,1014.4717896783945,running,-687.3992919921875,28.306076049804688,0.1320188194513321
147,2,hard_narrow_gap_forward,-1.199930924359749,-0.6199978519575672,2.266951193260734e-06,random_local_offset,0.8,-0.12,0.0,-0.15,1.25,-1.57,1017.0559238775389,True,False,False,0.4667743406340998,0.49171340465545654,0.8089499366462676,0.34417462203287236,0.34417462203287236,0.4647753146133952,0,0,0.5875172019004822,3.5,False,0.0,,,45,1.0,0.0,34.56,1014.5853315256023,running,0.0,69.18836975097656,0.13134647905826569
148,2,hard_narrow_gap_forward,-1.3499309638633181,-0.6199982639232332,2.1478093896913674e-06,random_local_offset,0.65,-0.12,0.0,-0.15,1.25,-1.57,1013.6864511832474,True,False,False,0.31800224491377505,0.47342050075531006,0.6609841147864298,0.34425601708494785,0.34425601708494785,0.31672809770148197,1,0,0.6821513772010803,3.5,False,0.0,,,30,1.0,0.0,34.52,1014.5788200474096,running,0.0,103.44903564453125,0.13141098618507385
149,2,hard_narrow_gap_forward,-1.1999309206277735,-0.619997841551452,2.2646111432353263e-06,random_local_offset,0.8,-0.12,0.0,0.55,-1.75,1.57,1017.3510029704228,True,False,False,0.46480345815774093,0.4812389314174652,0.8089499366462674,0.3458480970815059,0.3458480970815059,0.4631018395647615,0,0,0.5894416570663452,3.5,False,0.0,,,45,1.0,0.0,35.48,1014.8362572000789,running,-715.4026489257812,18.80797004699707,0.1316722184419632
150,2,hard_narrow_gap_forward,-1.19993068236888,-0.3799978745007138,2.4368210361322165e-06,random_local_offset,0.8,0.12,0.0,0.55,-1.75,1.57,1017.2884730626466,True,False,False,0.4721872877658056,0.48434948921203613,0.8089499366462675,0.340243249717521,0.340243249717521,0.46870668692874645,0,0,0.5014107823371887,3.5,False,0.0,,,46,1.0,0.0,35.56,1014.8656465356024,running,-703.80712890625,28.16244888305664,0.1326131820678711
151,2,hard_narrow_gap_forward,-1.3499314597220653,-0.37999819979952143,2.2482488779907635e-06,random_local_offset,0.65,0.12,0.0,-1.05,1.25,-1.57,1014.0670512500097,True,False,False,0.3194578679404613,0.48117417097091675,0.6609841147864296,0.3436849119938524,0.3436849119938524,0.3172992027925772,0,0,0.634894847869873,3.5,False,0.0,,,33,1.0,0.0,35.68,1014.8635179957352,running,0.0,17.13882064819336,0.13210374116897583
152,2,hard_narrow_gap_forward,-1.1999322240186303,-0.4999978983681591,2.2770660176511147e-06,random_local_offset,0.8,0.0,0.0,-1.05,-1.25,1.57,1017.0974703750308,True,False,False,0.4584613632418932,0.4867001473903656,0.7999999999999999,0.34349852005674986,0.34349852005674986,0.4565014799432501,0,0,0.5260609984397888,3.5,False,0.0,,,45,1.0,0.0,36.68,1015.1271814606592,running,-699.1339111328125,157.0494384765625,0.13067792356014252
153,2,hard_narrow_gap_forward,-1.1999336442755746,-0.3799979415203639,2.3117841324963406e-06,random_local_offset,0.8,0.12,0.0,1.05,1.25,-1.57,1017.1637945782373,True,False,False,0.4662260371024668,0.4876515567302704,0.8089499366462672,0.34486582877775246,0.34486582877775246,0.4640841078685148,0,0,0.5175234079360962,3.5,False,0.0,,,45,1.0,0.0,36.8,1015.1445415442645,running,0.0,199.2102508544922,0.1298069953918457
154,2,hard_narrow_gap_forward,-1.34993119883238,-0.49999817418509895,2.274484922777046e-06,random_local_offset,0.65,0.0,0.0,-0.55,-1.75,1.57,1013.4606515748682,True,False,False,0.30579245180631737,0.48254841566085815,0.6499999999999999,0.34580996416034754,0.34580996416034754,0.3041900358396524,0,0,0.6645393967628479,3.5,False,0.0,,,29,1.0,0.0,36.76,1015.1228997988895,running,-701.6727905273438,133.5371551513672,0.1295796036720276
155,2,hard_narrow_gap_forward,-1.199931203755603,-0.4999978384243899,2.2644490649320356e-06,random_local_offset,0.8,0.0,0.0,-0.15,1.25,-1.57,1016.3789826439772,True,False,False,0.4610616866039264,0.49422699213027954,0.8000000000000002,0.3443269578886483,0.3443269578886483,0.45567304211135184,0,0,0.5299434065818787,3.5,False,0.0,,,44,1.0,0.0,37.36,1015.2253424843112,running,-677.056640625,29.394176483154297,0.12855805456638336
156,2,hard_narrow_gap_forward,-1.3499314917428205,-0.37999824570802054,2.184368316520126e-06,random_local_offset,0.65,0.12,0.0,0.55,-1.75,1.57,1013.670188924022,True,False,False,0.3128259227152673,0.49313852190971375,0.6609841147864298,0.3499308211438462,0.3499308211438462,0.3110532936425836,0,0,0.6377775073051453,3.5,False,0.0,,,31,1.0,0.0,37.4,1015.2370164862159,running,0.0,37.68196105957031,0.12895700335502625
157,2,hard_narrow_gap_forward,-1.349931528835166,-0.6199982521310603,2.3188576547147783e-06,random_local_offset,0.65,-0.12,0.0,-0.15,1.25,-1.57,1014.027093124671,True,False,False,0.3180205672149434,0.4909527897834778,0.6609841147864296,0.3445763258473122,0.3445763258473122,0.3164077889391174,0,0,0.6950867772102356,3.5,False,0.0,,,31,1.0,0.0,37.4,1015.2371430400142,running,-667.468017578125,11.032474517822266,0.12993967533111572
158,2,hard_narrow_gap_forward,-1.3499304685524884,-0.4999983360721766,2.391719514607242e-06,random_local_offset,0.65,0.0,0.0,0.55,1.75,-1.57,1013.3522013823892,True,False,False,0.3098271106401508,0.4890862703323364,0.65,0.34593809878232407,0.34593809878232407,0.30406190121767596,0,0,0.6850283741950989,3.5,False,0.0,,,31,1.0,0.0,37.84,1015.3516749151776,running,0.0,42.25218200683594,0.1322452574968338
159,2,hard_narrow_gap_forward,-1.3499300986826666,-0.4999982740094292,2.287364421812705e-06,random_local_offset,0.65,0.0,0.0,-0.55,-1.75,1.57,1013.397368617976,True,False,False,0.30674180322436073,0.4874265789985657,0.6500000000000001,0.34530083817657603,0.34530083817657603,0.3046991618234241,0,0,0.6724466681480408,3.5,False,0.0,,,29,1.0,0.0,37.76,1015.3423214664284,running,-697.0108642578125,15.469242095947266,0.1335141956806183
160,2,hard_narrow_gap_forward,-1.4499343955554846,-0.5000030520976718,8.369017778044009e-07,random_local_offset,0.55,0.0,0.0,-1.05,-1.25,1.57,1010.4237798996361,True,False,False,0.20328114653406631,0.4854750335216522,0.5500000000000002,0.3478696240407656,0.3478696240407656,0.20213037595923455,0,0,0.7530543208122253,3.5,False,0.0,,,20,1.0,0.0,36.76,1015.0857102879334,running,-737.2150268554688,18.3345947265625,0.13419055938720703
161,2,hard_narrow_gap_forward,-1.1999309333856762,-0.6199978895543441,2.2110974756913154e-06,random_local_offset,0.8,-0.12,0.0,-0.15,1.25,-1.57,1017.3925168279487,True,False,False,0.4681220308630022,0.4817584156990051,0.8089499366462675,0.34242171141269884,0.34242171141269884,0.4665282252335686,0,0,0.5779256224632263,3.5,False,0.0,,,46,1.0,0.0,37.48,1015.2619581200285,running,-713.356689453125,37.61129379272461,0.13508231937885284
162,2,hard_narrow_gap_forward,-1.449940359647194,-0.49999844043979524,2.2036391352680115e-06,random_local_offset,0.55,0.0,0.0,-0.15,-1.25,1.57,1010.536396492448,True,False,False,0.20378087905859404,0.4865346848964691,0.55,0.3468477699547647,0.3468477699547647,0.20315223004523536,0,0,0.7625894546508789,3.5,False,0.0,,,20,1.0,0.0,36.56,1015.0061333010527,running,-695.56689453125,28.96949005126953,0.13527263700962067
163,2,hard_narrow_gap_forward,-1.199933042276056,-0.6199979004567195,2.3663488203306086e-06,random_local_offset,0.8,-0.12,0.0,0.55,-1.75,1.57,1016.8092786457415,True,False,False,0.4733721485156534,0.48926490545272827,0.8089499366462676,0.34084606669898904,0.34084606669898904,0.46810386994727854,0,0,0.5572474002838135,3.5,False,0.0,,,45,1.0,0.0,37.12,1015.1432954290425,running,0.0,20.952117919921875,0.1354057341814041
164,2,hard_narrow_gap_forward,-1.3499314775974975,-0.3799982728225624,2.1352861919897615e-06,random_local_offset,0.65,0.12,0.0,1.05,1.25,-1.57,1014.0475526718999,True,False,False,0.3209323540664637,0.489526629447937,0.6609841147864296,0.3421560636808761,0.3421560636808761,0.3188280511055535,0,0,0.6382659673690796,3.5,False,0.0,,,32,1.0,0.0,37.28,1015.1715576467925,running,0.0,26.16464614868164,0.13430255651474
165,2,hard_narrow_gap_forward,-1.199962044495931,-0.49434810988068517,0.0068647892643943645,random_local_offset,0.8,0.0,0.0,-0.55,1.75,-1.57,1017.1292267539411,True,False,False,0.4545680721166568,0.49113306403160095,0.8,0.34739342705692106,0.34739342705692106,0.452606572943079,0,0,0.5617193579673767,3.5,False,0.0,,,45,1.0,0.0,37.32,1015.1803497280047,running,-710.768798828125,29.536861419677734,0.1341046541929245
166,2,hard_narrow_gap_forward,-1.1999309724170064,-0.6199979306683406,2.166807469766699e-06,random_local_offset,0.8,-0.12,0.0,0.55,1.75,-1.57,1017.0154917493041,True,False,False,0.46964405940843046,0.49047696590423584,0.8089499366462675,0.3423046897907302,0.3423046897907302,0.46664524685553727,0,0,0.5754199028015137,3.5,False,0.0,,,44,1.0,0.0,37.4,1015.2048262136127,running,-695.09326171875,22.693410873413086,0.13395197689533234
167,2,hard_narrow_gap_forward,-1.3499309518029394,-0.6199982299774569,2.209228186667959e-06,random_local_offset,0.65,-0.12,0.0,1.05,-1.25,1.57,1013.8040937208752,True,False,False,0.31851130948409834,0.4852716624736786,0.6609841147864296,0.34388378347224613,0.34388378347224613,0.31710033131418347,0,0,0.6829627156257629,3.5,False,0.0,,,30,1.0,0.0,36.8,1015.0828743332193,running,-679.2772827148438,33.987648010253906,0.13343560695648193
168,2,hard_narrow_gap_forward,-1.1999312082960127,-0.4999978406781498,2.273998047727781e-06,random_local_offset,0.8,0.0,0.0,0.55,1.75,-1.57,1016.5868923199224,True,False,False,0.4593023757722386,0.4804515242576599,0.8000000000000002,0.34506031034925283,0.34506031034925283,0.4549396896507473,0,0,0.5515748858451843,3.5,False,0.0,,,43,1.0,0.0,36.72,1015.062327136231,running,0.0,19.95775604248047,0.13326512277126312
169,2,hard_narrow_gap_forward,-1.1999746900194472,-0.38016901940327796,-7.971443201105787e-05,random_local_offset,0.8,0.12,0.0,1.05,-1.25,1.57,1016.848581723721,True,False,False,0.4699598961980745,0.48502030968666077,0.8089499366462675,0.3422763413838824,0.3422763413838824,0.46667359526238505,0,0,0.522009015083313,3.5,False,0.0,,,44,1.0,0.0,37.24,1015.1811501182133,running,0.0,44.24847412109375,0.1310090571641922
170,2,hard_narrow_gap_forward,-1.349930485613121,-0.6199980793264869,2.1920664693551317e-06,random_local_offset,0.65,-0.12,0.0,1.05,1.25,-1.57,1013.8431005665042,True,False,False,0.31918543389652354,0.4905545115470886,0.6609841147864298,0.3432916734742077,0.3432916734742077,0.31769244131222213,0,0,0.6992045044898987,3.5,False,0.0,,,30,1.0,0.0,37.2,1015.1792485037709,running,0.0,23.30629539489746,0.13087166845798492
171,2,hard_narrow_gap_forward,-1.3499300501600762,-0.4999981338276962,2.2577364969767237e-06,random_local_offset,0.65,0.0,0.0,-1.05,-1.25,1.57,1013.5558353174192,True,False,False,0.3036998338756672,0.48767757415771484,0.6500000000000001,0.3471928109403433,0.3471928109403433,0.3028071890596568,0,0,0.687552809715271,3.5,False,0.0,,,29,1.0,0.0,36.48,1015.0395760101758,running,-707.3772583007812,26.212085723876953,0.13155455887317657
172,2,hard_narrow_gap_forward,-1.3499314762802908,-0.37999820488896996,2.2467549786878087e-06,random_local_offset,0.65,0.12,0.0,-0.55,1.75,-1.57,1013.7822448305508,True,False,False,0.31887408219958074,0.48473507165908813,0.6609841147864297,0.3444720196419936,0.3444720196419936,0.3165120951444361,0,0,0.6431395411491394,3.5,False,0.0,,,31,1.0,0.0,35.92,1014.9086288482966,running,0.0,33.15047836303711,0.13181306421756744
173,2,hard_narrow_gap_forward,-1.1999371225904096,-0.49999784061400127,2.2885952922011782e-06,random_local_offset,0.8,0.0,0.0,0.55,1.75,-1.57,1016.9712557564112,True,False,False,0.4583592821825328,0.4869244396686554,0.8000000000000002,0.34313885445195724,0.34313885445195724,0.4568611455480429,0,0,0.5625696182250977,3.5,False,0.0,,,44,1.0,0.0,36.48,1015.0400210312233,running,0.0,11.970521926879883,0.13126008212566376
174,2,hard_narrow_gap_forward,-1.1999309667597915,-0.6199979340027406,2.158330555476021e-06,random_local_offset,0.8,-0.12,0.0,-0.55,-1.75,1.57,1016.85914698748,True,False,False,0.4673610563261447,0.48948585987091064,0.8089499366462674,0.34508491537127484,0.34508491537127484,0.4638650212749925,0,0,0.5819217562675476,3.5,False,0.0,,,45,1.0,0.0,36.48,1015.0203467919055,running,-672.8428955078125,22.649677276611328,0.13112705945968628
175,2,hard_narrow_gap_forward,-1.1999312135127422,-0.4999979281751777,2.1726894045390916e-06,random_local_offset,0.8,0.0,0.0,-1.05,1.25,-1.57,1016.7607187808148,True,False,False,0.4539888297749822,0.490507572889328,0.8,0.34845078467757806,0.34845078467757806,0.451549215322422,0,0,0.5514212846755981,3.5,False,0.0,,,45,1.0,0.0,36.44,1014.9992366206321,running,0.0,27.138568878173828,0.12936265766620636
176,2,hard_narrow_gap_forward,-1.1999312149843755,-0.4999978407270224,2.266948704717144e-06,random_local_offset,0.8,0.0,0.0,-0.15,-1.25,1.57,1016.7764424672549,True,False,False,0.4536830094507621,0.4852719306945801,0.7999999999999999,0.348964665268053,0.348964665268053,0.45103533473194696,0,0,0.559176504611969,3.5,False,0.0,,,45,1.0,0.0,36.92,1015.1076122693219,running,-682.205078125,31.870765686035156,0.12743720412254333
177,2,hard_narrow_gap_forward,-1.1999312688027537,-0.4999979063844047,2.427489757356777e-06,random_local_offset,0.8,0.0,0.0,-1.05,1.25,-1.57,1016.9906912683057,True,False,False,0.4600469001312299,0.48303157091140747,0.8000000000000002,0.34252048522118345,0.34252048522118345,0.4574795147788167,0,0,0.5690927505493164,3.5,False,0.0,,,43,1.0,0.0,36.84,1015.103341105053,running,0.0,25.029104232788086,0.12663593888282776
178,2,hard_narrow_gap_forward,-1.3499314956255395,-0.3799982333304563,2.192296629307935e-06,random_local_offset,0.65,0.12,0.0,0.55,1.75,-1.57,1013.7063013955193,True,False,False,0.31363244848538857,0.49040400981903076,0.6609841147864297,0.34869286001312705,0.34869286001312705,0.31229125477330266,0,0,0.6224077343940735,3.5,False,0.0,,,30,1.0,0.0,36.24,1014.9650413777442,running,0.0,194.0143280029297,0.12584100663661957
179,2,hard_narrow_gap_forward,-1.1999393922527783,-0.37999791051425025,2.091310280764004e-06,random_local_offset,0.8,0.12,0.0,1.05,-1.25,1.57,1017.0984714113944,True,False,False,0.46614227743234776,0.4891469478607178,0.8089499366462674,0.34409024276541805,0.34409024276541805,0.4648596938808493,0,0,0.5104098916053772,3.5,False,0.0,,,44,1.0,0.0,36.84,1015.1105541712053,running,0.0,74.44863891601562,0.12456629425287247
180,2,hard_narrow_gap_forward,-1.3499297546869076,-0.6199981913380284,2.330406272118767e-06,random_local_offset,0.65,-0.12,0.0,1.05,1.25,-1.57,1013.9128319512814,True,False,False,0.316432588518412,0.4815387427806854,0.6609841147864295,0.34634219597048305,0.34634219597048305,0.31464191881594644,0,0,0.6737551093101501,3.5,False,0.0,,,31,1.0,0.0,36.32,1015.0119081434974,running,-673.8270874023438,105.13862609863281,0.12471047788858414
181,2,hard_narrow_gap_forward,-1.1999309384222552,-0.6199978622880954,2.253853730050622e-06,random_local_offset,0.8,-0.12,0.0,0.55,-1.75,1.57,1017.1381891452417,True,False,False,0.4641497742882493,0.48767784237861633,0.8089499366462674,0.346547003263349,0.346547003263349,0.4624029333829184,0,0,0.5924496054649353,3.5,False,0.0,,,44,1.0,0.0,36.84,1015.150628152346,running,-703.2881469726562,18.41103172302246,0.12401562184095383
182,2,hard_narrow_gap_forward,-1.3499314786138084,-0.3799982679101323,2.136520189303176e-06,random_local_offset,0.65,0.12,0.0,-1.05,-1.25,1.57,1014.0767447327486,True,False,False,0.31846974957926505,0.4846839904785156,0.6609841147864297,0.34367071654770803,0.34367071654770803,0.3173133982387217,0,0,0.6401211619377136,3.5,False,0.0,,,31,1.0,0.0,36.84,1015.1526142166691,running,0.0,33.83769989013672,0.12347114831209183
183,2,hard_narrow_gap_forward,-1.199931471554415,-0.37999788902086823,2.2087722303811845e-06,random_local_offset,0.8,0.12,0.0,-0.55,-1.75,1.57,1017.3223438062228,True,False,False,0.47288537072331777,0.4856474995613098,0.8089499366462674,0.3378484854368086,0.3378484854368086,0.47110145120945873,0,0,0.5054847002029419,3.5,False,0.0,,,44,1.0,0.0,37.36,1015.3114199136226,running,0.0,19.88519287109375,0.12335654348134995
184,2,hard_narrow_gap_forward,-1.1999309629096233,-0.6199979199547527,2.182326608862848e-06,random_local_offset,0.8,-0.12,0.0,-0.55,-1.75,1.57,1017.6301937865519,True,False,False,0.4707873965063408,0.49218177795410156,0.8089499366462672,0.3403209688307024,0.3403209688307024,0.46862896781556485,0,0,0.5921730995178223,3.5,False,0.0,,,46,1.0,0.0,38.04,1015.4807329203657,running,0.0,61.84291076660156,0.12306810170412064
185,2,hard_narrow_gap_forward,-1.199931461718974,-0.3799978656384096,2.249633702837708e-06,random_local_offset,0.8,0.12,0.0,-1.05,1.25,-1.57,1017.0404353288301,True,False,False,0.46912016841819,0.47847801446914673,0.8089499366462674,0.34161823350906484,0.34161823350906484,0.4673317031372025,2,0,0.5043386220932007,3.5,False,0.0,,,44,1.0,0.0,39.0,1015.7453991375332,running,0.0,376.4044494628906,0.12323322892189026
186,2,hard_narrow_gap_forward,-1.3499312193517072,-0.4999982655234293,2.143350936067695e-06,random_local_offset,0.65,0.0,0.0,-0.15,1.25,-1.57,1014.0304545292954,True,False,False,0.31165799288001156,0.4847559332847595,0.6500000000000001,0.33925310168233835,0.33925310168233835,0.3107468983176618,0,0,0.6725825667381287,3.5,False,0.0,,,30,1.0,0.0,38.36,1015.6109166455869,running,0.0,1692.6783447265625,0.12241198122501373
187,2,hard_narrow_gap_forward,-1.4499357386584828,-0.4999983543481801,2.0716872138364036e-06,random_local_offset,0.55,0.0,0.0,0.55,1.75,-1.57,1009.8895305227187,True,False,False,0.2206723909168303,0.4734417796134949,0.5500000000000002,0.3406979815111002,0.3406979815111002,0.20930201848889995,1,0,0.7205929756164551,3.5,False,0.0,,,21,1.0,0.0,38.4,1015.5850420067978,running,-663.5619506835938,261.03900146484375,0.1235303059220314
188,2,hard_narrow_gap_forward,-1.1999302960167215,-0.6199981288663161,2.693767429122032e-06,random_local_offset,0.8,-0.12,0.0,-1.05,-1.25,1.57,1014.8082873388744,True,False,False,0.4914260187678071,0.4798731207847595,0.8089499366462675,0.34815752183402554,0.34815752183402554,0.4607924148122419,1,0,0.5450629591941833,3.5,False,0.0,,,47,1.0,0.0,38.48,1015.5050023545232,running,0.0,60.53771209716797,0.12287204712629318
189,2,hard_narrow_gap_forward,-1.3499312342928884,-0.4999982528417374,2.171772152197849e-06,random_local_offset,0.65,0.0,0.0,-1.05,-1.25,1.57,1013.1990305165823,True,False,False,0.30546428051905167,0.48405739665031433,0.65,0.3493501094397965,0.3493501094397965,0.3006498905602035,0,0,0.6748055815696716,3.5,False,0.0,,,31,1.0,0.0,38.44,1015.4710614683106,running,-691.5693969726562,37.730506896972656,0.12354502826929092
190,2,hard_narrow_gap_forward,-1.3499307853256588,-0.4999983886399151,2.5062142945627897e-06,random_local_offset,0.65,0.0,0.0,-0.15,-1.25,1.57,1013.5349425758733,True,False,False,0.30891706342381164,0.49041464924812317,0.65,0.34387094816259006,0.34387094816259006,0.30612905183740996,0,0,0.6630098223686218,3.5,False,0.0,,,30,1.0,0.0,37.84,1015.3272901011879,running,-682.8453979492188,24.793182373046875,0.12400639802217484
191,2,hard_narrow_gap_forward,-1.3499377289107908,-0.6199981952430181,2.164334649523512e-06,random_local_offset,0.65,-0.12,0.0,0.55,-1.75,1.57,1013.9507385623099,True,False,False,0.31867060955786014,0.4872504770755768,0.6609841147864299,0.34388258842157143,0.34388258842157143,0.3171015263648585,0,0,0.6923776268959045,3.5,False,0.0,,,31,1.0,0.0,37.32,1015.2046999737082,running,0.0,23.078845977783203,0.1253160983324051
192,2,hard_narrow_gap_forward,-1.349931474494525,-0.379998180815094,2.2804680084718727e-06,random_local_offset,0.65,0.12,0.0,-1.05,1.25,-1.57,1013.5223089061782,True,False,False,0.3259993927876718,0.4897221326828003,0.6609841147864295,0.34099464636055354,0.34099464636055354,0.31998946842587594,0,0,0.6402174234390259,3.5,False,0.0,,,31,1.0,0.0,37.36,1015.1934285811202,running,-688.6964111328125,27.102216720581055,0.12637095153331757
193,2,hard_narrow_gap_forward,-1.1999309372806628,-0.6199978519969788,2.2466790624292743e-06,random_local_offset,0.8,-0.12,0.0,-1.05,1.25,-1.57,1016.5371559164518,True,False,False,0.4632670586850749,0.48885804414749146,0.8089499366462675,0.34847952448349084,0.34847952448349084,0.4604704121627766,0,0,0.606119692325592,3.5,False,0.0,,,43,1.0,0.0,37.36,1015.1914391249816,running,0.0,60.00745391845703,0.1270180642604828
194,2,hard_narrow_gap_forward,-1.1999314877485816,-0.37999790888686213,2.1960659757641965e-06,random_local_offset,0.8,0.12,0.0,-0.15,1.25,-1.57,1016.581265770361,True,False,False,0.4770185321465634,0.4792284667491913,0.8089499366462675,0.34108339309206015,0.34108339309206015,0.4678665435542073,1,0,0.5285392999649048,3.5,False,0.0,,,44,1.0,0.0,37.36,1015.180746486847,running,0.0,13.976770401000977,0.12717317044734955
195,2,hard_narrow_gap_forward,-1.3499312518464088,-0.49999826919495377,2.1428240749022886e-06,random_local_offset,0.65,0.0,0.0,0.55,-1.75,1.57,1013.2338271348799,True,False,False,0.30221591448212176,0.48362353444099426,0.65,0.3492377154370963,0.3492377154370963,0.3007622845629037,0,0,0.6716462969779968,3.5,False,0.0,,,28,1.0,0.0,37.28,1015.156375549582,running,0.0,34.439422607421875,0.12705400586128235
196,2,hard_narrow_gap_forward,-1.1999314735456186,-0.3799979423560469,2.1425592260074396e-06,random_local_offset,0.8,0.12,0.0,-1.05,1.25,-1.57,1015.8653193274946,True,False,False,0.4663880740690898,0.4889574348926544,0.8089499366462672,0.34979527805957267,0.34979527805957267,0.4591546585866946,0,0,0.5375250577926636,3.5,False,0.0,,,44,1.0,0.0,37.88,1015.248754909985,running,0.0,25.16997528076172,0.12742605805397034
197,2,hard_narrow_gap_forward,-1.1999314805111456,-0.37999783088694594,2.2841074160378858e-06,random_local_offset,0.8,0.12,0.0,0.55,-1.75,1.57,1016.4870622390922,True,False,False,0.4751098662059958,0.4887584447860718,0.8089499366462675,0.34373622468634507,0.34373622468634507,0.4652137119599224,0,0,0.5350427031517029,3.5,False,0.0,,,46,1.0,0.0,38.48,1015.3569476063266,running,0.0,44.11561584472656,0.12840816378593445
198,2,hard_narrow_gap_forward,-1.1999314675044115,-0.37999789842344417,2.20833505920929e-06,random_local_offset,0.8,0.12,0.0,0.55,1.75,-1.57,1016.1586479308229,True,False,False,0.4734096453725862,0.4834825098514557,0.8089499366462675,0.34506493309168595,0.34506493309168595,0.4638850035545815,0,0,0.5387063026428223,3.5,False,0.0,,,45,1.0,0.0,38.52,1015.3244432933034,running,-727.9971923828125,15.406173706054688,0.12859870493412018
199,2,hard_narrow_gap_forward,-1.1999312213601185,-0.4999978779791093,2.2276820954016976e-06,random_local_offset,0.8,0.0,0.0,-1.05,-1.25,1.57,1017.0336067312688,True,False,False,0.46068784620512687,0.49017441272735596,0.8000000000000003,0.34135805097801064,0.34135805097801064,0.4586419490219896,0,0,0.5587664842605591,3.5,False,0.0,,,45,1.0,0.0,38.52,1015.3314216830548,running,0.0,34.17303466796875,0.1283225417137146
200,2,hard_narrow_gap_forward,-1.1999306709594113,-0.4999979454025623,2.321481520953154e-06,random_local_offset,0.8,0.0,0.0,0.55,1.75,-1.57,1017.0533498334446,True,False,False,0.4602312692779903,0.49556130170822144,0.7999999999999999,0.34217809700195795,0.34217809700195795,0.457821902998042,0,0,0.5676055550575256,3.5,False,0.0,,,43,1.0,0.0,38.44,1015.3431269251599,running,-700.940185546875,41.59416580200195,0.12755611538887024
201,2,hard_narrow_gap_forward,-1.199931516611049,-0.37999785928410357,2.2586653521214524e-06,random_local_offset,0.8,0.12,0.0,-0.15,-1.25,1.57,1016.7776823439297,True,False,False,0.4683028000112511,0.48518678545951843,0.8089499366462674,0.3447877912666189,0.3447877912666189,0.46416214537964845,0,0,0.531303346157074,3.5,False,0.0,,,44,1.0,0.0,38.4,1015.3431765202268,running,-713.6644287109375,29.659286499023438,0.12789995968341827
202,2,hard_narrow_gap_forward,-1.1999314878189,-0.3799979111587897,2.1852003263469887e-06,random_local_offset,0.8,0.12,0.0,-0.55,1.75,-1.57,1016.9135093577788,True,False,False,0.47414042834276593,0.4870895743370056,0.8089499366462675,0.34018250105691233,0.34018250105691233,0.46876743558935513,0,0,0.5188177824020386,3.5,False,0.0,,,45,1.0,0.0,38.48,1015.340089243806,running,0.0,34.24339294433594,0.12704098224639893
203,2,hard_narrow_gap_forward,-1.3499312846754452,-0.49999819000899753,2.175946724332226e-06,random_local_offset,0.65,0.0,0.0,0.55,-1.75,1.57,1013.7910593685798,True,False,False,0.3103234633752348,0.48531636595726013,0.6500000000000001,0.3410360820008357,0.3410360820008357,0.30896391799916445,0,0,0.6815849542617798,3.5,False,0.0,,,29,1.0,0.0,38.44,1015.3434795627285,running,-712.2762451171875,47.40509796142578,0.12724223732948303
204,2,hard_narrow_gap_forward,-1.349931191447346,-0.499998206937438,2.2421954318432547e-06,random_local_offset,0.65,0.0,0.0,0.55,-1.75,1.57,1013.2612470223137,True,False,False,0.3040403036808968,0.4879312515258789,0.65,0.3476222664994494,0.3476222664994494,0.30237773350055064,0,0,0.6443339586257935,3.5,False,0.0,,,29,1.0,0.0,37.84,1015.1899905871651,running,0.0,19.429325103759766,0.12690134346485138
205,2,hard_narrow_gap_forward,-1.1999309214476677,-0.6199978587714721,2.2553270260640944e-06,random_local_offset,0.8,-0.12,0.0,-0.55,-1.75,1.57,1017.3433904303213,True,False,False,0.4685921174472184,0.4846327602863312,0.8089499366462676,0.34179459690170183,0.34179459690170183,0.46715533974456575,0,0,0.5878546833992004,3.5,False,0.0,,,45,1.0,0.0,38.4,1015.3272129263268,running,-697.4918823242188,20.134559631347656,0.12666453421115875
206,2,hard_narrow_gap_forward,-1.34993147767033,-0.37999826246548296,2.1475512817145483e-06,random_local_offset,0.65,0.12,0.0,-1.05,1.25,-1.57,1013.4312537722313,True,False,False,0.31735508868842904,0.4938030540943146,0.6609841147864297,0.34724531741608855,0.34724531741608855,0.31373879737034116,0,0,0.6452643871307373,3.5,False,0.0,,,30,1.0,0.0,37.84,1015.1789355114063,running,-698.3106079101562,37.32977294921875,0.12693287432193756
207,2,hard_narrow_gap_forward,-1.1999312019335888,-0.4999978906302223,2.208721656344015e-06,random_local_offset,0.8,0.0,0.0,-0.15,-1.25,1.57,1016.514774873501,True,False,False,0.454343884691481,0.4888550043106079,0.7999999999999998,0.34828649486668556,0.34828649486668556,0.45171350513331426,0,0,0.5672286748886108,3.5,False,0.0,,,43,1.0,0.0,38.32,1015.2764567170364,running,0.0,25.515094757080078,0.12720204889774323
208,2,hard_narrow_gap_forward,-1.1999356471261455,-0.6199978806875976,2.2071708664244387e-06,random_local_offset,0.8,-0.12,0.0,-1.05,-1.25,1.57,1016.9997314333593,True,False,False,0.47059684702385224,0.4898729920387268,0.8089499366462674,0.34215078573164365,0.34215078573164365,0.4667991509146237,0,0,0.6053216457366943,3.5,False,0.0,,,43,1.0,0.0,38.28,1015.2635522221219,running,-709.2929077148438,34.776649475097656,0.12792734801769257
209,2,hard_narrow_gap_forward,-1.349930376554013,-0.4999982140494037,2.3211109506902885e-06,random_local_offset,0.65,0.0,0.0,0.55,-1.75,1.57,1013.7814481722497,True,False,False,0.30387215383557603,0.4892401099205017,0.65,0.34759684143645536,0.34759684143645536,0.30240315856354466,0,0,0.6698923110961914,3.5,False,0.0,,,30,1.0,0.0,37.64,1015.1096023975498,running,-711.94482421875,15.271446228027344,0.12735046446323395
210,2,hard_narrow_gap_forward,-1.1999301437055894,-0.4999979787527369,2.436283310581343e-06,random_local_offset,0.8,0.0,0.0,1.05,1.25,-1.57,1016.6290375540591,True,False,False,0.456866142428049,0.483991801738739,0.7999999999999999,0.346132549790868,0.346132549790868,0.45386745020913194,0,0,0.5733636021614075,3.5,False,0.0,,,44,1.0,0.0,37.64,1015.0931464865588,running,-662.0108032226562,25.28622817993164,0.12642301619052887
211,2,hard_narrow_gap_forward,-1.3499336269048732,-0.37999827829025745,2.3374610042192215e-06,random_local_offset,0.65,0.12,0.0,-1.05,-1.25,1.57,1013.6356413542921,True,False,False,0.31775548602277026,0.4836673140525818,0.6609841147864296,0.34790816193547897,0.34790816193547897,0.31307595285095063,0,0,0.6570996046066284,3.5,False,0.0,,,31,1.0,0.0,37.68,1015.0773539595586,running,0.0,18.4847469329834,0.1267767697572708
212,2,hard_narrow_gap_forward,-1.3499336220449245,-0.3799982393658232,2.3942373904623942e-06,random_local_offset,0.65,0.12,0.0,-0.55,-1.75,1.57,1013.5183970417406,True,False,False,0.31671527570322794,0.4901256859302521,0.6609841147864299,0.34694601661967506,0.34694601661967506,0.3140380981667549,0,0,0.6496858596801758,3.5,False,0.0,,,30,1.0,0.0,38.04,1015.2225086203196,running,0.0,19.062667846679688,0.12630049884319305
213,2,hard_narrow_gap_forward,-1.1999306972510038,-0.3799979678080701,2.5712417923253187e-06,random_local_offset,0.8,0.12,0.0,0.55,1.75,-1.57,1016.256690277484,True,False,False,0.4663822498568563,0.49224480986595154,0.8089499366462675,0.3480810889727653,0.3480810889727653,0.46086884767350217,0,0,0.5298357009887695,3.5,False,0.0,,,44,1.0,0.0,37.92,1015.2804447378641,running,0.0,30.531780242919922,0.12540201842784882
214,2,hard_narrow_gap_forward,-1.1999356605230371,-0.49999794673093395,2.1758499468654166e-06,random_local_offset,0.8,0.0,0.0,1.05,-1.25,1.57,1016.8956444905843,True,False,False,0.457034176341112,0.4946500062942505,0.7999999999999999,0.3448389340039062,0.3448389340039062,0.45516106599609374,0,0,0.5548133850097656,3.5,False,0.0,,,43,1.0,0.0,38.4,1015.4283092968242,running,-706.252685546875,13.820211410522461,0.12446153163909912
215,2,hard_narrow_gap_forward,-1.1999312215182156,-0.49999785994455653,2.2430543228783514e-06,random_local_offset,0.8,0.0,0.0,1.05,-1.25,1.57,1016.2091811636768,True,False,False,0.4548896526129809,0.49127885699272156,0.8000000000000002,0.3486560958626918,0.3486560958626918,0.45134390413730835,0,0,0.5781924724578857,3.5,False,0.0,,,44,1.0,0.0,38.96,1015.5352788403364,running,-710.61376953125,34.4202995300293,0.1225905492901802
216,2,hard_narrow_gap_forward,-1.3499301588670942,-0.6199982841493524,2.2817561773503172e-06,random_local_offset,0.65,-0.12,0.0,-1.05,-1.25,1.57,1013.8640989774109,True,False,False,0.3152037852001404,0.48674896359443665,0.6609841147864296,0.34730077337640364,0.34730077337640364,0.31368334141002596,0,0,0.6917212009429932,3.5,False,0.0,,,31,1.0,0.0,38.96,1015.5318132569404,running,0.0,39.564849853515625,0.12144234031438828
217,2,hard_narrow_gap_forward,-1.1999305034795746,-0.37999785328336105,2.284738946105709e-06,random_local_offset,0.8,0.12,0.0,1.05,1.25,-1.57,1016.8022556752242,True,False,False,0.4694890660516052,0.49382105469703674,0.8089499366462674,0.3442029845971144,0.3442029845971144,0.46474695204915295,0,0,0.536830484867096,3.5,False,0.0,,,43,1.0,0.0,39.44,1015.6630111277024,running,-706.9343872070312,39.044830322265625,0.12106186896562576
218,2,hard_narrow_gap_forward,-1.349930166953569,-0.6199982870135883,2.35286232564826e-06,random_local_offset,0.65,-0.12,0.0,0.55,-1.75,1.57,1014.1153585401258,True,False,False,0.32308334338513345,0.48658695816993713,0.6609841147864295,0.33949174264777604,0.33949174264777604,0.32149237213865345,0,0,0.6808996796607971,3.5,False,0.0,,,31,1.0,0.0,38.96,1015.5661392326493,running,0.0,74.1866455078125,0.12025759369134903
219,2,hard_narrow_gap_forward,-1.1999312199290468,-0.499997948656952,2.1407702228813396e-06,random_local_offset,0.8,0.0,0.0,-1.05,-1.25,1.57,1016.2903174605472,True,False,False,0.4564561769614913,0.4841291904449463,0.8,0.3490110580314319,0.3490110580314319,0.45098894196856815,0,0,0.5853763818740845,3.5,False,0.0,,,43,1.0,0.0,38.92,1015.5545013002568,running,-721.2861938476562,118.62796020507812,0.11936473101377487
220,2,hard_narrow_gap_forward,-1.1999309395574247,-0.619997881248372,2.219898803878947e-06,random_local_offset,0.8,-0.12,0.0,-1.05,-1.25,1.57,1017.07439961645,True,False,False,0.4669509579332096,0.4787396788597107,0.8089499366462675,0.3440046641792285,0.3440046641792285,0.464945272467039,1,0,0.5876474976539612,3.5,False,0.0,,,45,1.0,0.0,39.6,1015.7081241995197,running,0.0,22.277021408081055,0.11901159584522247
221,2,hard_narrow_gap_forward,-1.1999330698182737,-0.6199978846181907,2.3733850674249354e-06,random_local_offset,0.8,-0.12,0.0,0.55,1.75,-1.57,1016.5769444956637,True,False,False,0.46313327161255585,0.46803635358810425,0.8089499366462676,0.3481885975628812,0.3481885975628812,0.4607613390833864,1,0,0.5861968994140625,3.5,False,0.0,,,44,1.0,0.0,39.6,1015.7365892062461,running,0.0,27.786766052246094,0.11765454709529877
222,2,hard_narrow_gap_forward,-1.3499312540336221,-0.4999982460521315,2.1922214114610746e-06,random_local_offset,0.65,0.0,0.0,-0.15,-1.25,1.57,1013.6502263233399,True,False,False,0.3080100211847538,0.48677879571914673,0.6499999999999999,0.34392103057956286,0.34392103057956286,0.30607896942043705,0,0,0.6761494278907776,3.5,False,0.0,,,29,1.0,0.0,38.92,1015.6231157696162,running,-686.1498413085938,21.521839141845703,0.11713744699954987
223,2,hard_narrow_gap_forward,-1.3499371785513876,-0.4999982512486424,2.1896168916073884e-06,random_local_offset,0.65,0.0,0.0,1.05,1.25,-1.57,1013.8980195197458,True,False,False,0.3082414874489887,0.49416491389274597,0.65,0.3427992930976083,0.3427992930976083,0.3072007069023917,0,0,0.6829090118408203,3.5,False,0.0,,,30,1.0,0.0,38.32,1015.5326906331732,running,-724.0232543945312,20.96285057067871,0.11672033369541168
224,2,hard_narrow_gap_forward,-1.3499309706633615,-0.6199982394510049,2.17758701331544e-06,random_local_offset,0.65,-0.12,0.0,-0.15,1.25,-1.57,1014.3153355125121,True,False,False,0.3215275603902319,0.4912019670009613,0.6609841147864296,0.34040522436867265,0.34040522436867265,0.32057889041775695,0,0,0.6887418031692505,3.5,False,0.0,,,31,1.0,0.0,37.76,1015.4239597844227,running,0.0,34.53715133666992,0.11650911718606949
225,2,hard_narrow_gap_forward,-1.1999312201493018,-0.4999978900518917,2.2094837707234178e-06,random_local_offset,0.8,0.0,0.0,1.05,1.25,-1.57,1016.0941979395,True,False,False,0.45538480210056187,0.489421546459198,0.8000000000000002,0.34983463607429166,0.34983463607429166,0.4501653639257085,0,0,0.5574926733970642,3.5,False,0.0,,,43,1.0,0.0,37.76,1015.3855937086647,running,-691.8973388671875,36.747371673583984,0.11652345210313797
226,2,hard_narrow_gap_forward,-1.3499309501514953,-0.6199982576830991,2.1596860563043246e-06,random_local_offset,0.65,-0.12,0.0,-1.05,1.25,-1.57,1013.8629550250879,True,False,False,0.3160068785490609,0.49339738488197327,0.6609841147864297,0.3460806716885058,0.3460806716885058,0.3149034430979239,0,0,0.7035143971443176,3.5,False,0.0,,,31,1.0,0.0,37.24,1015.2690046159111,running,0.0,72.17078399658203,0.11697565764188766
227,2,hard_narrow_gap_forward,-1.3499312329788609,-0.4999982472733693,2.178655113635848e-06,random_local_offset,0.65,0.0,0.0,0.55,1.75,-1.57,1013.9940341898205,True,False,False,0.31160472993206706,0.4908311665058136,0.65,0.34001526874566207,0.34001526874566207,0.30998473125433795,0,0,0.6703103184700012,3.5,False,0.0,,,30,1.0,0.0,36.64,1015.1522256091928,running,0.0,89.50215911865234,0.11662687361240387
228,2,hard_narrow_gap_forward,-1.4499312117602194,-0.49999844440191904,2.1889697672581166e-06,random_local_offset,0.55,0.0,0.0,1.05,-1.25,1.57,1010.9855146568192,True,False,False,0.2081744770489344,0.4889703094959259,0.5500000000000002,0.34274320161819194,0.34274320161819194,0.20725679838180822,0,0,0.743317723274231,3.5,False,0.0,,,21,1.0,0.0,36.32,1015.0400038207225,running,-696.98291015625,42.140838623046875,0.11626063287258148
229,2,hard_narrow_gap_forward,-1.349930919805269,-0.6199981949414858,2.2548008283664455e-06,random_local_offset,0.65,-0.12,0.0,1.05,-1.25,1.57,1013.8580214947764,True,False,False,0.31792572705644134,0.4869033396244049,0.6609841147864296,0.3446869358115793,0.3446869358115793,0.3162971789748503,0,0,0.7093597054481506,3.5,False,0.0,,,30,1.0,0.0,36.36,1015.0638747996209,running,-706.330078125,23.07472801208496,0.11612284183502197
230,2,hard_narrow_gap_forward,-1.3499314702798875,-0.37999822400214106,2.2032201591858288e-06,random_local_offset,0.65,0.12,0.0,-0.55,1.75,-1.57,1013.5634311696766,True,False,False,0.3195226950008147,0.48658132553100586,0.6609841147864297,0.34418012612141996,0.34418012612141996,0.31680398866500975,0,0,0.6336183547973633,3.5,False,0.0,,,30,1.0,0.0,35.76,1014.9126764291951,running,-718.046630859375,11.98714828491211,0.11592021584510803
231,2,hard_narrow_gap_forward,-1.3499336058434297,-0.3799982584517109,2.356872963893634e-06,random_local_offset,0.65,0.12,0.0,-0.15,1.25,-1.57,1013.8217067820141,True,False,False,0.32477387102070476,0.48704245686531067,0.6609841147864297,0.34240226211245184,0.34240226211245184,0.31858185267397787,0,0,0.6402284502983093,3.5,False,0.0,,,32,1.0,0.0,35.84,1014.9282945495864,running,-705.281005859375,27.873580932617188,0.11585567146539688
232,2,hard_narrow_gap_forward,-1.3499314665628477,-0.37999822189172694,2.2054067865481116e-06,random_local_offset,0.65,0.12,0.0,0.55,-1.75,1.57,1013.4568413062625,True,False,False,0.31694312937914143,0.49164336919784546,0.6609841147864295,0.347371207993546,0.347371207993546,0.3136129067928835,0,0,0.6501795649528503,3.5,False,0.0,,,30,1.0,0.0,35.32,1014.805977206897,running,-717.3425903320312,23.416519165039062,0.11610174179077148
233,2,hard_narrow_gap_forward,-1.1999309740918036,-0.6199979244092946,2.177351730333603e-06,random_local_offset,0.8,-0.12,0.0,-0.55,-1.75,1.57,1016.8875756560793,True,False,False,0.46097753256098933,0.4941931962966919,0.8089499366462672,0.34942191104367903,0.34942191104367903,0.4595280256025882,0,0,0.5939571261405945,3.5,False,0.0,,,44,1.0,0.0,35.36,1014.8014909758059,running,-691.1567993164062,55.60047912597656,0.11652681231498718
234,2,hard_narrow_gap_forward,-1.3499314667553377,-0.3799982405392415,2.187930465241219e-06,random_local_offset,0.65,0.12,0.0,-1.05,1.25,-1.57,1014.0116820432999,True,False,False,0.3251653575857041,0.4848645031452179,0.6609841147864298,0.34035885552243855,0.34035885552243855,0.32062525926399127,0,0,0.6035876274108887,3.5,False,0.0,,,32,1.0,0.0,35.44,1014.8107003306478,running,-706.8142700195312,26.729219436645508,0.11615224182605743
235,2,hard_narrow_gap_forward,-1.3499300250800335,-0.6199984056346631,2.6224717419847323e-06,random_local_offset,0.65,-0.12,0.0,-0.15,1.25,-1.57,1014.2045502970692,True,False,False,0.32410032391775334,0.49057537317276,0.6609841147864297,0.33805788384764013,0.33805788384764013,0.3229262309387896,0,0,0.6817941665649414,3.5,False,0.0,,,31,1.0,0.0,34.92,1014.7137208403682,running,0.0,24.003408432006836,0.11646229028701782
236,2,hard_narrow_gap_forward,-1.199930670545048,-0.4999981991817189,2.8247688125685793e-06,random_local_offset,0.8,0.0,0.0,-0.15,-1.25,1.57,1016.6855977972397,True,False,False,0.45428629486638017,0.49303820729255676,0.8000000000000002,0.3483532781302185,0.3483532781302185,0.45164672186978166,0,0,0.5629045963287354,3.5,False,0.0,,,44,1.0,0.0,35.44,1014.8357190980861,running,0.0,39.61298370361328,0.11669957637786865
237,2,hard_narrow_gap_forward,-1.4499299995063057,-0.49999852209657514,2.35291378953845e-06,random_local_offset,0.55,0.0,0.0,-0.55,-1.75,1.57,1010.9612162441991,True,False,False,0.20405862104785155,0.48952722549438477,0.5500000000000002,0.3464489985794673,0.3464489985794673,0.20355100142053284,0,0,0.7589515447616577,3.5,False,0.0,,,21,1.0,0.0,35.08,1014.7334318661846,running,-703.0792846679688,27.920917510986328,0.11686861515045166
238,2,hard_narrow_gap_forward,-1.1999312034896472,-0.4999978225183531,2.2869740162923996e-06,random_local_offset,0.8,0.0,0.0,-1.05,-1.25,1.57,1016.6877950294323,True,False,False,0.4553962261573606,0.4863443076610565,0.8,0.34646885007864076,0.34646885007864076,0.4535311499213593,0,0,0.5505713820457458,3.5,False,0.0,,,43,1.0,0.0,35.04,1014.7506760562625,running,0.0,34.72713088989258,0.11733464151620865
239,2,hard_narrow_gap_forward,-1.1999312484968225,-0.4999979435337905,2.158594026201041e-06,random_local_offset,0.8,0.0,0.0,-1.05,-1.25,1.57,1017.1919664590193,True,False,False,0.45897540195939435,0.4816434681415558,0.8,0.34276143829892314,0.34276143829892314,0.4572385617010769,0,0,0.566331684589386,3.5,False,0.0,,,44,1.0,0.0,35.08,1014.7625289349998,running,0.0,40.073486328125,0.11740454286336899
240,2,hard_narrow_gap_forward,-1.1999312261316528,-0.49999787667232426,2.2236179041859516e-06,random_local_offset,0.8,0.0,0.0,-0.55,1.75,-1.57,1016.4647040829094,True,False,False,0.45430039089815244,0.4863620102405548,0.8,0.34795647477402375,0.34795647477402375,0.4520435252259763,0,0,0.5673604607582092,3.5,False,0.0,,,42,1.0,0.0,35.0,1014.7727498517689,running,0.0,22.19672203063965,0.11699136346578598
241,2,hard_narrow_gap_forward,-1.349930973109222,-0.6199982540054557,2.166577998447092e-06,random_local_offset,0.65,-0.12,0.0,0.55,1.75,-1.57,1014.2033854004342,True,False,False,0.31886131422614505,0.4860076606273651,0.6609841147864297,0.3435324069309385,0.3435324069309385,0.3174517078554912,0,0,0.7106457948684692,3.5,False,0.0,,,31,1.0,0.0,35.0,1014.7863213086898,running,-719.0242309570312,30.758548736572266,0.11680813878774643
242,2,hard_narrow_gap_forward,-1.199930973492264,-0.6199979051168915,2.1835481586045883e-06,random_local_offset,0.8,-0.12,0.0,-0.15,1.25,-1.57,1017.1786395723664,True,False,False,0.4645187376835438,0.4884949028491974,0.8089499366462675,0.34574950062797677,0.34574950062797677,0.4632004360182907,0,0,0.5938523411750793,3.5,False,0.0,,,45,1.0,0.0,35.08,1014.8013766645754,running,0.0,19.898761749267578,0.11676325649023056
243,2,hard_narrow_gap_forward,-1.3499390388125847,-0.4999981791389716,2.177637332865739e-06,random_local_offset,0.65,0.0,0.0,-0.15,-1.25,1.57,1013.7226072468004,True,False,False,0.308429498133267,0.48000022768974304,0.6499999999999999,0.3434368867825761,0.3434368867825761,0.3065631132174238,0,0,0.6810303926467896,3.5,False,0.0,,,29,1.0,0.0,35.0,1014.7856666128424,running,-692.1004028320312,53.78307342529297,0.11603035032749176
244,2,hard_narrow_gap_forward,-1.1999298017638307,-0.3799978480264557,2.3588328212459594e-06,random_local_offset,0.8,0.12,0.0,-0.15,-1.25,1.57,1016.7401070109016,True,False,False,0.46630437820011317,0.49359917640686035,0.8089499366462675,0.3455741391671358,0.3455741391671358,0.46337579747913166,0,0,0.5236883759498596,3.5,False,0.0,,,43,1.0,0.0,35.0,1014.8036581948566,running,0.0,43.50151443481445,0.11581027507781982
245,2,hard_narrow_gap_forward,-1.1999309266054419,-0.6199978310585371,2.2880547912720528e-06,random_local_offset,0.8,-0.12,0.0,0.55,1.75,-1.57,1017.0308909608331,True,False,False,0.47104520097514,0.48643597960472107,0.8089499366462675,0.33973599225645373,0.33973599225645373,0.46921394438981373,0,0,0.6001136898994446,3.5,False,0.0,,,44,1.0,0.0,34.96,1014.8019178486319,running,0.0,14.083415985107422,0.11488552391529083
246,2,hard_narrow_gap_forward,-1.1999305015845747,-0.3799979252312876,2.2926630784086195e-06,random_local_offset,0.8,0.12,0.0,-0.15,1.25,-1.57,1017.1714021863595,True,False,False,0.46748622468343504,0.4773857593536377,0.8089499366462675,0.3437040017112478,0.3437040017112478,0.46524593493501964,1,0,0.5055460333824158,3.5,False,0.0,,,45,1.0,0.0,35.0,1014.8256961562595,running,-677.1189575195312,46.70227813720703,0.11403029412031174
247,2,hard_narrow_gap_forward,-1.3499309231568213,-0.6199981820909983,2.260664762865095e-06,random_local_offset,0.65,-0.12,0.0,1.05,1.25,-1.57,1013.722255844775,True,False,False,0.31535669593406696,0.48157668113708496,0.6609841147864298,0.3469211320247658,0.3469211320247658,0.314062982761664,0,0,0.6876312494277954,3.5,False,0.0,,,31,1.0,0.0,35.08,1014.828577337117,running,0.0,44.13560485839844,0.11415419727563858
248,2,hard_narrow_gap_forward,-1.349930939499067,-0.6199982045391987,2.2479266641781927e-06,random_local_offset,0.65,-0.12,0.0,-0.55,-1.75,1.57,1013.9513259782974,True,False,False,0.3177676060183483,0.48314017057418823,0.6609841147864297,0.34515512913535823,0.34515512913535823,0.3158289856510715,0,0,0.670100748538971,3.5,False,0.0,,,31,1.0,0.0,35.12,1014.8307095954592,running,-705.0421752929688,63.19584655761719,0.11411798000335693
249,2,hard_narrow_gap_forward,-1.1999309456122518,-0.6199978849304161,2.213060990419629e-06,random_local_offset,0.8,-0.12,0.0,-0.55,-1.75,1.57,1017.2861907315685,True,False,False,0.4612666724605478,0.4926278591156006,0.8089499366462674,0.3490765603195418,0.3490765603195418,0.45987337632672554,0,0,0.5881069302558899,3.5,False,0.0,,,46,1.0,0.0,35.72,1014.9495438042214,running,-710.5228881835938,10.979818344116211,0.11272446066141129
250,2,hard_narrow_gap_forward,-1.1999312016891377,-0.4999978339610095,2.280181189270151e-06,random_local_offset,0.8,0.0,0.0,-0.15,-1.25,1.57,1016.7109876800706,True,False,False,0.4558867849971766,0.4941231906414032,0.8,0.34664508777333297,0.34664508777333297,0.4533549122266671,0,0,0.5723836421966553,3.5,False,0.0,,,44,1.0,0.0,35.76,1014.9742153938444,running,-744.08642578125,262.03179931640625,0.11319112032651901
251,2,hard_narrow_gap_forward,-1.199930995232573,-0.6199979540493062,2.140977716529925e-06,random_local_offset,0.8,-0.12,0.0,-0.15,1.25,-1.57,1017.1265129777393,True,False,False,0.46822816618139906,0.48539337515830994,0.8089499366462676,0.34322080672772287,0.34322080672772287,0.4657291299185447,0,0,0.5880564451217651,3.5,False,0.0,,,44,1.0,0.0,36.28,1015.1047577119505,running,-708.4902954101562,24.93882942199707,0.11355169862508774
252,2,hard_narrow_gap_forward,-1.4499356192054877,-0.4999983992281067,2.1575230125553077e-06,random_local_offset,0.55,0.0,0.0,-1.05,1.25,-1.57,1010.9267447785403,True,False,False,0.21035884089048543,0.49170204997062683,0.55,0.34028133767041424,0.34028133767041424,0.2097186623295858,0,0,0.7377359867095947,3.5,False,0.0,,,20,1.0,0.0,35.88,1014.9820661354992,running,-696.6296997070312,22.001840591430664,0.11327238380908966
253,2,hard_narrow_gap_forward,-1.3499296179281774,-0.6199982675172305,2.41587828610774e-06,random_local_offset,0.65,-0.12,0.0,-0.15,-1.25,1.57,1014.1064665631174,True,False,False,0.31943657238735784,0.4816098213195801,0.6609841147864297,0.34250333643708814,0.34250333643708814,0.3184807783493416,0,0,0.6853804588317871,3.5,False,0.0,,,30,1.0,0.0,36.24,1015.106904211751,running,-722.7189331054688,89.86073303222656,0.11365660279989243
254,2,hard_narrow_gap_forward,-1.199931486272625,-0.37999789648964954,2.1993720509967084e-06,random_local_offset,0.8,0.12,0.0,-0.55,-1.75,1.57,1016.3767657462993,True,False,False,0.4748134559240892,0.4897902309894562,0.8089499366462674,0.3442368915121322,0.3442368915121322,0.46471304513413514,0,0,0.5327419638633728,3.5,False,0.0,,,45,1.0,0.0,36.84,1015.2076539818122,running,0.0,27.086763381958008,0.11486843228340149
255,2,hard_narrow_gap_forward,-1.1999314783973205,-0.3799979404377617,2.1558540385140316e-06,random_local_offset,0.8,0.12,0.0,-0.15,1.25,-1.57,1016.0193434258855,True,False,False,0.4783897807090277,0.4840817451477051,0.8089499366462676,0.34283495064939695,0.34283495064939695,0.4661149859968706,0,0,0.5432409644126892,3.5,False,0.0,,,45,1.0,0.0,37.44,1015.3058904720605,running,-694.1919555664062,1054.9984130859375,0.11586832255125046
256,2,hard_narrow_gap_forward,-1.4499297941654463,-0.49999852795452016,2.3819389116574706e-06,random_local_offset,0.55,0.0,0.0,1.05,1.25,-1.57,1010.682785560632,True,False,False,0.2079697012217508,0.4858487546443939,0.5499999999999999,0.34306670759455765,0.34306670759455765,0.20693329240544228,0,0,0.7532368302345276,3.5,False,0.0,,,20,1.0,0.0,36.96,1015.1803336232052,running,-717.3011474609375,289.599853515625,0.11636167764663696
257,2,hard_narrow_gap_forward,-1.3499333548155832,-0.49999824515851526,2.37871749106147e-06,random_local_offset,0.65,0.0,0.0,0.55,-1.75,1.57,1013.7631917796832,True,False,False,0.30931861792833365,0.4885941743850708,0.6500000000000001,0.34296365014583324,0.34296365014583324,0.3070363498541669,0,0,0.6521266102790833,3.5,False,0.0,,,30,1.0,0.0,36.96,1015.192587642142,running,-673.408935546875,49.54951858520508,0.11643844097852707
258,2,hard_narrow_gap_forward,-1.4499312460062685,-0.499998476890497,2.156052452099628e-06,random_local_offset,0.55,0.0,0.0,1.05,-1.25,1.57,1010.2115574159992,True,False,False,0.20477253374045087,0.4840635061264038,0.55,0.3479568605426829,0.3479568605426829,0.20204313945731717,0,0,0.7495567798614502,3.5,False,0.0,,,20,1.0,0.0,36.0,1014.9255469125387,running,-692.1683349609375,33.51060485839844,0.1160384863615036
259,2,hard_narrow_gap_forward,-1.3499333069831805,-0.3799982253690014,2.1943036448035217e-06,random_local_offset,0.65,0.12,0.0,-0.55,-1.75,1.57,1013.3853318136993,True,False,False,0.31823688109711945,0.4798405170440674,0.6609841147864297,0.349254075719688,0.349254075719688,0.31173003906674174,1,0,0.6406158804893494,3.5,False,0.0,,,32,1.0,0.0,36.0,1014.9004929033549,failed,-725.1905517578125,38.588592529296875,0.1155598908662796
